metro_nonmetro,year,county_name,state_abbr,geoId,value
Metropolitan,2013,"Fairfield County",CT,us-ct-001,0.11000052834067
Metropolitan,2013,"Hartford County",CT,us-ct-003,0.11899949675169
Metropolitan,2013,"Middlesex County",CT,us-ct-007,0.06200369109903
Metropolitan,2013,"New Haven County",CT,us-ct-009,0.11700061668035
Metropolitan,2013,"New London County",CT,us-ct-011,0.09600254986852
Metropolitan,2013,"Tolland County",CT,us-ct-013,0.07000197540106
Metropolitan,2013,"Windham County",CT,us-ct-015,0.13199618674895
Metropolitan,2013,"Anchorage Municipality",AK,us-ak-020,0.0750009414119
Metropolitan,2013,"Fairbanks North Star Borough",AK,us-ak-090,0.0690005834792
Metropolitan,2013,"Matanuska-Susitna Borough",AK,us-ak-170,0.07599164926931
Metropolitan,2013,"Autauga County",AL,us-al-001,0.14399372478709
Metropolitan,2013,"Baldwin County",AL,us-al-003,0.11000053820072
Metropolitan,2013,"Bibb County",AL,us-al-007,0.22503259452412
Metropolitan,2013,"Blount County",AL,us-al-009,0.23001081192401
Metropolitan,2013,"Calhoun County",AL,us-al-015,0.21400471067541
Metropolitan,2013,"Chilton County",AL,us-al-021,0.2410074397652
Metropolitan,2013,"Colbert County",AL,us-al-033,0.16599371915657
Metropolitan,2013,"Elmore County",AL,us-al-051,0.13499841332064
Metropolitan,2013,"Etowah County",AL,us-al-055,0.18200260223568
Metropolitan,2013,"Geneva County",AL,us-al-061,0.22802066137707
Metropolitan,2013,"Hale County",AL,us-al-065,0.22703011818528
Metropolitan,2013,"Henry County",AL,us-al-067,0.19799375102779
Metropolitan,2013,"Houston County",AL,us-al-069,0.16100700030436
Metropolitan,2013,"Jefferson County",AL,us-al-073,0.12599889464719
Metropolitan,2013,"Lauderdale County",AL,us-al-077,0.16200315683742
Metropolitan,2013,"Lawrence County",AL,us-al-079,0.22897978454011
Metropolitan,2013,"Lee County",AL,us-al-081,0.13299987947451
Metropolitan,2013,"Limestone County",AL,us-al-083,0.18400178559165
Metropolitan,2013,"Lowndes County",AL,us-al-085,0.26098156182213
Metropolitan,2013,"Madison County",AL,us-al-089,0.09900042535091
Metropolitan,2013,"Mobile County",AL,us-al-097,0.16100156355364
Metropolitan,2013,"Montgomery County",AL,us-al-101,0.14399983620095
Metropolitan,2013,"Morgan County",AL,us-al-103,0.18500424547457
Metropolitan,2013,"Pickens County",AL,us-al-107,0.20298664265346
Metropolitan,2013,"Russell County",AL,us-al-113,0.19701086956522
Metropolitan,2013,"Shelby County",AL,us-al-117,0.08800138572999
Metropolitan,2013,"St. Clair County",AL,us-al-115,0.18099609981707
Metropolitan,2013,"Tuscaloosa County",AL,us-al-125,0.13399774736339
Metropolitan,2013,"Walker County",AL,us-al-127,0.23601057604785
Metropolitan,2013,"Benton County",AR,us-ar-007,0.14099707227437
Metropolitan,2013,"Cleveland County",AR,us-ar-025,0.15201217450118
Metropolitan,2013,"Craighead County",AR,us-ar-031,0.15100448415975
Metropolitan,2013,"Crawford County",AR,us-ar-033,0.17800917929231
Metropolitan,2013,"Crittenden County",AR,us-ar-035,0.20901038679666
Metropolitan,2013,"Faulkner County",AR,us-ar-045,0.10600123440842
Metropolitan,2013,"Garland County",AR,us-ar-051,0.13199860318938
Metropolitan,2013,"Grant County",AR,us-ar-053,0.15098522167488
Metropolitan,2013,"Jefferson County",AR,us-ar-069,0.17000181002755
Metropolitan,2013,"Lincoln County",AR,us-ar-079,0.26498231430015
Metropolitan,2013,"Little River County",AR,us-ar-081,0.16595837419636
Metropolitan,2013,"Lonoke County",AR,us-ar-085,0.13400466493227
Metropolitan,2013,"Madison County",AR,us-ar-087,0.23401654757428
Metropolitan,2013,"Miller County",AR,us-ar-091,0.1489985175992
Metropolitan,2013,"Perry County",AR,us-ar-105,0.15396362626683
Metropolitan,2013,"Poinsett County",AR,us-ar-111,0.26702748722938
Metropolitan,2013,"Pulaski County",AR,us-ar-119,0.10800130304276
Metropolitan,2013,"Saline County",AR,us-ar-125,0.10800489661229
Metropolitan,2013,"Sebastian County",AR,us-ar-131,0.17800565941906
Metropolitan,2013,"Washington County",AR,us-ar-143,0.17500020132553
Metropolitan,2013,"Cochise County",AZ,us-az-003,0.14200173008437
Metropolitan,2013,"Coconino County",AZ,us-az-005,0.12400188479808
Metropolitan,2013,"Maricopa County",AZ,us-az-013,0.13599997117466
Metropolitan,2013,"Mohave County",AZ,us-az-015,0.16199917052508
Metropolitan,2013,"Pima County",AZ,us-az-019,0.12799950802534
Metropolitan,2013,"Pinal County",AZ,us-az-021,0.15299856069087
Metropolitan,2013,"Yavapai County",AZ,us-az-025,0.09900061471384
Metropolitan,2013,"Yuma County",AZ,us-az-027,0.28099901976128
Metropolitan,2013,"Alameda County",CA,us-ca-001,0.136000176202
Metropolitan,2013,"Butte County",CA,us-ca-007,0.12300294600872
Metropolitan,2013,"Contra Costa County",CA,us-ca-013,0.11199953048232
Metropolitan,2013,"El Dorado County",CA,us-ca-017,0.06800107088301
Metropolitan,2013,"Fresno County",CA,us-ca-019,0.26899936239811
Metropolitan,2013,"Imperial County",CA,us-ca-025,0.35499689337093
Metropolitan,2013,"Kern County",CA,us-ca-029,0.27499954882605
Metropolitan,2013,"Kings County",CA,us-ca-031,0.28999967429186
Metropolitan,2013,"Los Angeles County",CA,us-ca-037,0.23400005451641
Metropolitan,2013,"Madera County",CA,us-ca-039,0.31599577868235
Metropolitan,2013,"Marin County",CA,us-ca-041,0.07599890926006
Metropolitan,2013,"Merced County",CA,us-ca-047,0.33299910571529
Metropolitan,2013,"Monterey County",CA,us-ca-053,0.28999885570431
Metropolitan,2013,"Napa County",CA,us-ca-055,0.16800102205945
Metropolitan,2013,"Orange County",CA,us-ca-059,0.162000051772
Metropolitan,2013,"Placer County",CA,us-ca-061,0.0640007578441
Metropolitan,2013,"Riverside County",CA,us-ca-065,0.20400022383347
Metropolitan,2013,"Sacramento County",CA,us-ca-067,0.14200011398376
Metropolitan,2013,"San Benito County",CA,us-ca-069,0.23101365471045
Metropolitan,2013,"San Bernardino County",CA,us-ca-071,0.21699967178972
Metropolitan,2013,"San Diego County",CA,us-ca-073,0.14599980747514
Metropolitan,2013,"San Francisco County",CA,us-ca-075,0.13699951684815
Metropolitan,2013,"San Joaquin County",CA,us-ca-077,0.22699904204769
Metropolitan,2013,"San Luis Obispo County",CA,us-ca-079,0.10400035578484
Metropolitan,2013,"San Mateo County",CA,us-ca-081,0.11499909408114
Metropolitan,2013,"Santa Barbara County",CA,us-ca-083,0.20900186035916
Metropolitan,2013,"Santa Clara County",CA,us-ca-085,0.13500026634869
Metropolitan,2013,"Santa Cruz County",CA,us-ca-087,0.15099790223722
Metropolitan,2013,"Shasta County",CA,us-ca-089,0.11699595722483
Metropolitan,2013,"Solano County",CA,us-ca-095,0.12899843255638
Metropolitan,2013,"Sonoma County",CA,us-ca-097,0.13300010704473
Metropolitan,2013,"Stanislaus County",CA,us-ca-099,0.23600156115248
Metropolitan,2013,"Sutter County",CA,us-ca-101,0.21800471958628
Metropolitan,2013,"Tulare County",CA,us-ca-107,0.32000172950536
Metropolitan,2013,"Ventura County",CA,us-ca-111,0.1720009163052
Metropolitan,2013,"Yolo County",CA,us-ca-113,0.15799945581933
Metropolitan,2013,"Yuba County",CA,us-ca-115,0.21000067939398
Metropolitan,2013,"Adams County",CO,us-co-001,0.18600136046709
Metropolitan,2013,"Arapahoe County",CO,us-co-005,0.08600127007729
Metropolitan,2013,"Boulder County",CO,us-co-013,0.06100147810077
Metropolitan,2013,"Broomfield County",CO,us-co-014,0.05099989419109
Metropolitan,2013,"Clear Creek County",CO,us-co-019,0.03402727925341
Metropolitan,2013,"Denver County",CO,us-co-031,0.14599946230903
Metropolitan,2013,"Douglas County",CO,us-co-035,0.025002259881
Metropolitan,2013,"El Paso County",CO,us-co-041,0.06299899513566
Metropolitan,2013,"Elbert County",CO,us-co-039,0.03401275478304
Metropolitan,2013,"Gilpin County",CO,us-co-047,0.0558905380334
Metropolitan,2013,"Jefferson County",CO,us-co-059,0.06300085975396
Metropolitan,2013,"Larimer County",CO,us-co-069,0.05599777062802
Metropolitan,2013,"Mesa County",CO,us-co-077,0.10299709237307
Metropolitan,2013,"Park County",CO,us-co-093,0.04501295336788
Metropolitan,2013,"Pueblo County",CO,us-co-101,0.13000037632183
Metropolitan,2013,"Teller County",CO,us-co-119,0.06398199965384
Metropolitan,2013,"Weld County",CO,us-co-123,0.14399984990244
Metropolitan,2013,"District Of Columbia",DC,us-dc-001,0.11600090168182
Metropolitan,2013,"Kent County",DE,us-de-001,0.14799718243719
Metropolitan,2013,"New Castle County",DE,us-de-003,0.10700040304087
Metropolitan,2013,"Sussex County",DE,us-de-005,0.14399813043
Metropolitan,2013,"Alachua County",FL,us-fl-001,0.08800092389421
Metropolitan,2013,"Baker County",FL,us-fl-003,0.19797448074612
Metropolitan,2013,"Bay County",FL,us-fl-005,0.13000178749266
Metropolitan,2013,"Brevard County",FL,us-fl-009,0.0990004339358
Metropolitan,2013,"Broward County",FL,us-fl-011,0.12199988045563
Metropolitan,2013,"Charlotte County",FL,us-fl-015,0.11200247075628
Metropolitan,2013,"Citrus County",FL,us-fl-017,0.14000327046768
Metropolitan,2013,"Clay County",FL,us-fl-019,0.09800233903341
Metropolitan,2013,"Collier County",FL,us-fl-021,0.14200137605419
Metropolitan,2013,"Duval County",FL,us-fl-031,0.12100042809401
Metropolitan,2013,"Escambia County",FL,us-fl-033,0.12100141193617
Metropolitan,2013,"Flagler County",FL,us-fl-035,0.09799406264739
Metropolitan,2013,"Gadsden County",FL,us-fl-039,0.22798948751643
Metropolitan,2013,"Gilchrist County",FL,us-fl-041,0.20303806411728
Metropolitan,2013,"Gulf County",FL,us-fl-045,0.20499916121456
Metropolitan,2013,"Hernando County",FL,us-fl-053,0.13499772823413
Metropolitan,2013,"Highlands County",FL,us-fl-055,0.18999580792168
Metropolitan,2013,"Hillsborough County",FL,us-fl-057,0.1319996685055
Metropolitan,2013,"Indian River County",FL,us-fl-061,0.13000019185388
Metropolitan,2013,"Jefferson County",FL,us-fl-065,0.18796922791732
Metropolitan,2013,"Lake County",FL,us-fl-069,0.13599835342008
Metropolitan,2013,"Lee County",FL,us-fl-071,0.13100060831187
Metropolitan,2013,"Leon County",FL,us-fl-073,0.08200163230722
Metropolitan,2013,"Manatee County",FL,us-fl-081,0.12500104372803
Metropolitan,2013,"Marion County",FL,us-fl-083,0.14999959255849
Metropolitan,2013,"Martin County",FL,us-fl-085,0.11199665548865
Metropolitan,2013,"Miami-Dade County",FL,us-fl-086,0.21100013697379
Metropolitan,2013,"Nassau County",FL,us-fl-089,0.10600888651576
Metropolitan,2013,"Okaloosa County",FL,us-fl-091,0.09199734868752
Metropolitan,2013,"Orange County",FL,us-fl-095,0.12800047618733
Metropolitan,2013,"Osceola County",FL,us-fl-097,0.1620001779122
Metropolitan,2013,"Palm Beach County",FL,us-fl-099,0.1249996097827
Metropolitan,2013,"Pasco County",FL,us-fl-101,0.12799947738347
Metropolitan,2013,"Pinellas County",FL,us-fl-103,0.1110002952944
Metropolitan,2013,"Polk County",FL,us-fl-105,0.17600025130121
Metropolitan,2013,"Santa Rosa County",FL,us-fl-113,0.10600372573309
Metropolitan,2013,"Sarasota County",FL,us-fl-115,0.08099853274377
Metropolitan,2013,"Seminole County",FL,us-fl-117,0.08199941893444
Metropolitan,2013,"St. Johns County",FL,us-fl-109,0.06800076011168
Metropolitan,2013,"St. Lucie County",FL,us-fl-111,0.1479989079437
Metropolitan,2013,"Sumter County",FL,us-fl-119,0.12199898034854
Metropolitan,2013,"Volusia County",FL,us-fl-127,0.1239998331317
Metropolitan,2013,"Wakulla County",FL,us-fl-129,0.12298648398445
Metropolitan,2013,"Walton County",FL,us-fl-131,0.15501014496296
Metropolitan,2013,"Baker County",GA,us-ga-007,0.20518758684576
Metropolitan,2013,"Barrow County",GA,us-ga-013,0.17900379718562
Metropolitan,2013,"Bartow County",GA,us-ga-015,0.1960042865891
Metropolitan,2013,"Bibb County",GA,us-ga-021,0.17600289849238
Metropolitan,2013,"Brantley County",GA,us-ga-025,0.23197674418605
Metropolitan,2013,"Brooks County",GA,us-ga-027,0.22600332901794
Metropolitan,2013,"Bryan County",GA,us-ga-029,0.11999798153101
Metropolitan,2013,"Burke County",GA,us-ga-033,0.23099054665023
Metropolitan,2013,"Butts County",GA,us-ga-035,0.25298642816937
Metropolitan,2013,"Carroll County",GA,us-ga-045,0.20299376664423
Metropolitan,2013,"Catoosa County",GA,us-ga-047,0.17699502395872
Metropolitan,2013,"Chatham County",GA,us-ga-051,0.11300156123577
Metropolitan,2013,"Chattahoochee County",GA,us-ga-053,0.07496413199426
Metropolitan,2013,"Cherokee County",GA,us-ga-057,0.11099995068234
Metropolitan,2013,"Clarke County",GA,us-ga-059,0.14899300945403
Metropolitan,2013,"Clayton County",GA,us-ga-063,0.18299914568571
Metropolitan,2013,"Cobb County",GA,us-ga-067,0.09200098707413
Metropolitan,2013,"Columbia County",GA,us-ga-073,0.08699696761021
Metropolitan,2013,"Coweta County",GA,us-ga-077,0.12200265377689
Metropolitan,2013,"Crawford County",GA,us-ga-079,0.21395029206276
Metropolitan,2013,"Dade County",GA,us-ga-083,0.19702871636924
Metropolitan,2013,"Dawson County",GA,us-ga-085,0.14197331958497
Metropolitan,2013,"Dekalb County",GA,us-ga-089,0.11599895880168
Metropolitan,2013,"Dougherty County",GA,us-ga-095,0.201007877266
Metropolitan,2013,"Douglas County",GA,us-ga-097,0.12800501377606
Metropolitan,2013,"Echols County",GA,us-ga-101,0.2531017369727
Metropolitan,2013,"Effingham County",GA,us-ga-103,0.14901085824781
Metropolitan,2013,"Fayette County",GA,us-ga-113,0.05700569637084
Metropolitan,2013,"Floyd County",GA,us-ga-115,0.22099815861325
Metropolitan,2013,"Forsyth County",GA,us-ga-117,0.08599962216841
Metropolitan,2013,"Fulton County",GA,us-ga-121,0.09700068122518
Metropolitan,2013,"Glynn County",GA,us-ga-127,0.13499144575875
Metropolitan,2013,"Gwinnett County",GA,us-ga-135,0.1299996903018
Metropolitan,2013,"Hall County",GA,us-ga-139,0.21199709035487
Metropolitan,2013,"Haralson County",GA,us-ga-143,0.25900568780282
Metropolitan,2013,"Harris County",GA,us-ga-145,0.10900452691497
Metropolitan,2013,"Heard County",GA,us-ga-149,0.273007316134
Metropolitan,2013,"Henry County",GA,us-ga-151,0.10399771161741
Metropolitan,2013,"Houston County",GA,us-ga-153,0.11199912415152
Metropolitan,2013,"Jasper County",GA,us-ga-159,0.16404566996984
Metropolitan,2013,"Jones County",GA,us-ga-169,0.11301315580916
Metropolitan,2013,"Lamar County",GA,us-ga-171,0.18195916257431
Metropolitan,2013,"Lanier County",GA,us-ga-173,0.23505373089148
Metropolitan,2013,"Lee County",GA,us-ga-177,0.16097878574141
Metropolitan,2013,"Liberty County",GA,us-ga-179,0.09100258498485
Metropolitan,2013,"Lincoln County",GA,us-ga-181,0.17896811178789
Metropolitan,2013,"Long County",GA,us-ga-183,0.15002249212776
Metropolitan,2013,"Lowndes County",GA,us-ga-185,0.15900536999417
Metropolitan,2013,"Madison County",GA,us-ga-195,0.21398659966499
Metropolitan,2013,"Marion County",GA,us-ga-197,0.24908118944203
Metropolitan,2013,"Mcduffie County",GA,us-ga-189,0.25298580862723
Metropolitan,2013,"Mcintosh County",GA,us-ga-191,0.19504707327057
Metropolitan,2013,"Meriwether County",GA,us-ga-199,0.26998451074146
Metropolitan,2013,"Monroe County",GA,us-ga-207,0.2050179601611
Metropolitan,2013,"Morgan County",GA,us-ga-211,0.18302842208429
Metropolitan,2013,"Murray County",GA,us-ga-213,0.30598123534011
Metropolitan,2013,"Muscogee County",GA,us-ga-215,0.14600141946958
Metropolitan,2013,"Newton County",GA,us-ga-217,0.15400528309093
Metropolitan,2013,"Oconee County",GA,us-ga-219,0.08700486448923
Metropolitan,2013,"Oglethorpe County",GA,us-ga-221,0.2100447538538
Metropolitan,2013,"Paulding County",GA,us-ga-223,0.11500223413762
Metropolitan,2013,"Peach County",GA,us-ga-225,0.17301838548642
Metropolitan,2013,"Pickens County",GA,us-ga-227,0.19199809478447
Metropolitan,2013,"Pike County",GA,us-ga-231,0.14799931600547
Metropolitan,2013,"Pulaski County",GA,us-ga-235,0.22595490105844
Metropolitan,2013,"Richmond County",GA,us-ga-245,0.16299666410863
Metropolitan,2013,"Rockdale County",GA,us-ga-247,0.13800366799223
Metropolitan,2013,"Spalding County",GA,us-ga-255,0.23399428071751
Metropolitan,2013,"Terrell County",GA,us-ga-273,0.34397749834547
Metropolitan,2013,"Twiggs County",GA,us-ga-289,0.29697851026014
Metropolitan,2013,"Walker County",GA,us-ga-295,0.20900321543408
Metropolitan,2013,"Walton County",GA,us-ga-297,0.16899106559163
Metropolitan,2013,"Whitfield County",GA,us-ga-313,0.30899537291193
Metropolitan,2013,"Worth County",GA,us-ga-321,0.28498305319223
Metropolitan,2013,"Honolulu County",HI,us-hi-003,0.09700021459885
Metropolitan,2013,"Kalawao County",HI,us-hi-005,0.12307692307692
Metropolitan,2013,"Maui County",HI,us-hi-009,0.09799781513068
Metropolitan,2013,"Benton County",IA,us-ia-011,0.08100130555713
Metropolitan,2013,"Black Hawk County",IA,us-ia-013,0.10500564546481
Metropolitan,2013,"Bremer County",IA,us-ia-017,0.06197077087123
Metropolitan,2013,"Dallas County",IA,us-ia-049,0.05599416174617
Metropolitan,2013,"Dubuque County",IA,us-ia-061,0.08500792596032
Metropolitan,2013,"Grundy County",IA,us-ia-075,0.06000231669176
Metropolitan,2013,"Guthrie County",IA,us-ia-077,0.08593648736228
Metropolitan,2013,"Harrison County",IA,us-ia-085,0.08897145091905
Metropolitan,2013,"Johnson County",IA,us-ia-103,0.0520019873371
Metropolitan,2013,"Jones County",IA,us-ia-105,0.08600831459143
Metropolitan,2013,"Linn County",IA,us-ia-113,0.06199980098654
Metropolitan,2013,"Madison County",IA,us-ia-121,0.05798479087452
Metropolitan,2013,"Mills County",IA,us-ia-129,0.07896281800391
Metropolitan,2013,"Plymouth County",IA,us-ia-149,0.07599574518378
Metropolitan,2013,"Polk County",IA,us-ia-153,0.08200029274617
Metropolitan,2013,"Pottawattamie County",IA,us-ia-155,0.1069962837292
Metropolitan,2013,"Scott County",IA,us-ia-163,0.07699750060469
Metropolitan,2013,"Story County",IA,us-ia-169,0.04500431116065
Metropolitan,2013,"Warren County",IA,us-ia-181,0.04699496955255
Metropolitan,2013,"Washington County",IA,us-ia-183,0.10599263475059
Metropolitan,2013,"Woodbury County",IA,us-ia-193,0.14499790577541
Metropolitan,2013,"Ada County",ID,us-id-001,0.064
Metropolitan,2013,"Bannock County",ID,us-id-005,0.08200577143535
Metropolitan,2013,"Boise County",ID,us-id-015,0.10902401239349
Metropolitan,2013,"Bonneville County",ID,us-id-019,0.09500039366979
Metropolitan,2013,"Butte County",ID,us-id-023,0.10774228478614
Metropolitan,2013,"Canyon County",ID,us-id-027,0.17300139086925
Metropolitan,2013,"Franklin County",ID,us-id-041,0.08006513773918
Metropolitan,2013,"Gem County",ID,us-id-045,0.13697804563065
Metropolitan,2013,"Jefferson County",ID,us-id-051,0.10600212935853
Metropolitan,2013,"Kootenai County",ID,us-id-055,0.0779948716862
Metropolitan,2013,"Nez Perce County",ID,us-id-069,0.09999630873722
Metropolitan,2013,"Owyhee County",ID,us-id-073,0.2460372157133
Metropolitan,2013,"Alexander County",IL,us-il-003,0.25298062593145
Metropolitan,2013,"Bond County",IL,us-il-005,0.13799081216954
Metropolitan,2013,"Boone County",IL,us-il-007,0.142011143849
Metropolitan,2013,"Calhoun County",IL,us-il-013,0.10997229916898
Metropolitan,2013,"Champaign County",IL,us-il-019,0.06400326131268
Metropolitan,2013,"Clinton County",IL,us-il-027,0.1129915570092
Metropolitan,2013,"Cook County",IL,us-il-031,0.15500014205479
Metropolitan,2013,"De Witt County",IL,us-il-039,0.07397519807096
Metropolitan,2013,"Dekalb County",IL,us-il-037,0.08900698552759
Metropolitan,2013,"Dupage County",IL,us-il-043,0.07900057373274
Metropolitan,2013,"Ford County",IL,us-il-053,0.11403328539141
Metropolitan,2013,"Grundy County",IL,us-il-063,0.08300637567435
Metropolitan,2013,"Henry County",IL,us-il-073,0.10300118658293
Metropolitan,2013,"Jackson County",IL,us-il-077,0.10300441655044
Metropolitan,2013,"Jersey County",IL,us-il-083,0.11597838672327
Metropolitan,2013,"Kane County",IL,us-il-089,0.1720002814411
Metropolitan,2013,"Kankakee County",IL,us-il-091,0.13599397590361
Metropolitan,2013,"Kendall County",IL,us-il-093,0.07399404390886
Metropolitan,2013,"Lake County",IL,us-il-097,0.11100091819179
Metropolitan,2013,"Macon County",IL,us-il-115,0.11899585161867
Metropolitan,2013,"Macoupin County",IL,us-il-117,0.1090060323138
Metropolitan,2013,"Madison County",IL,us-il-119,0.0909988472082
Metropolitan,2013,"Marshall County",IL,us-il-123,0.09197717354817
Metropolitan,2013,"Mchenry County",IL,us-il-111,0.07899895290037
Metropolitan,2013,"Mclean County",IL,us-il-113,0.05599562427356
Metropolitan,2013,"Menard County",IL,us-il-129,0.0750028239015
Metropolitan,2013,"Mercer County",IL,us-il-131,0.09401041666667
Metropolitan,2013,"Monroe County",IL,us-il-133,0.07197965982816
Metropolitan,2013,"Peoria County",IL,us-il-143,0.1
Metropolitan,2013,"Piatt County",IL,us-il-147,0.0729769410139
Metropolitan,2013,"Rock Island County",IL,us-il-161,0.12599908768172
Metropolitan,2013,"Sangamon County",IL,us-il-167,0.0799973331753
Metropolitan,2013,"St. Clair County",IL,us-il-163,0.10399814591848
Metropolitan,2013,"Stark County",IL,us-il-175,0.12207916070577
Metropolitan,2013,"Tazewell County",IL,us-il-179,0.08299881810535
Metropolitan,2013,"Vermilion County",IL,us-il-183,0.14199478918205
Metropolitan,2013,"Will County",IL,us-il-197,0.09500080260743
Metropolitan,2013,"Williamson County",IL,us-il-199,0.11200034514744
Metropolitan,2013,"Winnebago County",IL,us-il-201,0.1380006834747
Metropolitan,2013,"Woodford County",IL,us-il-203,0.07000935016363
Metropolitan,2013,"Allen County",IN,us-in-003,0.11000196674024
Metropolitan,2013,"Bartholomew County",IN,us-in-005,0.10900628256206
Metropolitan,2013,"Benton County",IN,us-in-007,0.11103633916555
Metropolitan,2013,"Boone County",IN,us-in-011,0.0649955284339
Metropolitan,2013,"Brown County",IN,us-in-013,0.12898876404494
Metropolitan,2013,"Carroll County",IN,us-in-015,0.12298650413583
Metropolitan,2013,"Clark County",IN,us-in-019,0.13800639869393
Metropolitan,2013,"Clay County",IN,us-in-021,0.13402230971129
Metropolitan,2013,"Dearborn County",IN,us-in-029,0.11098634832457
Metropolitan,2013,"Delaware County",IN,us-in-035,0.13100491918482
Metropolitan,2013,"Elkhart County",IN,us-in-039,0.19500308599918
Metropolitan,2013,"Floyd County",IN,us-in-043,0.11999131070166
Metropolitan,2013,"Hamilton County",IN,us-in-057,0.03699845104816
Metropolitan,2013,"Hancock County",IN,us-in-059,0.07400114336531
Metropolitan,2013,"Harrison County",IN,us-in-061,0.12400830429302
Metropolitan,2013,"Hendricks County",IN,us-in-063,0.06600178716324
Metropolitan,2013,"Howard County",IN,us-in-067,0.11199365973934
Metropolitan,2013,"Jasper County",IN,us-in-073,0.12801832760596
Metropolitan,2013,"Johnson County",IN,us-in-081,0.08999665800623
Metropolitan,2013,"Lake County",IN,us-in-089,0.12999960049293
Metropolitan,2013,"Laporte County",IN,us-in-091,0.13500619174868
Metropolitan,2013,"Madison County",IN,us-in-095,0.13099757017927
Metropolitan,2013,"Marion County",IN,us-in-097,0.15399942153807
Metropolitan,2013,"Monroe County",IN,us-in-105,0.07999425909737
Metropolitan,2013,"Morgan County",IN,us-in-109,0.12600059928941
Metropolitan,2013,"Newton County",IN,us-in-111,0.14602720114531
Metropolitan,2013,"Ohio County",IN,us-in-115,0.14596554850408
Metropolitan,2013,"Owen County",IN,us-in-119,0.16801183750336
Metropolitan,2013,"Porter County",IN,us-in-127,0.08499755572052
Metropolitan,2013,"Posey County",IN,us-in-129,0.07898930116094
Metropolitan,2013,"Putnam County",IN,us-in-133,0.14101835309404
Metropolitan,2013,"Scott County",IN,us-in-143,0.21298972876561
Metropolitan,2013,"Shelby County",IN,us-in-145,0.14401428240817
Metropolitan,2013,"St. Joseph County",IN,us-in-141,0.1210011554487
Metropolitan,2013,"Sullivan County",IN,us-in-153,0.14697829716194
Metropolitan,2013,"Tippecanoe County",IN,us-in-157,0.09300223388228
Metropolitan,2013,"Union County",IN,us-in-161,0.14593731283689
Metropolitan,2013,"Vanderburgh County",IN,us-in-163,0.10800306912196
Metropolitan,2013,"Vermillion County",IN,us-in-165,0.10901448756931
Metropolitan,2013,"Vigo County",IN,us-in-167,0.13400103609049
Metropolitan,2013,"Warrick County",IN,us-in-173,0.07700445297316
Metropolitan,2013,"Washington County",IN,us-in-175,0.19900602728138
Metropolitan,2013,"Wells County",IN,us-in-179,0.09301456854688
Metropolitan,2013,"Whitley County",IN,us-in-183,0.09599929347346
Metropolitan,2013,"Butler County",KS,us-ks-015,0.07199620448345
Metropolitan,2013,"Doniphan County",KS,us-ks-043,0.10096899224806
Metropolitan,2013,"Douglas County",KS,us-ks-045,0.04900374389238
Metropolitan,2013,"Harvey County",KS,us-ks-079,0.10598170918479
Metropolitan,2013,"Jackson County",KS,us-ks-085,0.0569606087735
Metropolitan,2013,"Jefferson County",KS,us-ks-087,0.08201460742544
Metropolitan,2013,"Johnson County",KS,us-ks-091,0.04400014118273
Metropolitan,2013,"Kingman County",KS,us-ks-095,0.1199781857844
Metropolitan,2013,"Leavenworth County",KS,us-ks-103,0.07899893297119
Metropolitan,2013,"Linn County",KS,us-ks-107,0.10904021132962
Metropolitan,2013,"Miami County",KS,us-ks-121,0.06499792559812
Metropolitan,2013,"Osage County",KS,us-ks-139,0.09403319874383
Metropolitan,2013,"Pottawatomie County",KS,us-ks-149,0.054018826937
Metropolitan,2013,"Riley County",KS,us-ks-161,0.04599385621283
Metropolitan,2013,"Sedgwick County",KS,us-ks-173,0.11399986152461
Metropolitan,2013,"Shawnee County",KS,us-ks-177,0.09700074014265
Metropolitan,2013,"Sumner County",KS,us-ks-191,0.0909719168185
Metropolitan,2013,"Wabaunsee County",KS,us-ks-197,0.04608390163257
Metropolitan,2013,"Wyandotte County",KS,us-ks-209,0.21799833836552
Metropolitan,2013,"Allen County",KY,us-ky-003,0.23602761077711
Metropolitan,2013,"Boone County",KY,us-ky-015,0.08099425309424
Metropolitan,2013,"Bourbon County",KY,us-ky-017,0.18497954412624
Metropolitan,2013,"Boyd County",KY,us-ky-019,0.12401070432159
Metropolitan,2013,"Bracken County",KY,us-ky-023,0.19107268877911
Metropolitan,2013,"Bullitt County",KY,us-ky-029,0.15
Metropolitan,2013,"Butler County",KY,us-ky-031,0.24500454132607
Metropolitan,2013,"Campbell County",KY,us-ky-037,0.1150069892831
Metropolitan,2013,"Christian County",KY,us-ky-047,0.14800959909656
Metropolitan,2013,"Clark County",KY,us-ky-049,0.17598418844789
Metropolitan,2013,"Daviess County",KY,us-ky-059,0.12000367968355
Metropolitan,2013,"Edmonson County",KY,us-ky-061,0.21094303947057
Metropolitan,2013,"Fayette County",KY,us-ky-067,0.11300162166336
Metropolitan,2013,"Gallatin County",KY,us-ky-077,0.24895587434175
Metropolitan,2013,"Grant County",KY,us-ky-081,0.17599387403484
Metropolitan,2013,"Greenup County",KY,us-ky-089,0.17199320673151
Metropolitan,2013,"Hancock County",KY,us-ky-091,0.13206239168111
Metropolitan,2013,"Hardin County",KY,us-ky-093,0.1190043124945
Metropolitan,2013,"Henderson County",KY,us-ky-101,0.14999054284093
Metropolitan,2013,"Henry County",KY,us-ky-103,0.20497190208591
Metropolitan,2013,"Jefferson County",KY,us-ky-111,0.11900032938401
Metropolitan,2013,"Jessamine County",KY,us-ky-113,0.15400502017602
Metropolitan,2013,"Kenton County",KY,us-ky-117,0.11199783452808
Metropolitan,2013,"Larue County",KY,us-ky-123,0.19795855242809
Metropolitan,2013,"Mclean County",KY,us-ky-149,0.1999390429747
Metropolitan,2013,"Meade County",KY,us-ky-163,0.13702281936447
Metropolitan,2013,"Oldham County",KY,us-ky-185,0.08400497512438
Metropolitan,2013,"Pendleton County",KY,us-ky-191,0.16201966947176
Metropolitan,2013,"Scott County",KY,us-ky-209,0.12000387109262
Metropolitan,2013,"Shelby County",KY,us-ky-211,0.14901729696003
Metropolitan,2013,"Spencer County",KY,us-ky-215,0.11898016997167
Metropolitan,2013,"Trigg County",KY,us-ky-221,0.17898371978293
Metropolitan,2013,"Trimble County",KY,us-ky-223,0.15492957746479
Metropolitan,2013,"Warren County",KY,us-ky-227,0.13399323998069
Metropolitan,2013,"Woodford County",KY,us-ky-239,0.11601761706073
Metropolitan,2013,"Acadia Parish",LA,us-la-001,0.27898984241745
Metropolitan,2013,"Ascension Parish",LA,us-la-005,0.1100056154699
Metropolitan,2013,"Bossier Parish",LA,us-la-015,0.12300465848528
Metropolitan,2013,"Caddo Parish",LA,us-la-017,0.14199846152929
Metropolitan,2013,"Calcasieu Parish",LA,us-la-019,0.15400116752365
Metropolitan,2013,"Cameron Parish",LA,us-la-023,0.15910073497622
Metropolitan,2013,"De Soto Parish",LA,us-la-031,0.22302118171683
Metropolitan,2013,"East Baton Rouge Parish",LA,us-la-033,0.11500023647629
Metropolitan,2013,"East Feliciana Parish",LA,us-la-037,0.1939825253664
Metropolitan,2013,"Grant Parish",LA,us-la-043,0.21198609927218
Metropolitan,2013,"Iberia Parish",LA,us-la-045,0.23398941166425
Metropolitan,2013,"Iberville Parish",LA,us-la-047,0.23398267446462
Metropolitan,2013,"Jefferson Parish",LA,us-la-051,0.16200037580866
Metropolitan,2013,"Lafayette Parish",LA,us-la-055,0.14499707104801
Metropolitan,2013,"Lafourche Parish",LA,us-la-057,0.26199791752122
Metropolitan,2013,"Livingston Parish",LA,us-la-063,0.15499838356263
Metropolitan,2013,"Orleans Parish",LA,us-la-071,0.15499910361763
Metropolitan,2013,"Ouachita Parish",LA,us-la-073,0.15299945529851
Metropolitan,2013,"Plaquemines Parish",LA,us-la-075,0.19297308129049
Metropolitan,2013,"Pointe Coupee Parish",LA,us-la-077,0.18901495616297
Metropolitan,2013,"Rapides Parish",LA,us-la-079,0.17600446169219
Metropolitan,2013,"St. Bernard Parish",LA,us-la-087,0.18801067874767
Metropolitan,2013,"St. Charles Parish",LA,us-la-089,0.14099377065481
Metropolitan,2013,"St. Helena Parish",LA,us-la-091,0.19403393541325
Metropolitan,2013,"St. James Parish",LA,us-la-093,0.1660145332588
Metropolitan,2013,"St. John The Baptist Parish",LA,us-la-095,0.19701492537313
Metropolitan,2013,"St. Martin Parish",LA,us-la-099,0.22899491317313
Metropolitan,2013,"St. Tammany Parish",LA,us-la-103,0.11600150839042
Metropolitan,2013,"Tangipahoa Parish",LA,us-la-105,0.19899876470971
Metropolitan,2013,"Terrebonne Parish",LA,us-la-109,0.24899940033748
Metropolitan,2013,"Union Parish",LA,us-la-111,0.18000907499838
Metropolitan,2013,"Vermilion Parish",LA,us-la-113,0.24600926538716
Metropolitan,2013,"Webster Parish",LA,us-la-119,0.22001292082406
Metropolitan,2013,"West Baton Rouge Parish",LA,us-la-121,0.16701580651305
Metropolitan,2013,"West Feliciana Parish",LA,us-la-125,0.27203583199527
Metropolitan,2013,"Barnstable County",MA,us-ma-001,0.05500213115752
Metropolitan,2013,"Berkshire County",MA,us-ma-003,0.09399598372011
Metropolitan,2013,"Bristol County",MA,us-ma-005,0.18099951624307
Metropolitan,2013,"Essex County",MA,us-ma-009,0.10999978524056
Metropolitan,2013,"Hampden County",MA,us-ma-013,0.16300073688123
Metropolitan,2013,"Hampshire County",MA,us-ma-015,0.0679977416209
Metropolitan,2013,"Middlesex County",MA,us-ma-017,0.07799977274449
Metropolitan,2013,"Norfolk County",MA,us-ma-021,0.06300010430481
Metropolitan,2013,"Plymouth County",MA,us-ma-023,0.07999964590176
Metropolitan,2013,"Suffolk County",MA,us-ma-025,0.16000057816359
Metropolitan,2013,"Worcester County",MA,us-ma-027,0.10699921486134
Metropolitan,2013,"Allegany County",MD,us-md-001,0.12700102591897
Metropolitan,2013,"Anne Arundel County",MD,us-md-003,0.09200028166115
Metropolitan,2013,"Baltimore City",MD,us-md-510,0.19799963761551
Metropolitan,2013,"Baltimore County",MD,us-md-005,0.10099984645538
Metropolitan,2013,"Calvert County",MD,us-md-009,0.0709997124833
Metropolitan,2013,"Carroll County",MD,us-md-013,0.08399687188966
Metropolitan,2013,"Cecil County",MD,us-md-015,0.125
Metropolitan,2013,"Charles County",MD,us-md-017,0.08800115492493
Metropolitan,2013,"Frederick County",MD,us-md-021,0.08100182796791
Metropolitan,2013,"Harford County",MD,us-md-025,0.07599771778625
Metropolitan,2013,"Howard County",MD,us-md-027,0.05099808725378
Metropolitan,2013,"Montgomery County",MD,us-md-031,0.08799938664056
Metropolitan,2013,"Prince George's County",MD,us-md-033,0.14500059721627
Metropolitan,2013,"Queen Anne's County",MD,us-md-035,0.08300525920361
Metropolitan,2013,"Somerset County",MD,us-md-039,0.2039936196609
Metropolitan,2013,"St. Mary's County",MD,us-md-037,0.09699765692082
Metropolitan,2013,"Washington County",MD,us-md-043,0.14100171023699
Metropolitan,2013,"Wicomico County",MD,us-md-045,0.14499503825347
Metropolitan,2013,"Worcester County",MD,us-md-047,0.10799541332221
Metropolitan,2013,"Androscoggin County",ME,us-me-001,0.1210005026969
Metropolitan,2013,"Cumberland County",ME,us-me-005,0.06299966417555
Metropolitan,2013,"Penobscot County",ME,us-me-019,0.09199613533964
Metropolitan,2013,"Sagadahoc County",ME,us-me-023,0.06700082233622
Metropolitan,2013,"York County",ME,us-me-031,0.08099655409087
Metropolitan,2013,"Barry County",MI,us-mi-015,0.08899256955245
Metropolitan,2013,"Bay County",MI,us-mi-017,0.10999638346036
Metropolitan,2013,"Berrien County",MI,us-mi-021,0.12599986902301
Metropolitan,2013,"Calhoun County",MI,us-mi-025,0.11199647809817
Metropolitan,2013,"Cass County",MI,us-mi-027,0.12799184730217
Metropolitan,2013,"Clinton County",MI,us-mi-037,0.07099652352149
Metropolitan,2013,"Eaton County",MI,us-mi-045,0.06599853336593
Metropolitan,2013,"Genesee County",MI,us-mi-049,0.11399977855798
Metropolitan,2013,"Ingham County",MI,us-mi-065,0.08899744987847
Metropolitan,2013,"Jackson County",MI,us-mi-075,0.11000460193281
Metropolitan,2013,"Kalamazoo County",MI,us-mi-077,0.07399893766119
Metropolitan,2013,"Kent County",MI,us-mi-081,0.10599955256005
Metropolitan,2013,"Lapeer County",MI,us-mi-087,0.09800284834233
Metropolitan,2013,"Livingston County",MI,us-mi-093,0.055996376372
Metropolitan,2013,"Macomb County",MI,us-mi-099,0.11799935782195
Metropolitan,2013,"Midland County",MI,us-mi-111,0.07799364182268
Metropolitan,2013,"Monroe County",MI,us-mi-115,0.1069986868343
Metropolitan,2013,"Montcalm County",MI,us-mi-117,0.12598884558841
Metropolitan,2013,"Muskegon County",MI,us-mi-121,0.12000140805407
Metropolitan,2013,"Oakland County",MI,us-mi-125,0.07299974127519
Metropolitan,2013,"Ottawa County",MI,us-mi-139,0.09000091987858
Metropolitan,2013,"Saginaw County",MI,us-mi-145,0.12999894082222
Metropolitan,2013,"St. Clair County",MI,us-mi-147,0.10999766325742
Metropolitan,2013,"Van Buren County",MI,us-mi-159,0.1470027703008
Metropolitan,2013,"Washtenaw County",MI,us-mi-161,0.06000009262132
Metropolitan,2013,"Wayne County",MI,us-mi-163,0.15900041786562
Metropolitan,2013,"Anoka County",MN,us-mn-003,0.06700224167715
Metropolitan,2013,"Benton County",MN,us-mn-009,0.08798739661284
Metropolitan,2013,"Blue Earth County",MN,us-mn-013,0.06098927485193
Metropolitan,2013,"Carlton County",MN,us-mn-017,0.07700774561761
Metropolitan,2013,"Carver County",MN,us-mn-019,0.04500617565944
Metropolitan,2013,"Chisago County",MN,us-mn-025,0.06598844441987
Metropolitan,2013,"Clay County",MN,us-mn-027,0.06298748667303
Metropolitan,2013,"Dakota County",MN,us-mn-037,0.05199831973116
Metropolitan,2013,"Dodge County",MN,us-mn-039,0.07896776193428
Metropolitan,2013,"Fillmore County",MN,us-mn-045,0.10701669321881
Metropolitan,2013,"Hennepin County",MN,us-mn-053,0.07599983403679
Metropolitan,2013,"Houston County",MN,us-mn-055,0.08100642078543
Metropolitan,2013,"Isanti County",MN,us-mn-059,0.08500413597511
Metropolitan,2013,"Le Sueur County",MN,us-mn-079,0.09699475274288
Metropolitan,2013,"Mille Lacs County",MN,us-mn-095,0.11297214151427
Metropolitan,2013,"Nicollet County",MN,us-mn-103,0.06598593584433
Metropolitan,2013,"Olmsted County",MN,us-mn-109,0.05600122162272
Metropolitan,2013,"Polk County",MN,us-mn-119,0.10900995787055
Metropolitan,2013,"Ramsey County",MN,us-mn-123,0.10099902570413
Metropolitan,2013,"Scott County",MN,us-mn-139,0.05399860051947
Metropolitan,2013,"Sherburne County",MN,us-mn-141,0.06799259944496
Metropolitan,2013,"Sibley County",MN,us-mn-143,0.11603498542274
Metropolitan,2013,"St. Louis County",MN,us-mn-137,0.07100312555287
Metropolitan,2013,"Stearns County",MN,us-mn-145,0.08999816242042
Metropolitan,2013,"Wabasha County",MN,us-mn-157,0.07298208501355
Metropolitan,2013,"Washington County",MN,us-mn-163,0.03999725362179
Metropolitan,2013,"Wright County",MN,us-mn-171,0.06500441910547
Metropolitan,2013,"Andrew County",MO,us-mo-003,0.09802764666217
Metropolitan,2013,"Bates County",MO,us-mo-013,0.16198218455418
Metropolitan,2013,"Bollinger County",MO,us-mo-017,0.20303851136497
Metropolitan,2013,"Boone County",MO,us-mo-019,0.06999729217438
Metropolitan,2013,"Buchanan County",MO,us-mo-021,0.13799924963334
Metropolitan,2013,"Caldwell County",MO,us-mo-025,0.12995245641838
Metropolitan,2013,"Callaway County",MO,us-mo-027,0.14001157683271
Metropolitan,2013,"Cape Girardeau County",MO,us-mo-031,0.12399877086961
Metropolitan,2013,"Cass County",MO,us-mo-037,0.08000666343591
Metropolitan,2013,"Christian County",MO,us-mo-043,0.08399286157666
Metropolitan,2013,"Clay County",MO,us-mo-047,0.08199852556799
Metropolitan,2013,"Clinton County",MO,us-mo-049,0.09598752303984
Metropolitan,2013,"Cole County",MO,us-mo-051,0.09600684651742
Metropolitan,2013,"Dallas County",MO,us-mo-059,0.23103809856693
Metropolitan,2013,"Dekalb County",MO,us-mo-063,0.16995591014067
Metropolitan,2013,"Franklin County",MO,us-mo-071,0.14600514710183
Metropolitan,2013,"Greene County",MO,us-mo-077,0.09899828435442
Metropolitan,2013,"Jackson County",MO,us-mo-095,0.118
Metropolitan,2013,"Jasper County",MO,us-mo-097,0.15699686059715
Metropolitan,2013,"Jefferson County",MO,us-mo-099,0.12600321027287
Metropolitan,2013,"Lafayette County",MO,us-mo-107,0.13100727079269
Metropolitan,2013,"Lincoln County",MO,us-mo-113,0.14798573349705
Metropolitan,2013,"Mcdonald County",MO,us-mo-119,0.21499591391991
Metropolitan,2013,"Moniteau County",MO,us-mo-135,0.17699368904188
Metropolitan,2013,"Newton County",MO,us-mo-145,0.14599352750809
Metropolitan,2013,"Osage County",MO,us-mo-151,0.11499781372978
Metropolitan,2013,"Platte County",MO,us-mo-165,0.05800645603052
Metropolitan,2013,"Polk County",MO,us-mo-167,0.16297604035309
Metropolitan,2013,"Ray County",MO,us-mo-177,0.11801124518289
Metropolitan,2013,"St. Charles County",MO,us-mo-183,0.06500103669915
Metropolitan,2013,"St. Louis City",MO,us-mo-510,0.17099974442973
Metropolitan,2013,"St. Louis County",MO,us-mo-189,0.07800043726495
Metropolitan,2013,"Warren County",MO,us-mo-219,0.15800836594252
Metropolitan,2013,"Webster County",MO,us-mo-225,0.15299476395215
Metropolitan,2013,"Benton County",MS,us-ms-009,0.26998961578401
Metropolitan,2013,"Copiah County",MS,us-ms-029,0.20401337792642
Metropolitan,2013,"Desoto County",MS,us-ms-033,0.1149988092403
Metropolitan,2013,"Forrest County",MS,us-ms-035,0.16200074654722
Metropolitan,2013,"Hancock County",MS,us-ms-045,0.14701010166629
Metropolitan,2013,"Harrison County",MS,us-ms-047,0.14400096954028
Metropolitan,2013,"Hinds County",MS,us-ms-049,0.14899728465338
Metropolitan,2013,"Jackson County",MS,us-ms-059,0.13600086631653
Metropolitan,2013,"Lamar County",MS,us-ms-073,0.09698996655518
Metropolitan,2013,"Madison County",MS,us-ms-089,0.10799778498537
Metropolitan,2013,"Marshall County",MS,us-ms-093,0.26099001833367
Metropolitan,2013,"Perry County",MS,us-ms-111,0.2000490316254
Metropolitan,2013,"Rankin County",MS,us-ms-121,0.11000093476387
Metropolitan,2013,"Simpson County",MS,us-ms-127,0.21701028032133
Metropolitan,2013,"Tate County",MS,us-ms-137,0.20098120280029
Metropolitan,2013,"Tunica County",MS,us-ms-143,0.2320110701107
Metropolitan,2013,"Yazoo County",MS,us-ms-163,0.25900816740511
Metropolitan,2013,"Carbon County",MT,us-mt-009,0.07195185766614
Metropolitan,2013,"Cascade County",MT,us-mt-013,0.0920030631222
Metropolitan,2013,"Golden Valley County",MT,us-mt-037,0.11439114391144
Metropolitan,2013,"Missoula County",MT,us-mt-063,0.05500614593809
Metropolitan,2013,"Yellowstone County",MT,us-mt-111,0.07599732341422
Metropolitan,2013,"Alamance County",NC,us-nc-001,0.17000029690918
Metropolitan,2013,"Alexander County",NC,us-nc-003,0.2080104853321
Metropolitan,2013,"Brunswick County",NC,us-nc-019,0.13700422548737
Metropolitan,2013,"Buncombe County",NC,us-nc-021,0.11099947732156
Metropolitan,2013,"Burke County",NC,us-nc-023,0.23300722143052
Metropolitan,2013,"Cabarrus County",NC,us-nc-025,0.13599891661306
Metropolitan,2013,"Caldwell County",NC,us-nc-027,0.24300423773334
Metropolitan,2013,"Catawba County",NC,us-nc-035,0.17699905881906
Metropolitan,2013,"Chatham County",NC,us-nc-037,0.14199036850033
Metropolitan,2013,"Craven County",NC,us-nc-049,0.12800011955645
Metropolitan,2013,"Cumberland County",NC,us-nc-051,0.10799789192536
Metropolitan,2013,"Currituck County",NC,us-nc-053,0.14999399543653
Metropolitan,2013,"Davidson County",NC,us-nc-057,0.1960029924121
Metropolitan,2013,"Davie County",NC,us-nc-059,0.14499516106733
Metropolitan,2013,"Durham County",NC,us-nc-063,0.13099762794122
Metropolitan,2013,"Edgecombe County",NC,us-nc-065,0.20500373412995
Metropolitan,2013,"Forsyth County",NC,us-nc-067,0.12999935775299
Metropolitan,2013,"Franklin County",NC,us-nc-069,0.18900817254219
Metropolitan,2013,"Gaston County",NC,us-nc-071,0.1900012129255
Metropolitan,2013,"Gates County",NC,us-nc-073,0.16604138932591
Metropolitan,2013,"Guilford County",NC,us-nc-081,0.12199997528301
Metropolitan,2013,"Haywood County",NC,us-nc-087,0.13899054063385
Metropolitan,2013,"Henderson County",NC,us-nc-089,0.12500158663671
Metropolitan,2013,"Hoke County",NC,us-nc-093,0.16099226674701
Metropolitan,2013,"Iredell County",NC,us-nc-097,0.14099987962183
Metropolitan,2013,"Johnston County",NC,us-nc-101,0.16800386400837
Metropolitan,2013,"Jones County",NC,us-nc-103,0.16202742002493
Metropolitan,2013,"Lincoln County",NC,us-nc-109,0.16399545221155
Metropolitan,2013,"Madison County",NC,us-nc-115,0.19098815311922
Metropolitan,2013,"Mecklenburg County",NC,us-nc-119,0.11199937932573
Metropolitan,2013,"Nash County",NC,us-nc-127,0.16999706821794
Metropolitan,2013,"New Hanover County",NC,us-nc-129,0.09300200066209
Metropolitan,2013,"Onslow County",NC,us-nc-133,0.09799556937758
Metropolitan,2013,"Orange County",NC,us-nc-135,0.08999732873552
Metropolitan,2013,"Pamlico County",NC,us-nc-137,0.14298780487805
Metropolitan,2013,"Pender County",NC,us-nc-141,0.13400727860898
Metropolitan,2013,"Person County",NC,us-nc-145,0.17001761080129
Metropolitan,2013,"Pitt County",NC,us-nc-147,0.14199542879857
Metropolitan,2013,"Randolph County",NC,us-nc-151,0.22000353603112
Metropolitan,2013,"Rockingham County",NC,us-nc-157,0.2099964919238
Metropolitan,2013,"Rowan County",NC,us-nc-159,0.19100377164409
Metropolitan,2013,"Stokes County",NC,us-nc-169,0.18901453957997
Metropolitan,2013,"Union County",NC,us-nc-179,0.12200063903241
Metropolitan,2013,"Wake County",NC,us-nc-183,0.08299989518535
Metropolitan,2013,"Wayne County",NC,us-nc-191,0.1829959715522
Metropolitan,2013,"Yadkin County",NC,us-nc-197,0.21201012811307
Metropolitan,2013,"Burleigh County",ND,us-nd-015,0.06599409273691
Metropolitan,2013,"Cass County",ND,us-nd-017,0.05399859716712
Metropolitan,2013,"Grand Forks County",ND,us-nd-035,0.07599318076148
Metropolitan,2013,"Morton County",ND,us-nd-059,0.09800344054632
Metropolitan,2013,"Oliver County",ND,us-nd-065,0.12385321100917
Metropolitan,2013,"Sioux County",ND,us-nd-085,0.16696750902527
Metropolitan,2013,"Cass County",NE,us-ne-025,0.05901181400221
Metropolitan,2013,"Dakota County",NE,us-ne-043,0.27200690412678
Metropolitan,2013,"Dixon County",NE,us-ne-051,0.13897803011602
Metropolitan,2013,"Douglas County",NE,us-ne-055,0.10400040423135
Metropolitan,2013,"Hall County",NE,us-ne-079,0.18100198932049
Metropolitan,2013,"Hamilton County",NE,us-ne-081,0.06600128783001
Metropolitan,2013,"Howard County",NE,us-ne-093,0.07604994324631
Metropolitan,2013,"Lancaster County",NE,us-ne-109,0.06299861376327
Metropolitan,2013,"Merrick County",NE,us-ne-121,0.09197107361394
Metropolitan,2013,"Sarpy County",NE,us-ne-153,0.05000245206218
Metropolitan,2013,"Saunders County",NE,us-ne-155,0.0670216542421
Metropolitan,2013,"Seward County",NE,us-ne-159,0.08199811498586
Metropolitan,2013,"Washington County",NE,us-ne-177,0.05000369303494
Metropolitan,2013,"Hillsborough County",NH,us-nh-011,0.09199850160568
Metropolitan,2013,"Rockingham County",NH,us-nh-015,0.05499882583545
Metropolitan,2013,"Strafford County",NH,us-nh-017,0.08399475898909
Metropolitan,2013,"Atlantic County",NJ,us-nj-001,0.15699933884831
Metropolitan,2013,"Bergen County",NJ,us-nj-003,0.08699934186152
Metropolitan,2013,"Burlington County",NJ,us-nj-005,0.08099916218918
Metropolitan,2013,"Camden County",NJ,us-nj-007,0.12800093040836
Metropolitan,2013,"Cape May County",NJ,us-nj-009,0.10899605188945
Metropolitan,2013,"Cumberland County",NJ,us-nj-011,0.23000276514393
Metropolitan,2013,"Essex County",NJ,us-nj-013,0.16499937222936
Metropolitan,2013,"Gloucester County",NJ,us-nj-015,0.09099812417738
Metropolitan,2013,"Hudson County",NJ,us-nj-017,0.18199982219852
Metropolitan,2013,"Hunterdon County",NJ,us-nj-019,0.05899838376075
Metropolitan,2013,"Mercer County",NJ,us-nj-021,0.12700038355136
Metropolitan,2013,"Middlesex County",NJ,us-nj-023,0.11200058233169
Metropolitan,2013,"Monmouth County",NJ,us-nj-025,0.07699889862745
Metropolitan,2013,"Morris County",NJ,us-nj-027,0.06500102156971
Metropolitan,2013,"Ocean County",NJ,us-nj-029,0.10200032029147
Metropolitan,2013,"Passaic County",NJ,us-nj-031,0.18100069454431
Metropolitan,2013,"Salem County",NJ,us-nj-033,0.13999645578593
Metropolitan,2013,"Somerset County",NJ,us-nj-035,0.06700008930964
Metropolitan,2013,"Sussex County",NJ,us-nj-037,0.0660012342172
Metropolitan,2013,"Union County",NJ,us-nj-039,0.14700075008825
Metropolitan,2013,"Warren County",NJ,us-nj-041,0.1040031186149
Metropolitan,2013,"Bernalillo County",NM,us-nm-001,0.125
Metropolitan,2013,"Dona Ana County",NM,us-nm-013,0.22399720796681
Metropolitan,2013,"San Juan County",NM,us-nm-045,0.18400171293264
Metropolitan,2013,"Sandoval County",NM,us-nm-043,0.09200090898762
Metropolitan,2013,"Santa Fe County",NM,us-nm-049,0.13000249285701
Metropolitan,2013,"Torrance County",NM,us-nm-057,0.19300154111141
Metropolitan,2013,"Valencia County",NM,us-nm-061,0.19200322288247
Metropolitan,2013,"Carson City",NV,us-nv-510,0.13601204381457
Metropolitan,2013,"Clark County",NV,us-nv-003,0.16100004510769
Metropolitan,2013,"Storey County",NV,us-nv-029,0.06091527520099
Metropolitan,2013,"Washoe County",NV,us-nv-031,0.1320005235028
Metropolitan,2013,"Albany County",NY,us-ny-001,0.07899937079712
Metropolitan,2013,"Bronx County",NY,us-ny-005,0.3009996562456
Metropolitan,2013,"Broome County",NY,us-ny-007,0.10400253076842
Metropolitan,2013,"Chemung County",NY,us-ny-015,0.11099808029928
Metropolitan,2013,"Dutchess County",NY,us-ny-027,0.10399884207269
Metropolitan,2013,"Erie County",NY,us-ny-029,0.10200047505105
Metropolitan,2013,"Herkimer County",NY,us-ny-043,0.11299169409184
Metropolitan,2013,"Jefferson County",NY,us-ny-045,0.11900045086279
Metropolitan,2013,"Kings County",NY,us-ny-047,0.21500012793058
Metropolitan,2013,"Livingston County",NY,us-ny-051,0.10799237700868
Metropolitan,2013,"Madison County",NY,us-ny-053,0.09600929054054
Metropolitan,2013,"Monroe County",NY,us-ny-055,0.10400077313516
Metropolitan,2013,"Nassau County",NY,us-ny-059,0.0980000412833
Metropolitan,2013,"New York County",NY,us-ny-061,0.13999971635489
Metropolitan,2013,"Niagara County",NY,us-ny-063,0.10100005340739
Metropolitan,2013,"Oneida County",NY,us-ny-065,0.13399832502094
Metropolitan,2013,"Onondaga County",NY,us-ny-067,0.10100006772468
Metropolitan,2013,"Ontario County",NY,us-ny-069,0.0809997716803
Metropolitan,2013,"Orange County",NY,us-ny-071,0.1229998472842
Metropolitan,2013,"Orleans County",NY,us-ny-073,0.14499541798188
Metropolitan,2013,"Oswego County",NY,us-ny-075,0.13599778312403
Metropolitan,2013,"Putnam County",NY,us-ny-079,0.07900298179081
Metropolitan,2013,"Queens County",NY,us-ny-081,0.1989998763322
Metropolitan,2013,"Rensselaer County",NY,us-ny-083,0.09699625690249
Metropolitan,2013,"Richmond County",NY,us-ny-085,0.12100051585954
Metropolitan,2013,"Rockland County",NY,us-ny-087,0.12399923463479
Metropolitan,2013,"Saratoga County",NY,us-ny-091,0.06599910443693
Metropolitan,2013,"Schenectady County",NY,us-ny-093,0.09599589809812
Metropolitan,2013,"Schoharie County",NY,us-ny-095,0.12601807929831
Metropolitan,2013,"Suffolk County",NY,us-ny-103,0.10199974895654
Metropolitan,2013,"Tioga County",NY,us-ny-107,0.090991398823
Metropolitan,2013,"Tompkins County",NY,us-ny-109,0.06899275387204
Metropolitan,2013,"Ulster County",NY,us-ny-111,0.11200225130153
Metropolitan,2013,"Warren County",NY,us-ny-113,0.092007690195
Metropolitan,2013,"Washington County",NY,us-ny-115,0.123991507431
Metropolitan,2013,"Wayne County",NY,us-ny-117,0.11299813200498
Metropolitan,2013,"Westchester County",NY,us-ny-119,0.12399947069268
Metropolitan,2013,"Yates County",NY,us-ny-123,0.14399416732487
Metropolitan,2013,"Allen County",OH,us-oh-003,0.11599578564521
Metropolitan,2013,"Belmont County",OH,us-oh-013,0.12200616552051
Metropolitan,2013,"Brown County",OH,us-oh-015,0.184987925502
Metropolitan,2013,"Butler County",OH,us-oh-017,0.11099897802759
Metropolitan,2013,"Carroll County",OH,us-oh-019,0.15001232437762
Metropolitan,2013,"Clark County",OH,us-oh-023,0.13899514333606
Metropolitan,2013,"Clermont County",OH,us-oh-025,0.11599695022987
Metropolitan,2013,"Cuyahoga County",OH,us-oh-035,0.12399973025149
Metropolitan,2013,"Delaware County",OH,us-oh-041,0.03999791948403
Metropolitan,2013,"Fairfield County",OH,us-oh-045,0.08500256278831
Metropolitan,2013,"Franklin County",OH,us-oh-049,0.10300018560005
Metropolitan,2013,"Fulton County",OH,us-oh-051,0.11398836638867
Metropolitan,2013,"Geauga County",OH,us-oh-055,0.09100693235415
Metropolitan,2013,"Greene County",OH,us-oh-057,0.0760022403858
Metropolitan,2013,"Hamilton County",OH,us-oh-061,0.11399927759258
Metropolitan,2013,"Hocking County",OH,us-oh-073,0.1329781937668
Metropolitan,2013,"Jefferson County",OH,us-oh-081,0.1100098903816
Metropolitan,2013,"Lake County",OH,us-oh-085,0.08799960579724
Metropolitan,2013,"Lawrence County",OH,us-oh-087,0.14999182796703
Metropolitan,2013,"Licking County",OH,us-oh-089,0.10700429199932
Metropolitan,2013,"Lorain County",OH,us-oh-093,0.11199968734276
Metropolitan,2013,"Lucas County",OH,us-oh-095,0.12200070051568
Metropolitan,2013,"Madison County",OH,us-oh-097,0.14200259213718
Metropolitan,2013,"Mahoning County",OH,us-oh-099,0.11299889534604
Metropolitan,2013,"Medina County",OH,us-oh-103,0.06800128719747
Metropolitan,2013,"Miami County",OH,us-oh-109,0.11600685057536
Metropolitan,2013,"Montgomery County",OH,us-oh-113,0.11799904326595
Metropolitan,2013,"Morrow County",OH,us-oh-117,0.12201365187713
Metropolitan,2013,"Perry County",OH,us-oh-127,0.15799436335338
Metropolitan,2013,"Pickaway County",OH,us-oh-129,0.15101157975258
Metropolitan,2013,"Portage County",OH,us-oh-133,0.089998733647
Metropolitan,2013,"Richland County",OH,us-oh-139,0.13800466744457
Metropolitan,2013,"Stark County",OH,us-oh-151,0.10900055947534
Metropolitan,2013,"Summit County",OH,us-oh-153,0.09699909881227
Metropolitan,2013,"Trumbull County",OH,us-oh-155,0.12299789898769
Metropolitan,2013,"Union County",OH,us-oh-159,0.07800784404199
Metropolitan,2013,"Warren County",OH,us-oh-165,0.07999774892019
Metropolitan,2013,"Wood County",OH,us-oh-173,0.06800586697277
Metropolitan,2013,"Canadian County",OK,us-ok-017,0.08599864226153
Metropolitan,2013,"Cleveland County",OK,us-ok-027,0.09100012286522
Metropolitan,2013,"Comanche County",OK,us-ok-031,0.10999687027281
Metropolitan,2013,"Cotton County",OK,us-ok-033,0.14096385542169
Metropolitan,2013,"Creek County",OK,us-ok-037,0.15200997063732
Metropolitan,2013,"Grady County",OK,us-ok-051,0.1490089833167
Metropolitan,2013,"Le Flore County",OK,us-ok-079,0.19498623908101
Metropolitan,2013,"Lincoln County",OK,us-ok-081,0.1480006924009
Metropolitan,2013,"Logan County",OK,us-ok-083,0.10701554256381
Metropolitan,2013,"Mcclain County",OK,us-ok-087,0.13001779282212
Metropolitan,2013,"Oklahoma County",OK,us-ok-109,0.14199959345806
Metropolitan,2013,"Okmulgee County",OK,us-ok-111,0.1460068781047
Metropolitan,2013,"Osage County",OK,us-ok-113,0.12399926663815
Metropolitan,2013,"Pawnee County",OK,us-ok-117,0.12502208870825
Metropolitan,2013,"Rogers County",OK,us-ok-131,0.09600569128262
Metropolitan,2013,"Sequoyah County",OK,us-ok-135,0.18701335809701
Metropolitan,2013,"Tulsa County",OK,us-ok-143,0.11399956521519
Metropolitan,2013,"Wagoner County",OK,us-ok-145,0.11200850593985
Metropolitan,2013,"Benton County",OR,us-or-003,0.05500920738158
Metropolitan,2013,"Clackamas County",OR,us-or-005,0.07600099193102
Metropolitan,2013,"Columbia County",OR,us-or-009,0.10398638936963
Metropolitan,2013,"Deschutes County",OR,us-or-017,0.06900161459165
Metropolitan,2013,"Jackson County",OR,us-or-029,0.10900183284202
Metropolitan,2013,"Josephine County",OR,us-or-033,0.11600426070168
Metropolitan,2013,"Lane County",OR,us-or-039,0.08900156268378
Metropolitan,2013,"Linn County",OR,us-or-043,0.10900593024425
Metropolitan,2013,"Marion County",OR,us-or-047,0.16800196126502
Metropolitan,2013,"Multnomah County",OR,us-or-051,0.101999874735
Metropolitan,2013,"Polk County",OR,us-or-053,0.10200616964452
Metropolitan,2013,"Washington County",OR,us-or-067,0.09200007801812
Metropolitan,2013,"Yamhill County",OR,us-or-071,0.12000555581277
Metropolitan,2013,"Adams County",PA,us-pa-001,0.1400037468836
Metropolitan,2013,"Allegheny County",PA,us-pa-003,0.07099998961314
Metropolitan,2013,"Armstrong County",PA,us-pa-005,0.11099533094203
Metropolitan,2013,"Beaver County",PA,us-pa-007,0.0900006531252
Metropolitan,2013,"Berks County",PA,us-pa-011,0.15700056229416
Metropolitan,2013,"Blair County",PA,us-pa-013,0.09099833009884
Metropolitan,2013,"Bucks County",PA,us-pa-017,0.0669996362197
Metropolitan,2013,"Butler County",PA,us-pa-019,0.07399625415112
Metropolitan,2013,"Cambria County",PA,us-pa-021,0.11199770889089
Metropolitan,2013,"Carbon County",PA,us-pa-025,0.12599477939772
Metropolitan,2013,"Centre County",PA,us-pa-027,0.07299666882576
Metropolitan,2013,"Chester County",PA,us-pa-029,0.072
Metropolitan,2013,"Columbia County",PA,us-pa-037,0.12100779078774
Metropolitan,2013,"Cumberland County",PA,us-pa-041,0.08899957220559
Metropolitan,2013,"Dauphin County",PA,us-pa-043,0.11099913307326
Metropolitan,2013,"Delaware County",PA,us-pa-045,0.08199976355781
Metropolitan,2013,"Erie County",PA,us-pa-049,0.10100209263694
Metropolitan,2013,"Fayette County",PA,us-pa-051,0.1460047810386
Metropolitan,2013,"Franklin County",PA,us-pa-055,0.14799611838913
Metropolitan,2013,"Lackawanna County",PA,us-pa-069,0.11000133886732
Metropolitan,2013,"Lancaster County",PA,us-pa-071,0.1610007533866
Metropolitan,2013,"Lebanon County",PA,us-pa-075,0.14499522113129
Metropolitan,2013,"Lehigh County",PA,us-pa-077,0.13200137470871
Metropolitan,2013,"Luzerne County",PA,us-pa-079,0.11699926318437
Metropolitan,2013,"Lycoming County",PA,us-pa-081,0.12400490662394
Metropolitan,2013,"Mercer County",PA,us-pa-085,0.11399945168607
Metropolitan,2013,"Monroe County",PA,us-pa-089,0.10399693024335
Metropolitan,2013,"Montgomery County",PA,us-pa-091,0.06499940131425
Metropolitan,2013,"Montour County",PA,us-pa-093,0.10602173256867
Metropolitan,2013,"Northampton County",PA,us-pa-095,0.11300227852805
Metropolitan,2013,"Perry County",PA,us-pa-099,0.13298693119194
Metropolitan,2013,"Philadelphia County",PA,us-pa-101,0.18799977929706
Metropolitan,2013,"Pike County",PA,us-pa-103,0.08798768222117
Metropolitan,2013,"Washington County",PA,us-pa-125,0.09600277264325
Metropolitan,2013,"Westmoreland County",PA,us-pa-129,0.07900183558312
Metropolitan,2013,"Wyoming County",PA,us-pa-131,0.10800223838836
Metropolitan,2013,"York County",PA,us-pa-133,0.11900005019828
Metropolitan,2013,"Bristol County",RI,us-ri-001,0.10201234714472
Metropolitan,2013,"Kent County",RI,us-ri-003,0.097000819631
Metropolitan,2013,"Newport County",RI,us-ri-005,0.0730068550239
Metropolitan,2013,"Providence County",RI,us-ri-007,0.1929989925051
Metropolitan,2013,"Washington County",RI,us-ri-009,0.07300352267201
Metropolitan,2013,"Aiken County",SC,us-sc-003,0.15099820811236
Metropolitan,2013,"Anderson County",SC,us-sc-007,0.18200167419009
Metropolitan,2013,"Beaufort County",SC,us-sc-013,0.08700207813073
Metropolitan,2013,"Berkeley County",SC,us-sc-015,0.13300169187647
Metropolitan,2013,"Calhoun County",SC,us-sc-017,0.17096986198479
Metropolitan,2013,"Charleston County",SC,us-sc-019,0.11700197076696
Metropolitan,2013,"Chester County",SC,us-sc-023,0.21997845988153
Metropolitan,2013,"Darlington County",SC,us-sc-031,0.20799633755532
Metropolitan,2013,"Dorchester County",SC,us-sc-035,0.10600179157958
Metropolitan,2013,"Edgefield County",SC,us-sc-037,0.18701887588316
Metropolitan,2013,"Fairfield County",SC,us-sc-039,0.18702336278901
Metropolitan,2013,"Florence County",SC,us-sc-041,0.17400252273783
Metropolitan,2013,"Greenville County",SC,us-sc-045,0.14300090176039
Metropolitan,2013,"Horry County",SC,us-sc-051,0.12299779949849
Metropolitan,2013,"Jasper County",SC,us-sc-053,0.21200840588412
Metropolitan,2013,"Kershaw County",SC,us-sc-055,0.15098927294398
Metropolitan,2013,"Lancaster County",SC,us-sc-057,0.17699705375507
Metropolitan,2013,"Laurens County",SC,us-sc-059,0.21700675690843
Metropolitan,2013,"Lexington County",SC,us-sc-063,0.11599959830843
Metropolitan,2013,"Pickens County",SC,us-sc-077,0.17799887930681
Metropolitan,2013,"Richland County",SC,us-sc-079,0.10199817215022
Metropolitan,2013,"Saluda County",SC,us-sc-081,0.23201056260544
Metropolitan,2013,"Spartanburg County",SC,us-sc-083,0.17900118428287
Metropolitan,2013,"Sumter County",SC,us-sc-085,0.17699796570764
Metropolitan,2013,"Union County",SC,us-sc-087,0.2190149374243
Metropolitan,2013,"York County",SC,us-sc-091,0.12499752499752
Metropolitan,2013,"Custer County",SD,us-sd-033,0.0640664160401
Metropolitan,2013,"Lincoln County",SD,us-sd-083,0.04399704221565
Metropolitan,2013,"Mccook County",SD,us-sd-087,0.07503908285565
Metropolitan,2013,"Meade County",SD,us-sd-093,0.06900878293601
Metropolitan,2013,"Minnehaha County",SD,us-sd-099,0.09299993788765
Metropolitan,2013,"Pennington County",SD,us-sd-103,0.08400693689192
Metropolitan,2013,"Turner County",SD,us-sd-125,0.09794871794872
Metropolitan,2013,"Union County",SD,us-sd-127,0.07299938912645
Metropolitan,2013,"Anderson County",TN,us-tn-001,0.16100894913718
Metropolitan,2013,"Blount County",TN,us-tn-009,0.13300498306221
Metropolitan,2013,"Bradley County",TN,us-tn-011,0.17700519546632
Metropolitan,2013,"Campbell County",TN,us-tn-013,0.29499564080209
Metropolitan,2013,"Cannon County",TN,us-tn-015,0.23602356102098
Metropolitan,2013,"Carter County",TN,us-tn-019,0.20100304848068
Metropolitan,2013,"Cheatham County",TN,us-tn-021,0.16800963928007
Metropolitan,2013,"Chester County",TN,us-tn-023,0.18802150936399
Metropolitan,2013,"Crockett County",TN,us-tn-033,0.24003641513251
Metropolitan,2013,"Davidson County",TN,us-tn-037,0.13600046682617
Metropolitan,2013,"Dickson County",TN,us-tn-043,0.15799024274155
Metropolitan,2013,"Fayette County",TN,us-tn-047,0.14299339691856
Metropolitan,2013,"Grainger County",TN,us-tn-057,0.25797988631395
Metropolitan,2013,"Hamblen County",TN,us-tn-063,0.19600102180627
Metropolitan,2013,"Hamilton County",TN,us-tn-065,0.13699936699115
Metropolitan,2013,"Hawkins County",TN,us-tn-073,0.18899224035018
Metropolitan,2013,"Hickman County",TN,us-tn-081,0.24497968317531
Metropolitan,2013,"Jefferson County",TN,us-tn-089,0.19501069940309
Metropolitan,2013,"Knox County",TN,us-tn-093,0.09800120052161
Metropolitan,2013,"Loudon County",TN,us-tn-105,0.15300546448087
Metropolitan,2013,"Macon County",TN,us-tn-111,0.23701233744582
Metropolitan,2013,"Madison County",TN,us-tn-113,0.14100478618575
Metropolitan,2013,"Marion County",TN,us-tn-115,0.23801361230149
Metropolitan,2013,"Maury County",TN,us-tn-119,0.1439956725568
Metropolitan,2013,"Montgomery County",TN,us-tn-125,0.09100118183353
Metropolitan,2013,"Morgan County",TN,us-tn-129,0.20299213605268
Metropolitan,2013,"Polk County",TN,us-tn-139,0.22599393530997
Metropolitan,2013,"Roane County",TN,us-tn-145,0.16199009062203
Metropolitan,2013,"Robertson County",TN,us-tn-147,0.148
Metropolitan,2013,"Rutherford County",TN,us-tn-149,0.10299763376473
Metropolitan,2013,"Sequatchie County",TN,us-tn-153,0.19497172859451
Metropolitan,2013,"Shelby County",TN,us-tn-157,0.13899981465568
Metropolitan,2013,"Smith County",TN,us-tn-159,0.21098817245326
Metropolitan,2013,"Sullivan County",TN,us-tn-163,0.15899829919921
Metropolitan,2013,"Sumner County",TN,us-tn-165,0.12900380947186
Metropolitan,2013,"Tipton County",TN,us-tn-167,0.1499961910566
Metropolitan,2013,"Trousdale County",TN,us-tn-169,0.21402775137807
Metropolitan,2013,"Unicoi County",TN,us-tn-171,0.2400299850075
Metropolitan,2013,"Union County",TN,us-tn-173,0.26997560231778
Metropolitan,2013,"Washington County",TN,us-tn-179,0.13399969135436
Metropolitan,2013,"Williamson County",TN,us-tn-187,0.05399854345496
Metropolitan,2013,"Wilson County",TN,us-tn-189,0.11300084659026
Metropolitan,2013,"Aransas County",TX,us-tx-007,0.13900725555684
Metropolitan,2013,"Archer County",TX,us-tx-009,0.13393590797042
Metropolitan,2013,"Armstrong County",TX,us-tx-011,0.11217183770883
Metropolitan,2013,"Atascosa County",TX,us-tx-013,0.26399357900614
Metropolitan,2013,"Austin County",TX,us-tx-015,0.14998944479628
Metropolitan,2013,"Bandera County",TX,us-tx-019,0.13399153737659
Metropolitan,2013,"Bastrop County",TX,us-tx-021,0.19600185211282
Metropolitan,2013,"Bell County",TX,us-tx-027,0.10499986652786
Metropolitan,2013,"Bexar County",TX,us-tx-029,0.17499958728243
Metropolitan,2013,"Bowie County",TX,us-tx-037,0.13300516384344
Metropolitan,2013,"Brazoria County",TX,us-tx-039,0.14700002925374
Metropolitan,2013,"Brazos County",TX,us-tx-041,0.14999897513682
Metropolitan,2013,"Burleson County",TX,us-tx-051,0.22301304863582
Metropolitan,2013,"Caldwell County",TX,us-tx-055,0.20998677248677
Metropolitan,2013,"Callahan County",TX,us-tx-059,0.14002333722287
Metropolitan,2013,"Cameron County",TX,us-tx-061,0.36299842686187
Metropolitan,2013,"Carson County",TX,us-tx-065,0.12411179535765
Metropolitan,2013,"Chambers County",TX,us-tx-071,0.15000439251515
Metropolitan,2013,"Clay County",TX,us-tx-077,0.11494558003716
Metropolitan,2013,"Collin County",TX,us-tx-085,0.06599993478457
Metropolitan,2013,"Comal County",TX,us-tx-091,0.10599695899802
Metropolitan,2013,"Coryell County",TX,us-tx-099,0.12499179987317
Metropolitan,2013,"Crosby County",TX,us-tx-107,0.30588538977801
Metropolitan,2013,"Dallas County",TX,us-tx-113,0.22599968670457
Metropolitan,2013,"Denton County",TX,us-tx-121,0.08199887771239
Metropolitan,2013,"Ector County",TX,us-tx-135,0.27099965598643
Metropolitan,2013,"El Paso County",TX,us-tx-141,0.26000070945516
Metropolitan,2013,"Ellis County",TX,us-tx-139,0.16300231432779
Metropolitan,2013,"Falls County",TX,us-tx-145,0.25699619142242
Metropolitan,2013,"Fort Bend County",TX,us-tx-157,0.11500002617623
Metropolitan,2013,"Galveston County",TX,us-tx-167,0.13000255297421
Metropolitan,2013,"Goliad County",TX,us-tx-175,0.14296799224054
Metropolitan,2013,"Grayson County",TX,us-tx-181,0.13699712377637
Metropolitan,2013,"Gregg County",TX,us-tx-183,0.17500127896864
Metropolitan,2013,"Guadalupe County",TX,us-tx-187,0.14000505143277
Metropolitan,2013,"Hardin County",TX,us-tx-199,0.13599055697384
Metropolitan,2013,"Harris County",TX,us-tx-201,0.21299990658556
Metropolitan,2013,"Hays County",TX,us-tx-209,0.10699571132022
Metropolitan,2013,"Hidalgo County",TX,us-tx-215,0.38199927880615
Metropolitan,2013,"Hood County",TX,us-tx-221,0.1289932885906
Metropolitan,2013,"Hudspeth County",TX,us-tx-229,0.45893501805054
Metropolitan,2013,"Hunt County",TX,us-tx-231,0.18199826668317
Metropolitan,2013,"Irion County",TX,us-tx-235,0.17484388938448
Metropolitan,2013,"Jefferson County",TX,us-tx-245,0.17599883877055
Metropolitan,2013,"Johnson County",TX,us-tx-251,0.16899501069138
Metropolitan,2013,"Jones County",TX,us-tx-253,0.27601224906431
Metropolitan,2013,"Kaufman County",TX,us-tx-257,0.17499626363772
Metropolitan,2013,"Kendall County",TX,us-tx-259,0.09998330829578
Metropolitan,2013,"Lampasas County",TX,us-tx-281,0.1400163848961
Metropolitan,2013,"Liberty County",TX,us-tx-291,0.24900635529103
Metropolitan,2013,"Lubbock County",TX,us-tx-303,0.15599946875302
Metropolitan,2013,"Lynn County",TX,us-tx-305,0.23798266351458
Metropolitan,2013,"Martin County",TX,us-tx-317,0.29804181878526
Metropolitan,2013,"Mclennan County",TX,us-tx-309,0.17699851120788
Metropolitan,2013,"Medina County",TX,us-tx-325,0.19501379582184
Metropolitan,2013,"Midland County",TX,us-tx-329,0.18199864651478
Metropolitan,2013,"Montgomery County",TX,us-tx-339,0.13699990464196
Metropolitan,2013,"Newton County",TX,us-tx-351,0.14795447554599
Metropolitan,2013,"Nueces County",TX,us-tx-355,0.20099975006248
Metropolitan,2013,"Oldham County",TX,us-tx-359,0.12713178294574
Metropolitan,2013,"Orange County",TX,us-tx-361,0.13800801478527
Metropolitan,2013,"Parker County",TX,us-tx-367,0.11899581377002
Metropolitan,2013,"Potter County",TX,us-tx-375,0.24299410515766
Metropolitan,2013,"Randall County",TX,us-tx-381,0.08899719168335
Metropolitan,2013,"Robertson County",TX,us-tx-395,0.23703163460662
Metropolitan,2013,"Rockwall County",TX,us-tx-397,0.08799598966568
Metropolitan,2013,"Rusk County",TX,us-tx-401,0.20200104450125
Metropolitan,2013,"San Patricio County",TX,us-tx-409,0.22999319331
Metropolitan,2013,"Smith County",TX,us-tx-423,0.14700046470115
Metropolitan,2013,"Somervell County",TX,us-tx-425,0.15606834595737
Metropolitan,2013,"Tarrant County",TX,us-tx-439,0.15500025443954
Metropolitan,2013,"Taylor County",TX,us-tx-441,0.14600585114296
Metropolitan,2013,"Tom Green County",TX,us-tx-451,0.17300512471076
Metropolitan,2013,"Travis County",TX,us-tx-453,0.13000039288671
Metropolitan,2013,"Upshur County",TX,us-tx-459,0.17501594806559
Metropolitan,2013,"Victoria County",TX,us-tx-469,0.18299328125276
Metropolitan,2013,"Waller County",TX,us-tx-473,0.18999918890421
Metropolitan,2013,"Webb County",TX,us-tx-479,0.35799685827321
Metropolitan,2013,"Wichita County",TX,us-tx-485,0.14699962638449
Metropolitan,2013,"Williamson County",TX,us-tx-491,0.0800009900675
Metropolitan,2013,"Wilson County",TX,us-tx-493,0.15401271696168
Metropolitan,2013,"Wise County",TX,us-tx-497,0.16200182537268
Metropolitan,2013,"Box Elder County",UT,us-ut-003,0.08300151036661
Metropolitan,2013,"Cache County",UT,us-ut-005,0.07499956587424
Metropolitan,2013,"Davis County",UT,us-ut-011,0.04599791510866
Metropolitan,2013,"Juab County",UT,us-ut-023,0.10200492437566
Metropolitan,2013,"Morgan County",UT,us-ut-029,0.02401746724891
Metropolitan,2013,"Salt Lake County",UT,us-ut-035,0.11000025096307
Metropolitan,2013,"Tooele County",UT,us-ut-045,0.08000480870375
Metropolitan,2013,"Utah County",UT,us-ut-049,0.06399850804838
Metropolitan,2013,"Washington County",UT,us-ut-053,0.08299613863904
Metropolitan,2013,"Weber County",UT,us-ut-057,0.11200039840071
Metropolitan,2013,"Albemarle County",VA,us-va-003,0.08500426142735
Metropolitan,2013,"Alexandria City",VA,us-va-510,0.08799809377177
Metropolitan,2013,"Amelia County",VA,us-va-007,0.21003655699568
Metropolitan,2013,"Amherst County",VA,us-va-009,0.2089846374345
Metropolitan,2013,"Appomattox County",VA,us-va-011,0.17798594847775
Metropolitan,2013,"Arlington County",VA,us-va-013,0.06800064467339
Metropolitan,2013,"Augusta County",VA,us-va-015,0.15799435937234
Metropolitan,2013,"Bedford County",VA,us-va-019,0.12400388333805
Metropolitan,2013,"Botetourt County",VA,us-va-023,0.09798719892201
Metropolitan,2013,"Bristol City",VA,us-va-520,0.18398786717752
Metropolitan,2013,"Buckingham County",VA,us-va-029,0.29098623118796
Metropolitan,2013,"Campbell County",VA,us-va-031,0.16300241368454
Metropolitan,2013,"Caroline County",VA,us-va-033,0.19098251712504
Metropolitan,2013,"Charles City County",VA,us-va-036,0.24091743119266
Metropolitan,2013,"Charlottesville City",VA,us-va-540,0.11798235340048
Metropolitan,2013,"Chesapeake City",VA,us-va-550,0.09799769225548
Metropolitan,2013,"Chesterfield County",VA,us-va-041,0.09899813130329
Metropolitan,2013,"Clarke County",VA,us-va-043,0.11001577287066
Metropolitan,2013,"Colonial Heights City",VA,us-va-570,0.1129971709103
Metropolitan,2013,"Craig County",VA,us-va-045,0.10293318848452
Metropolitan,2013,"Culpeper County",VA,us-va-047,0.15701481151866
Metropolitan,2013,"Dinwiddie County",VA,us-va-053,0.19798188874515
Metropolitan,2013,"Fairfax City",VA,us-va-600,0.07997752388088
Metropolitan,2013,"Fairfax County",VA,us-va-059,0.08199934792834
Metropolitan,2013,"Falls Church City",VA,us-va-610,0.02595437616387
Metropolitan,2013,"Fauquier County",VA,us-va-061,0.08599821348816
Metropolitan,2013,"Floyd County",VA,us-va-063,0.18604233943308
Metropolitan,2013,"Fluvanna County",VA,us-va-065,0.14500326583932
Metropolitan,2013,"Franklin County",VA,us-va-067,0.17399116568092
Metropolitan,2013,"Frederick County",VA,us-va-069,0.13999665657447
Metropolitan,2013,"Fredericksburg City",VA,us-va-630,0.09697502876091
Metropolitan,2013,"Giles County",VA,us-va-071,0.19503927242662
Metropolitan,2013,"Gloucester County",VA,us-va-073,0.10701889703047
Metropolitan,2013,"Goochland County",VA,us-va-075,0.12597589157454
Metropolitan,2013,"Greene County",VA,us-va-079,0.16898387224915
Metropolitan,2013,"Hampton City",VA,us-va-650,0.1079970356397
Metropolitan,2013,"Hanover County",VA,us-va-085,0.07899930259819
Metropolitan,2013,"Harrisonburg City",VA,us-va-660,0.18397914549552
Metropolitan,2013,"Henrico County",VA,us-va-087,0.09899836612915
Metropolitan,2013,"Hopewell City",VA,us-va-670,0.23199675434445
Metropolitan,2013,"Isle Of Wight County",VA,us-va-093,0.13899320815022
Metropolitan,2013,"James City County",VA,us-va-095,0.06499252370906
Metropolitan,2013,"King William County",VA,us-va-101,0.10697203826343
Metropolitan,2013,"Loudoun County",VA,us-va-107,0.06199818574848
Metropolitan,2013,"Lynchburg City",VA,us-va-680,0.14001060861143
Metropolitan,2013,"Manassas City",VA,us-va-683,0.17399711993417
Metropolitan,2013,"Manassas Park City",VA,us-va-685,0.17096394565101
Metropolitan,2013,"Mathews County",VA,us-va-115,0.11202898550725
Metropolitan,2013,"Montgomery County",VA,us-va-121,0.10399556707764
Metropolitan,2013,"Nelson County",VA,us-va-125,0.19198919891989
Metropolitan,2013,"New Kent County",VA,us-va-127,0.11198266845958
Metropolitan,2013,"Newport News City",VA,us-va-700,0.10800038798311
Metropolitan,2013,"Norfolk City",VA,us-va-710,0.14000150605503
Metropolitan,2013,"Petersburg City",VA,us-va-730,0.26300657174151
Metropolitan,2013,"Poquoson City",VA,us-va-735,0.07302426134999
Metropolitan,2013,"Portsmouth City",VA,us-va-740,0.17500118951325
Metropolitan,2013,"Powhatan County",VA,us-va-145,0.1409821339455
Metropolitan,2013,"Prince George County",VA,us-va-149,0.14001607071113
Metropolitan,2013,"Prince William County",VA,us-va-153,0.10899901909696
Metropolitan,2013,"Pulaski County",VA,us-va-155,0.18200344881643
Metropolitan,2013,"Radford City",VA,us-va-750,0.13197969543147
Metropolitan,2013,"Rappahannock County",VA,us-va-157,0.17100236492632
Metropolitan,2013,"Richmond City",VA,us-va-760,0.18500347278665
Metropolitan,2013,"Roanoke City",VA,us-va-770,0.18199949768789
Metropolitan,2013,"Roanoke County",VA,us-va-161,0.09100671546978
Metropolitan,2013,"Rockingham County",VA,us-va-165,0.19299057313053
Metropolitan,2013,"Salem City",VA,us-va-775,0.11099079588522
Metropolitan,2013,"Scott County",VA,us-va-169,0.25100878234038
Metropolitan,2013,"Spotsylvania County",VA,us-va-177,0.10899928725945
Metropolitan,2013,"Stafford County",VA,us-va-179,0.07400300656311
Metropolitan,2013,"Staunton City",VA,us-va-790,0.1540009469697
Metropolitan,2013,"Suffolk City",VA,us-va-800,0.12800588615318
Metropolitan,2013,"Sussex County",VA,us-va-183,0.30003286230693
Metropolitan,2013,"Virginia Beach City",VA,us-va-810,0.06399832009143
Metropolitan,2013,"Warren County",VA,us-va-187,0.16000776548243
Metropolitan,2013,"Washington County",VA,us-va-191,0.16798768174475
Metropolitan,2013,"Waynesboro City",VA,us-va-820,0.16403326403326
Metropolitan,2013,"Williamsburg City",VA,us-va-830,0.0829756795422
Metropolitan,2013,"Winchester City",VA,us-va-840,0.16198480313148
Metropolitan,2013,"York County",VA,us-va-199,0.05101118910279
Metropolitan,2013,"Chittenden County",VT,us-vt-007,0.06099759026703
Metropolitan,2013,"Franklin County",VT,us-vt-011,0.11199050257222
Metropolitan,2013,"Grand Isle County",VT,us-vt-013,0.08391337973705
Metropolitan,2013,"Asotin County",WA,us-wa-003,0.1030322791001
Metropolitan,2013,"Benton County",WA,us-wa-005,0.11500170444116
Metropolitan,2013,"Chelan County",WA,us-wa-007,0.16800395012961
Metropolitan,2013,"Clark County",WA,us-wa-011,0.0869982464868
Metropolitan,2013,"Columbia County",WA,us-wa-013,0.13913913913914
Metropolitan,2013,"Cowlitz County",WA,us-wa-015,0.12499640153151
Metropolitan,2013,"Douglas County",WA,us-wa-017,0.19699020622661
Metropolitan,2013,"Franklin County",WA,us-wa-021,0.29000239959861
Metropolitan,2013,"King County",WA,us-wa-033,0.07899997092516
Metropolitan,2013,"Kitsap County",WA,us-wa-035,0.06299927378359
Metropolitan,2013,"Pend Oreille County",WA,us-wa-051,0.09703930038984
Metropolitan,2013,"Pierce County",WA,us-wa-053,0.09500048417323
Metropolitan,2013,"Skagit County",WA,us-wa-057,0.11799758655437
Metropolitan,2013,"Skamania County",WA,us-wa-059,0.10394853033935
Metropolitan,2013,"Snohomish County",WA,us-wa-061,0.09000061585203
Metropolitan,2013,"Spokane County",WA,us-wa-063,0.07399957077558
Metropolitan,2013,"Stevens County",WA,us-wa-065,0.09399443626248
Metropolitan,2013,"Thurston County",WA,us-wa-067,0.06999850847302
Metropolitan,2013,"Walla Walla County",WA,us-wa-071,0.12000840137573
Metropolitan,2013,"Whatcom County",WA,us-wa-073,0.09099904852521
Metropolitan,2013,"Yakima County",WA,us-wa-077,0.29000041071697
Metropolitan,2013,"Brown County",WI,us-wi-009,0.09500170548679
Metropolitan,2013,"Calumet County",WI,us-wi-015,0.077995363592
Metropolitan,2013,"Chippewa County",WI,us-wi-017,0.09299110640063
Metropolitan,2013,"Columbia County",WI,us-wi-021,0.08499634180185
Metropolitan,2013,"Dane County",WI,us-wi-025,0.05300147226312
Metropolitan,2013,"Douglas County",WI,us-wi-031,0.07299005728584
Metropolitan,2013,"Eau Claire County",WI,us-wi-035,0.06799198944952
Metropolitan,2013,"Fond Du Lac County",WI,us-wi-039,0.09700713540103
Metropolitan,2013,"Green County",WI,us-wi-045,0.08601729738191
Metropolitan,2013,"Iowa County",WI,us-wi-049,0.07798443958181
Metropolitan,2013,"Kenosha County",WI,us-wi-059,0.11200170105761
Metropolitan,2013,"Kewaunee County",WI,us-wi-061,0.09297635605007
Metropolitan,2013,"La Crosse County",WI,us-wi-063,0.06199335639003
Metropolitan,2013,"Marathon County",WI,us-wi-073,0.1
Metropolitan,2013,"Milwaukee County",WI,us-wi-079,0.14100078501297
Metropolitan,2013,"Oconto County",WI,us-wi-083,0.1060155959896
Metropolitan,2013,"Outagamie County",WI,us-wi-087,0.06899904461561
Metropolitan,2013,"Ozaukee County",WI,us-wi-089,0.03899926416483
Metropolitan,2013,"Pierce County",WI,us-wi-093,0.06499580285406
Metropolitan,2013,"Racine County",WI,us-wi-101,0.12299926032683
Metropolitan,2013,"Rock County",WI,us-wi-105,0.1239969734052
Metropolitan,2013,"Sheboygan County",WI,us-wi-117,0.09399620012666
Metropolitan,2013,"St. Croix County",WI,us-wi-109,0.05100699747807
Metropolitan,2013,"Washington County",WI,us-wi-131,0.07500109394828
Metropolitan,2013,"Waukesha County",WI,us-wi-133,0.04400022129198
Metropolitan,2013,"Winnebago County",WI,us-wi-139,0.08900415681216
Metropolitan,2013,"Berkeley County",WV,us-wv-003,0.14099487827124
Metropolitan,2013,"Boone County",WV,us-wv-005,0.2449886038221
Metropolitan,2013,"Brooke County",WV,us-wv-009,0.10502123698144
Metropolitan,2013,"Cabell County",WV,us-wv-011,0.13699615755553
Metropolitan,2013,"Clay County",WV,us-wv-015,0.27296387017759
Metropolitan,2013,"Fayette County",WV,us-wv-019,0.20998509233624
Metropolitan,2013,"Hampshire County",WV,us-wv-027,0.21802067946824
Metropolitan,2013,"Hancock County",WV,us-wv-029,0.12101967799642
Metropolitan,2013,"Jefferson County",WV,us-wv-037,0.1230056327867
Metropolitan,2013,"Kanawha County",WV,us-wv-039,0.12099716549168
Metropolitan,2013,"Lincoln County",WV,us-wv-043,0.26103280200237
Metropolitan,2013,"Marshall County",WV,us-wv-051,0.11901845673016
Metropolitan,2013,"Mineral County",WV,us-wv-057,0.13101851851852
Metropolitan,2013,"Monongalia County",WV,us-wv-061,0.09299647555571
Metropolitan,2013,"Ohio County",WV,us-wv-069,0.0889967110619
Metropolitan,2013,"Preston County",WV,us-wv-077,0.16998698975443
Metropolitan,2013,"Putnam County",WV,us-wv-079,0.10699085047277
Metropolitan,2013,"Raleigh County",WV,us-wv-081,0.18799207326871
Metropolitan,2013,"Wayne County",WV,us-wv-099,0.22298531700386
Metropolitan,2013,"Wirt County",WV,us-wv-105,0.14406574812666
Metropolitan,2013,"Wood County",WV,us-wv-107,0.11199635042443
Metropolitan,2013,"Laramie County",WY,us-wy-021,0.06800110570904
Metropolitan,2013,"Natrona County",WY,us-wy-025,0.08199203960781
Metropolitan,2018,"Fairfield County",CT,us-ct-001,0.10110783901276
Metropolitan,2018,"Hartford County",CT,us-ct-003,0.10469984544844
Metropolitan,2018,"Middlesex County",CT,us-ct-007,0.05823624486497
Metropolitan,2018,"New Haven County",CT,us-ct-009,0.09936192208804
Metropolitan,2018,"New London County",CT,us-ct-011,0.08102177759124
Metropolitan,2018,"Tolland County",CT,us-ct-013,0.05439657870032
Metropolitan,2018,"Windham County",CT,us-ct-015,0.11350250046305
Metropolitan,2018,"Anchorage Municipality",AK,us-ak-020,0.06180922320489
Metropolitan,2018,"Fairbanks North Star Borough",AK,us-ak-090,0.05467511885895
Metropolitan,2018,"Matanuska-Susitna Borough",AK,us-ak-170,0.07630116981075
Metropolitan,2018,"Autauga County",AL,us-al-001,0.11311413657644
Metropolitan,2018,"Baldwin County",AL,us-al-003,0.09735422378545
Metropolitan,2018,"Bibb County",AL,us-al-007,0.16793409378961
Metropolitan,2018,"Blount County",AL,us-al-009,0.19837484543367
Metropolitan,2018,"Calhoun County",AL,us-al-015,0.15947431604221
Metropolitan,2018,"Chilton County",AL,us-al-021,0.17796126606921
Metropolitan,2018,"Colbert County",AL,us-al-033,0.15570164087168
Metropolitan,2018,"Elmore County",AL,us-al-051,0.13619326028085
Metropolitan,2018,"Etowah County",AL,us-al-055,0.15483019654143
Metropolitan,2018,"Geneva County",AL,us-al-061,0.20921604473599
Metropolitan,2018,"Greene County",AL,us-al-063,0.24104234527687
Metropolitan,2018,"Hale County",AL,us-al-065,0.16353887399464
Metropolitan,2018,"Henry County",AL,us-al-067,0.19824114407824
Metropolitan,2018,"Houston County",AL,us-al-069,0.14311417333817
Metropolitan,2018,"Jefferson County",AL,us-al-073,0.10256678819429
Metropolitan,2018,"Lauderdale County",AL,us-al-077,0.12579419508427
Metropolitan,2018,"Lawrence County",AL,us-al-079,0.21025860226544
Metropolitan,2018,"Lee County",AL,us-al-081,0.09526466501032
Metropolitan,2018,"Limestone County",AL,us-al-083,0.15744859551436
Metropolitan,2018,"Lowndes County",AL,us-al-085,0.2250566893424
Metropolitan,2018,"Madison County",AL,us-al-089,0.08867239575856
Metropolitan,2018,"Mobile County",AL,us-al-097,0.13772825973446
Metropolitan,2018,"Montgomery County",AL,us-al-101,0.14426627211048
Metropolitan,2018,"Morgan County",AL,us-al-103,0.16661601487947
Metropolitan,2018,"Pickens County",AL,us-al-107,0.19423274974253
Metropolitan,2018,"Russell County",AL,us-al-113,0.16675224646983
Metropolitan,2018,"Shelby County",AL,us-al-117,0.07849562828576
Metropolitan,2018,"St. Clair County",AL,us-al-115,0.15247619361429
Metropolitan,2018,"Tuscaloosa County",AL,us-al-125,0.11562161907898
Metropolitan,2018,"Washington County",AL,us-al-129,0.19557066875926
Metropolitan,2018,"Benton County",AR,us-ar-007,0.11916748599249
Metropolitan,2018,"Cleveland County",AR,us-ar-025,0.11393960674157
Metropolitan,2018,"Craighead County",AR,us-ar-031,0.10884333648393
Metropolitan,2018,"Crawford County",AR,us-ar-033,0.14842092718389
Metropolitan,2018,"Crittenden County",AR,us-ar-035,0.17565133483435
Metropolitan,2018,"Faulkner County",AR,us-ar-045,0.08668618877612
Metropolitan,2018,"Franklin County",AR,us-ar-047,0.17442438297167
Metropolitan,2018,"Garland County",AR,us-ar-051,0.1161509412693
Metropolitan,2018,"Grant County",AR,us-ar-053,0.08524091563951
Metropolitan,2018,"Jefferson County",AR,us-ar-069,0.13967423411258
Metropolitan,2018,"Lincoln County",AR,us-ar-079,0.18727326208452
Metropolitan,2018,"Little River County",AR,us-ar-081,0.11841656239336
Metropolitan,2018,"Lonoke County",AR,us-ar-085,0.11285061969993
Metropolitan,2018,"Madison County",AR,us-ar-087,0.20315331641899
Metropolitan,2018,"Miller County",AR,us-ar-091,0.14016335585358
Metropolitan,2018,"Perry County",AR,us-ar-105,0.16638981173865
Metropolitan,2018,"Poinsett County",AR,us-ar-111,0.19367685803566
Metropolitan,2018,"Pulaski County",AR,us-ar-119,0.0955911085728
Metropolitan,2018,"Saline County",AR,us-ar-125,0.09569084119497
Metropolitan,2018,"Sebastian County",AR,us-ar-131,0.16834060877075
Metropolitan,2018,"Washington County",AR,us-ar-143,0.1503369208833
Metropolitan,2018,"Cochise County",AZ,us-az-003,0.12821978574777
Metropolitan,2018,"Coconino County",AZ,us-az-005,0.10369098503391
Metropolitan,2018,"Maricopa County",AZ,us-az-013,0.12609430369864
Metropolitan,2018,"Mohave County",AZ,us-az-015,0.14726598583598
Metropolitan,2018,"Pima County",AZ,us-az-019,0.11678485673477
Metropolitan,2018,"Pinal County",AZ,us-az-021,0.14557155247181
Metropolitan,2018,"Yavapai County",AZ,us-az-025,0.09675053692095
Metropolitan,2018,"Yuma County",AZ,us-az-027,0.27864453940177
Metropolitan,2018,"Alameda County",CA,us-ca-001,0.12040255827548
Metropolitan,2018,"Butte County",CA,us-ca-007,0.10699168300764
Metropolitan,2018,"Contra Costa County",CA,us-ca-013,0.10620190631997
Metropolitan,2018,"El Dorado County",CA,us-ca-017,0.0690266931916
Metropolitan,2018,"Fresno County",CA,us-ca-019,0.24708761871233
Metropolitan,2018,"Imperial County",CA,us-ca-025,0.31030382849513
Metropolitan,2018,"Kern County",CA,us-ca-029,0.26232663033264
Metropolitan,2018,"Kings County",CA,us-ca-031,0.26288710044302
Metropolitan,2018,"Los Angeles County",CA,us-ca-037,0.213384025597
Metropolitan,2018,"Madera County",CA,us-ca-039,0.2811730144823
Metropolitan,2018,"Marin County",CA,us-ca-041,0.06761274476359
Metropolitan,2018,"Merced County",CA,us-ca-047,0.30647202500728
Metropolitan,2018,"Monterey County",CA,us-ca-053,0.28709639818161
Metropolitan,2018,"Napa County",CA,us-ca-055,0.14935858277337
Metropolitan,2018,"Orange County",CA,us-ca-059,0.14889064062854
Metropolitan,2018,"Placer County",CA,us-ca-061,0.05425206133726
Metropolitan,2018,"Riverside County",CA,us-ca-065,0.18317193047577
Metropolitan,2018,"Sacramento County",CA,us-ca-067,0.12630064912678
Metropolitan,2018,"San Benito County",CA,us-ca-069,0.20112406765417
Metropolitan,2018,"San Bernardino County",CA,us-ca-071,0.20489175161742
Metropolitan,2018,"San Diego County",CA,us-ca-073,0.12863681176733
Metropolitan,2018,"San Francisco County",CA,us-ca-075,0.11515899476616
Metropolitan,2018,"San Joaquin County",CA,us-ca-077,0.21147353880197
Metropolitan,2018,"San Luis Obispo County",CA,us-ca-079,0.09129296602172
Metropolitan,2018,"San Mateo County",CA,us-ca-081,0.10830280763425
Metropolitan,2018,"Santa Barbara County",CA,us-ca-083,0.19006263352994
Metropolitan,2018,"Santa Clara County",CA,us-ca-085,0.11911684611207
Metropolitan,2018,"Santa Cruz County",CA,us-ca-087,0.135985240265
Metropolitan,2018,"Shasta County",CA,us-ca-089,0.09200085611688
Metropolitan,2018,"Solano County",CA,us-ca-095,0.12024241372521
Metropolitan,2018,"Sonoma County",CA,us-ca-097,0.1196503598087
Metropolitan,2018,"Stanislaus County",CA,us-ca-099,0.21671108914503
Metropolitan,2018,"Sutter County",CA,us-ca-101,0.22013468121695
Metropolitan,2018,"Tulare County",CA,us-ca-107,0.30231572844544
Metropolitan,2018,"Ventura County",CA,us-ca-111,0.15561555361444
Metropolitan,2018,"Yolo County",CA,us-ca-113,0.13628971480703
Metropolitan,2018,"Yuba County",CA,us-ca-115,0.17961483866867
Metropolitan,2018,"Adams County",CO,us-co-001,0.16998544661296
Metropolitan,2018,"Arapahoe County",CO,us-co-005,0.07646567935787
Metropolitan,2018,"Boulder County",CO,us-co-013,0.04946390278771
Metropolitan,2018,"Broomfield County",CO,us-co-014,0.03211755906551
Metropolitan,2018,"Clear Creek County",CO,us-co-019,0.01674608577263
Metropolitan,2018,"Denver County",CO,us-co-031,0.12896996010657
Metropolitan,2018,"Douglas County",CO,us-co-035,0.02019512195122
Metropolitan,2018,"El Paso County",CO,us-co-041,0.0628655962867
Metropolitan,2018,"Elbert County",CO,us-co-039,0.03341570257217
Metropolitan,2018,"Gilpin County",CO,us-co-047,0.02425531914894
Metropolitan,2018,"Jefferson County",CO,us-co-059,0.05584515927118
Metropolitan,2018,"Larimer County",CO,us-co-069,0.04245323542578
Metropolitan,2018,"Mesa County",CO,us-co-077,0.09923151097215
Metropolitan,2018,"Park County",CO,us-co-093,0.02960283478518
Metropolitan,2018,"Pueblo County",CO,us-co-101,0.10558206874363
Metropolitan,2018,"Teller County",CO,us-co-119,0.04222490665495
Metropolitan,2018,"Weld County",CO,us-co-123,0.11928588456546
Metropolitan,2018,"District Of Columbia",DC,us-dc-001,0.09405911113575
Metropolitan,2018,"Kent County",DE,us-de-001,0.12864368370714
Metropolitan,2018,"New Castle County",DE,us-de-003,0.08538191222892
Metropolitan,2018,"Sussex County",DE,us-de-005,0.12276773423878
Metropolitan,2018,"Alachua County",FL,us-fl-001,0.07605126176528
Metropolitan,2018,"Baker County",FL,us-fl-003,0.1546706683102
Metropolitan,2018,"Bay County",FL,us-fl-005,0.09679665738162
Metropolitan,2018,"Brevard County",FL,us-fl-009,0.08021538230828
Metropolitan,2018,"Broward County",FL,us-fl-011,0.11164133774767
Metropolitan,2018,"Charlotte County",FL,us-fl-015,0.09706651976312
Metropolitan,2018,"Citrus County",FL,us-fl-017,0.11928373443618
Metropolitan,2018,"Clay County",FL,us-fl-019,0.088883688939
Metropolitan,2018,"Collier County",FL,us-fl-021,0.13593971824833
Metropolitan,2018,"Duval County",FL,us-fl-031,0.10453836206691
Metropolitan,2018,"Escambia County",FL,us-fl-033,0.09160294364408
Metropolitan,2018,"Flagler County",FL,us-fl-035,0.07980552008644
Metropolitan,2018,"Gadsden County",FL,us-fl-039,0.20661105577689
Metropolitan,2018,"Gilchrist County",FL,us-fl-041,0.14070647603028
Metropolitan,2018,"Hernando County",FL,us-fl-053,0.12598505932328
Metropolitan,2018,"Highlands County",FL,us-fl-055,0.15260035619563
Metropolitan,2018,"Hillsborough County",FL,us-fl-057,0.11602251864264
Metropolitan,2018,"Indian River County",FL,us-fl-061,0.11271088973634
Metropolitan,2018,"Jefferson County",FL,us-fl-065,0.17928505957837
Metropolitan,2018,"Lake County",FL,us-fl-069,0.106864328238
Metropolitan,2018,"Lee County",FL,us-fl-071,0.11997040017403
Metropolitan,2018,"Leon County",FL,us-fl-073,0.06362957343073
Metropolitan,2018,"Levy County",FL,us-fl-075,0.15734805114669
Metropolitan,2018,"Manatee County",FL,us-fl-081,0.10767165006534
Metropolitan,2018,"Marion County",FL,us-fl-083,0.12657509496896
Metropolitan,2018,"Martin County",FL,us-fl-085,0.09450993322892
Metropolitan,2018,"Miami-Dade County",FL,us-fl-086,0.18507510655958
Metropolitan,2018,"Nassau County",FL,us-fl-089,0.0862695179905
Metropolitan,2018,"Okaloosa County",FL,us-fl-091,0.08168549049839
Metropolitan,2018,"Orange County",FL,us-fl-095,0.11512036473059
Metropolitan,2018,"Osceola County",FL,us-fl-097,0.13239120177942
Metropolitan,2018,"Palm Beach County",FL,us-fl-099,0.11802110827948
Metropolitan,2018,"Pasco County",FL,us-fl-101,0.10953441120526
Metropolitan,2018,"Pinellas County",FL,us-fl-103,0.08889334818552
Metropolitan,2018,"Polk County",FL,us-fl-105,0.15177219877385
Metropolitan,2018,"Santa Rosa County",FL,us-fl-113,0.08440588418983
Metropolitan,2018,"Sarasota County",FL,us-fl-115,0.07175928042599
Metropolitan,2018,"Seminole County",FL,us-fl-117,0.05707863477762
Metropolitan,2018,"St. Johns County",FL,us-fl-109,0.05414226744744
Metropolitan,2018,"St. Lucie County",FL,us-fl-111,0.1387810805419
Metropolitan,2018,"Sumter County",FL,us-fl-119,0.08427951629281
Metropolitan,2018,"Volusia County",FL,us-fl-127,0.10016289574159
Metropolitan,2018,"Wakulla County",FL,us-fl-129,0.12065439672802
Metropolitan,2018,"Walton County",FL,us-fl-131,0.11518596112759
Metropolitan,2018,"Barrow County",GA,us-ga-013,0.16951377150244
Metropolitan,2018,"Bartow County",GA,us-ga-015,0.16970012886785
Metropolitan,2018,"Bibb County",GA,us-ga-021,0.14260798091477
Metropolitan,2018,"Brantley County",GA,us-ga-025,0.20028726460262
Metropolitan,2018,"Brooks County",GA,us-ga-027,0.17231434751262
Metropolitan,2018,"Bryan County",GA,us-ga-029,0.08061513915972
Metropolitan,2018,"Burke County",GA,us-ga-033,0.20802448146889
Metropolitan,2018,"Butts County",GA,us-ga-035,0.20796222129237
Metropolitan,2018,"Carroll County",GA,us-ga-045,0.162957063807
Metropolitan,2018,"Catoosa County",GA,us-ga-047,0.12563343205002
Metropolitan,2018,"Chatham County",GA,us-ga-051,0.10385898790715
Metropolitan,2018,"Chattahoochee County",GA,us-ga-053,0.07175071750718
Metropolitan,2018,"Cherokee County",GA,us-ga-057,0.08623496567562
Metropolitan,2018,"Clarke County",GA,us-ga-059,0.12878995006691
Metropolitan,2018,"Clayton County",GA,us-ga-063,0.15250229488386
Metropolitan,2018,"Cobb County",GA,us-ga-067,0.08222376868493
Metropolitan,2018,"Columbia County",GA,us-ga-073,0.07381192085636
Metropolitan,2018,"Coweta County",GA,us-ga-077,0.11225166271038
Metropolitan,2018,"Crawford County",GA,us-ga-079,0.16482515092835
Metropolitan,2018,"Dade County",GA,us-ga-083,0.2086901649689
Metropolitan,2018,"Dawson County",GA,us-ga-085,0.13987166656855
Metropolitan,2018,"Dekalb County",GA,us-ga-089,0.11030572942221
Metropolitan,2018,"Dougherty County",GA,us-ga-095,0.1748868074517
Metropolitan,2018,"Douglas County",GA,us-ga-097,0.12025032057254
Metropolitan,2018,"Echols County",GA,us-ga-101,0.28495762711864
Metropolitan,2018,"Effingham County",GA,us-ga-103,0.1200052541705
Metropolitan,2018,"Fayette County",GA,us-ga-113,0.05201722424644
Metropolitan,2018,"Floyd County",GA,us-ga-115,0.19021018303244
Metropolitan,2018,"Forsyth County",GA,us-ga-117,0.0716111451446
Metropolitan,2018,"Fulton County",GA,us-ga-121,0.07932420998365
Metropolitan,2018,"Glynn County",GA,us-ga-127,0.12082460777919
Metropolitan,2018,"Gwinnett County",GA,us-ga-135,0.12334355726478
Metropolitan,2018,"Hall County",GA,us-ga-139,0.21617262972403
Metropolitan,2018,"Haralson County",GA,us-ga-143,0.19281327716591
Metropolitan,2018,"Harris County",GA,us-ga-145,0.09229195960629
Metropolitan,2018,"Heard County",GA,us-ga-149,0.20745078494892
Metropolitan,2018,"Henry County",GA,us-ga-151,0.09559076938226
Metropolitan,2018,"Houston County",GA,us-ga-153,0.09130518292375
Metropolitan,2018,"Jasper County",GA,us-ga-159,0.21392929185689
Metropolitan,2018,"Jones County",GA,us-ga-169,0.12648383135489
Metropolitan,2018,"Lamar County",GA,us-ga-171,0.13284474770449
Metropolitan,2018,"Lanier County",GA,us-ga-173,0.20623536299766
Metropolitan,2018,"Lee County",GA,us-ga-177,0.09438062713443
Metropolitan,2018,"Liberty County",GA,us-ga-179,0.09129446113248
Metropolitan,2018,"Lincoln County",GA,us-ga-181,0.17588379418971
Metropolitan,2018,"Long County",GA,us-ga-183,0.14845888898702
Metropolitan,2018,"Lowndes County",GA,us-ga-185,0.14870933206447
Metropolitan,2018,"Madison County",GA,us-ga-195,0.16744771982867
Metropolitan,2018,"Marion County",GA,us-ga-197,0.2305306122449
Metropolitan,2018,"Mcduffie County",GA,us-ga-189,0.17828427602601
Metropolitan,2018,"Mcintosh County",GA,us-ga-191,0.13703738230633
Metropolitan,2018,"Meriwether County",GA,us-ga-199,0.20859020391572
Metropolitan,2018,"Monroe County",GA,us-ga-207,0.15001837173902
Metropolitan,2018,"Morgan County",GA,us-ga-211,0.13486999521455
Metropolitan,2018,"Murray County",GA,us-ga-213,0.30655294520809
Metropolitan,2018,"Muscogee County",GA,us-ga-215,0.12658347068519
Metropolitan,2018,"Newton County",GA,us-ga-217,0.14187171831566
Metropolitan,2018,"Oconee County",GA,us-ga-219,0.05487098908369
Metropolitan,2018,"Oglethorpe County",GA,us-ga-221,0.20625177070545
Metropolitan,2018,"Paulding County",GA,us-ga-223,0.09913999521111
Metropolitan,2018,"Peach County",GA,us-ga-225,0.16014929658341
Metropolitan,2018,"Pickens County",GA,us-ga-227,0.15121383140733
Metropolitan,2018,"Pike County",GA,us-ga-231,0.1302541544477
Metropolitan,2018,"Richmond County",GA,us-ga-245,0.16596377502383
Metropolitan,2018,"Rockdale County",GA,us-ga-247,0.11771990780557
Metropolitan,2018,"Spalding County",GA,us-ga-255,0.18144968460365
Metropolitan,2018,"Stewart County",GA,us-ga-259,0.28370663153272
Metropolitan,2018,"Talbot County",GA,us-ga-263,0.19478334034497
Metropolitan,2018,"Terrell County",GA,us-ga-273,0.23424905412074
Metropolitan,2018,"Twiggs County",GA,us-ga-289,0.29183841714757
Metropolitan,2018,"Walker County",GA,us-ga-295,0.1812576553385
Metropolitan,2018,"Walton County",GA,us-ga-297,0.12747017385339
Metropolitan,2018,"Whitfield County",GA,us-ga-313,0.3060187128891
Metropolitan,2018,"Worth County",GA,us-ga-321,0.18745153330983
Metropolitan,2018,"Honolulu County",HI,us-hi-003,0.08319585372267
Metropolitan,2018,"Maui County",HI,us-hi-009,0.07969728512192
Metropolitan,2018,"Benton County",IA,us-ia-011,0.06140003395394
Metropolitan,2018,"Black Hawk County",IA,us-ia-013,0.08687339427615
Metropolitan,2018,"Boone County",IA,us-ia-015,0.05707169157462
Metropolitan,2018,"Bremer County",IA,us-ia-017,0.03815999019968
Metropolitan,2018,"Dallas County",IA,us-ia-049,0.04676804001387
Metropolitan,2018,"Dubuque County",IA,us-ia-061,0.07606288236661
Metropolitan,2018,"Grundy County",IA,us-ia-075,0.05797773654917
Metropolitan,2018,"Guthrie County",IA,us-ia-077,0.07164694935531
Metropolitan,2018,"Harrison County",IA,us-ia-085,0.08214610488027
Metropolitan,2018,"Jasper County",IA,us-ia-099,0.0625457628425
Metropolitan,2018,"Johnson County",IA,us-ia-103,0.04749988414662
Metropolitan,2018,"Jones County",IA,us-ia-105,0.08288312931683
Metropolitan,2018,"Linn County",IA,us-ia-113,0.05333485533181
Metropolitan,2018,"Madison County",IA,us-ia-121,0.05145351537104
Metropolitan,2018,"Mills County",IA,us-ia-129,0.06563106796117
Metropolitan,2018,"Polk County",IA,us-ia-153,0.08502405287805
Metropolitan,2018,"Pottawattamie County",IA,us-ia-155,0.10545252813441
Metropolitan,2018,"Scott County",IA,us-ia-163,0.07061199931236
Metropolitan,2018,"Story County",IA,us-ia-169,0.02930941918037
Metropolitan,2018,"Warren County",IA,us-ia-181,0.0432440798638
Metropolitan,2018,"Washington County",IA,us-ia-183,0.08921535893155
Metropolitan,2018,"Woodbury County",IA,us-ia-193,0.13288060934202
Metropolitan,2018,"Ada County",ID,us-id-001,0.04860100708716
Metropolitan,2018,"Bannock County",ID,us-id-005,0.08145346986914
Metropolitan,2018,"Boise County",ID,us-id-015,0.06265845708077
Metropolitan,2018,"Bonneville County",ID,us-id-019,0.08296331263184
Metropolitan,2018,"Butte County",ID,us-id-023,0.04994850669413
Metropolitan,2018,"Canyon County",ID,us-id-027,0.15392256514507
Metropolitan,2018,"Franklin County",ID,us-id-041,0.08785922268642
Metropolitan,2018,"Gem County",ID,us-id-045,0.1209266802444
Metropolitan,2018,"Jefferson County",ID,us-id-051,0.10914196567863
Metropolitan,2018,"Jerome County",ID,us-id-053,0.22308781869688
Metropolitan,2018,"Kootenai County",ID,us-id-055,0.07493474066508
Metropolitan,2018,"Nez Perce County",ID,us-id-069,0.07729312511219
Metropolitan,2018,"Owyhee County",ID,us-id-073,0.24959655728886
Metropolitan,2018,"Power County",ID,us-id-077,0.19146743610882
Metropolitan,2018,"Twin Falls County",ID,us-id-083,0.12215791649442
Metropolitan,2018,"Alexander County",IL,us-il-003,0.19080105633803
Metropolitan,2018,"Bond County",IL,us-il-005,0.10285037638501
Metropolitan,2018,"Boone County",IL,us-il-007,0.13843158587912
Metropolitan,2018,"Calhoun County",IL,us-il-013,0.09374106887682
Metropolitan,2018,"Champaign County",IL,us-il-019,0.04888771579633
Metropolitan,2018,"Clinton County",IL,us-il-027,0.100933248379
Metropolitan,2018,"Cook County",IL,us-il-031,0.1330978924341
Metropolitan,2018,"Dekalb County",IL,us-il-037,0.07613708586608
Metropolitan,2018,"Dupage County",IL,us-il-043,0.07402133886073
Metropolitan,2018,"Fulton County",IL,us-il-057,0.11943098327341
Metropolitan,2018,"Grundy County",IL,us-il-063,0.06914021755327
Metropolitan,2018,"Henry County",IL,us-il-073,0.09809130547775
Metropolitan,2018,"Jackson County",IL,us-il-077,0.07823206297072
Metropolitan,2018,"Jersey County",IL,us-il-083,0.08283635887017
Metropolitan,2018,"Johnson County",IL,us-il-087,0.17759237187128
Metropolitan,2018,"Kane County",IL,us-il-089,0.15941602864545
Metropolitan,2018,"Kankakee County",IL,us-il-091,0.12147928425274
Metropolitan,2018,"Kendall County",IL,us-il-093,0.07867253692375
Metropolitan,2018,"Lake County",IL,us-il-097,0.09439222070511
Metropolitan,2018,"Macon County",IL,us-il-115,0.09718694524102
Metropolitan,2018,"Macoupin County",IL,us-il-117,0.08972575209473
Metropolitan,2018,"Madison County",IL,us-il-119,0.07875923382256
Metropolitan,2018,"Marshall County",IL,us-il-123,0.0720403613751
Metropolitan,2018,"Mchenry County",IL,us-il-111,0.07188184177585
Metropolitan,2018,"Mclean County",IL,us-il-113,0.04115939269906
Metropolitan,2018,"Menard County",IL,us-il-129,0.06599680292304
Metropolitan,2018,"Mercer County",IL,us-il-131,0.0858265606859
Metropolitan,2018,"Monroe County",IL,us-il-133,0.03992459153749
Metropolitan,2018,"Peoria County",IL,us-il-143,0.09562474727052
Metropolitan,2018,"Piatt County",IL,us-il-147,0.06392339544513
Metropolitan,2018,"Rock Island County",IL,us-il-161,0.11119338022673
Metropolitan,2018,"Sangamon County",IL,us-il-167,0.07625159147118
Metropolitan,2018,"St. Clair County",IL,us-il-163,0.09204048523905
Metropolitan,2018,"Stark County",IL,us-il-175,0.09090909090909
Metropolitan,2018,"Tazewell County",IL,us-il-179,0.07433929546257
Metropolitan,2018,"Vermilion County",IL,us-il-183,0.11917088726318
Metropolitan,2018,"Will County",IL,us-il-197,0.09091111894383
Metropolitan,2018,"Williamson County",IL,us-il-199,0.08795000736424
Metropolitan,2018,"Winnebago County",IL,us-il-201,0.12324807513282
Metropolitan,2018,"Woodford County",IL,us-il-203,0.05474494706449
Metropolitan,2018,"Allen County",IN,us-in-003,0.1074240250859
Metropolitan,2018,"Bartholomew County",IN,us-in-005,0.09052221581073
Metropolitan,2018,"Benton County",IN,us-in-007,0.10540772532189
Metropolitan,2018,"Boone County",IN,us-in-011,0.06382727143736
Metropolitan,2018,"Brown County",IN,us-in-013,0.08787315085481
Metropolitan,2018,"Carroll County",IN,us-in-015,0.10832317728869
Metropolitan,2018,"Clark County",IN,us-in-019,0.10785714285714
Metropolitan,2018,"Clay County",IN,us-in-021,0.08354861760018
Metropolitan,2018,"Dearborn County",IN,us-in-029,0.09381126554499
Metropolitan,2018,"Delaware County",IN,us-in-035,0.10714888351426
Metropolitan,2018,"Elkhart County",IN,us-in-039,0.18800605519544
Metropolitan,2018,"Floyd County",IN,us-in-043,0.09722460331067
Metropolitan,2018,"Franklin County",IN,us-in-047,0.11836027713626
Metropolitan,2018,"Hamilton County",IN,us-in-057,0.03606461230175
Metropolitan,2018,"Hancock County",IN,us-in-059,0.0620662304184
Metropolitan,2018,"Harrison County",IN,us-in-061,0.10962105414539
Metropolitan,2018,"Hendricks County",IN,us-in-063,0.06648637520587
Metropolitan,2018,"Howard County",IN,us-in-067,0.1113468214173
Metropolitan,2018,"Jasper County",IN,us-in-073,0.11778383937754
Metropolitan,2018,"Johnson County",IN,us-in-081,0.07997657963421
Metropolitan,2018,"Lake County",IN,us-in-089,0.11933056747064
Metropolitan,2018,"Laporte County",IN,us-in-091,0.11704165911504
Metropolitan,2018,"Madison County",IN,us-in-095,0.11943497429177
Metropolitan,2018,"Marion County",IN,us-in-097,0.14312604966242
Metropolitan,2018,"Monroe County",IN,us-in-105,0.07836990595611
Metropolitan,2018,"Morgan County",IN,us-in-109,0.1234573057406
Metropolitan,2018,"Newton County",IN,us-in-111,0.14514343231002
Metropolitan,2018,"Ohio County",IN,us-in-115,0.12315046665149
Metropolitan,2018,"Owen County",IN,us-in-119,0.14834907239971
Metropolitan,2018,"Parke County",IN,us-in-121,0.13148040276275
Metropolitan,2018,"Porter County",IN,us-in-127,0.06851691996477
Metropolitan,2018,"Posey County",IN,us-in-129,0.06710885680843
Metropolitan,2018,"Putnam County",IN,us-in-133,0.10804922332056
Metropolitan,2018,"Shelby County",IN,us-in-145,0.11966173361522
Metropolitan,2018,"St. Joseph County",IN,us-in-141,0.11551228526453
Metropolitan,2018,"Sullivan County",IN,us-in-153,0.11259747243883
Metropolitan,2018,"Tippecanoe County",IN,us-in-157,0.08277355615819
Metropolitan,2018,"Union County",IN,us-in-161,0.11407525383237
Metropolitan,2018,"Vanderburgh County",IN,us-in-163,0.10258275148694
Metropolitan,2018,"Vermillion County",IN,us-in-165,0.09699453551913
Metropolitan,2018,"Vigo County",IN,us-in-167,0.11919648025935
Metropolitan,2018,"Warren County",IN,us-in-171,0.08453818676646
Metropolitan,2018,"Warrick County",IN,us-in-173,0.06995166804197
Metropolitan,2018,"Washington County",IN,us-in-175,0.15440258118235
Metropolitan,2018,"Whitley County",IN,us-in-183,0.07303757200585
Metropolitan,2018,"Butler County",KS,us-ks-015,0.07460973370064
Metropolitan,2018,"Doniphan County",KS,us-ks-043,0.09970384995064
Metropolitan,2018,"Douglas County",KS,us-ks-045,0.04476500562118
Metropolitan,2018,"Geary County",KS,us-ks-061,0.05954682130584
Metropolitan,2018,"Harvey County",KS,us-ks-079,0.09047934614535
Metropolitan,2018,"Jackson County",KS,us-ks-085,0.05509274686216
Metropolitan,2018,"Jefferson County",KS,us-ks-087,0.0648624130632
Metropolitan,2018,"Johnson County",KS,us-ks-091,0.04144713109132
Metropolitan,2018,"Leavenworth County",KS,us-ks-103,0.08105160014051
Metropolitan,2018,"Linn County",KS,us-ks-107,0.10962133490497
Metropolitan,2018,"Miami County",KS,us-ks-121,0.04259969667232
Metropolitan,2018,"Osage County",KS,us-ks-139,0.08824870088431
Metropolitan,2018,"Pottawatomie County",KS,us-ks-149,0.05268795608221
Metropolitan,2018,"Riley County",KS,us-ks-161,0.04230748903335
Metropolitan,2018,"Sedgwick County",KS,us-ks-173,0.10702080968596
Metropolitan,2018,"Shawnee County",KS,us-ks-177,0.07951288803236
Metropolitan,2018,"Sumner County",KS,us-ks-191,0.07743871297242
Metropolitan,2018,"Wabaunsee County",KS,us-ks-197,0.04815205913411
Metropolitan,2018,"Wyandotte County",KS,us-ks-209,0.20896586955055
Metropolitan,2018,"Allen County",KY,us-ky-003,0.19048960901726
Metropolitan,2018,"Boone County",KY,us-ky-015,0.07198052792022
Metropolitan,2018,"Bourbon County",KY,us-ky-017,0.14951539338655
Metropolitan,2018,"Boyd County",KY,us-ky-019,0.11467809657103
Metropolitan,2018,"Bracken County",KY,us-ky-023,0.1512307419869
Metropolitan,2018,"Bullitt County",KY,us-ky-029,0.11990534267771
Metropolitan,2018,"Butler County",KY,us-ky-031,0.21901056142301
Metropolitan,2018,"Campbell County",KY,us-ky-037,0.09229114264471
Metropolitan,2018,"Carter County",KY,us-ky-043,0.21882390883681
Metropolitan,2018,"Christian County",KY,us-ky-047,0.14041505108884
Metropolitan,2018,"Clark County",KY,us-ky-049,0.1456442108616
Metropolitan,2018,"Daviess County",KY,us-ky-059,0.10016349583829
Metropolitan,2018,"Edmonson County",KY,us-ky-061,0.20998278829604
Metropolitan,2018,"Fayette County",KY,us-ky-067,0.09134543127397
Metropolitan,2018,"Gallatin County",KY,us-ky-077,0.18945918015846
Metropolitan,2018,"Grant County",KY,us-ky-081,0.13535721006084
Metropolitan,2018,"Greenup County",KY,us-ky-089,0.1163486130238
Metropolitan,2018,"Hancock County",KY,us-ky-091,0.15086206896552
Metropolitan,2018,"Hardin County",KY,us-ky-093,0.09496780752287
Metropolitan,2018,"Henderson County",KY,us-ky-101,0.13215638401102
Metropolitan,2018,"Henry County",KY,us-ky-103,0.15799703813402
Metropolitan,2018,"Jefferson County",KY,us-ky-111,0.10000946324476
Metropolitan,2018,"Jessamine County",KY,us-ky-113,0.13277571432749
Metropolitan,2018,"Kenton County",KY,us-ky-117,0.10297118310363
Metropolitan,2018,"Larue County",KY,us-ky-123,0.17590629102292
Metropolitan,2018,"Mclean County",KY,us-ky-149,0.12785245389184
Metropolitan,2018,"Meade County",KY,us-ky-163,0.11765923319708
Metropolitan,2018,"Oldham County",KY,us-ky-185,0.06144332762055
Metropolitan,2018,"Pendleton County",KY,us-ky-191,0.17185318172751
Metropolitan,2018,"Scott County",KY,us-ky-209,0.09596119068806
Metropolitan,2018,"Shelby County",KY,us-ky-211,0.14719934619979
Metropolitan,2018,"Spencer County",KY,us-ky-215,0.10225125944584
Metropolitan,2018,"Trigg County",KY,us-ky-221,0.12626656274357
Metropolitan,2018,"Warren County",KY,us-ky-227,0.12295499353693
Metropolitan,2018,"Woodford County",KY,us-ky-239,0.10861650485437
Metropolitan,2018,"Acadia Parish",LA,us-la-001,0.21832124656997
Metropolitan,2018,"Ascension Parish",LA,us-la-005,0.11644054575911
Metropolitan,2018,"Assumption Parish",LA,us-la-007,0.26404530536071
Metropolitan,2018,"Bossier Parish",LA,us-la-015,0.10685179595533
Metropolitan,2018,"Caddo Parish",LA,us-la-017,0.13442461804036
Metropolitan,2018,"Calcasieu Parish",LA,us-la-019,0.13506236149244
Metropolitan,2018,"Cameron Parish",LA,us-la-023,0.18138175746191
Metropolitan,2018,"De Soto Parish",LA,us-la-031,0.17625040685689
Metropolitan,2018,"East Baton Rouge Parish",LA,us-la-033,0.09744739750427
Metropolitan,2018,"East Feliciana Parish",LA,us-la-037,0.20213213634451
Metropolitan,2018,"Grant Parish",LA,us-la-043,0.18290233492342
Metropolitan,2018,"Iberia Parish",LA,us-la-045,0.21298728813559
Metropolitan,2018,"Iberville Parish",LA,us-la-047,0.21031089436558
Metropolitan,2018,"Jefferson Parish",LA,us-la-051,0.14603739690282
Metropolitan,2018,"Lafayette Parish",LA,us-la-055,0.12487486861204
Metropolitan,2018,"Lafourche Parish",LA,us-la-057,0.22656521279647
Metropolitan,2018,"Livingston Parish",LA,us-la-063,0.14435022026432
Metropolitan,2018,"Morehouse Parish",LA,us-la-067,0.20336435632117
Metropolitan,2018,"Orleans Parish",LA,us-la-071,0.13846058624569
Metropolitan,2018,"Ouachita Parish",LA,us-la-073,0.13682707184512
Metropolitan,2018,"Plaquemines Parish",LA,us-la-075,0.17060247268921
Metropolitan,2018,"Pointe Coupee Parish",LA,us-la-077,0.19749094671495
Metropolitan,2018,"Rapides Parish",LA,us-la-079,0.14712182986663
Metropolitan,2018,"St. Bernard Parish",LA,us-la-087,0.17632760541508
Metropolitan,2018,"St. Charles Parish",LA,us-la-089,0.10471698113208
Metropolitan,2018,"St. Helena Parish",LA,us-la-091,0.24327277694304
Metropolitan,2018,"St. James Parish",LA,us-la-093,0.14739586907294
Metropolitan,2018,"St. John The Baptist Parish",LA,us-la-095,0.13816751375061
Metropolitan,2018,"St. Martin Parish",LA,us-la-099,0.19117236761341
Metropolitan,2018,"St. Tammany Parish",LA,us-la-103,0.09762465325532
Metropolitan,2018,"Tangipahoa Parish",LA,us-la-105,0.1668306678206
Metropolitan,2018,"Terrebonne Parish",LA,us-la-109,0.21488610062127
Metropolitan,2018,"Union Parish",LA,us-la-111,0.1439213923319
Metropolitan,2018,"Vermilion Parish",LA,us-la-113,0.21595098263545
Metropolitan,2018,"West Baton Rouge Parish",LA,us-la-121,0.15008353978222
Metropolitan,2018,"West Feliciana Parish",LA,us-la-125,0.17992733878292
Metropolitan,2018,"Barnstable County",MA,us-ma-001,0.0450476605216
Metropolitan,2018,"Berkshire County",MA,us-ma-003,0.08898715383126
Metropolitan,2018,"Bristol County",MA,us-ma-005,0.15091356379571
Metropolitan,2018,"Essex County",MA,us-ma-009,0.10747688694036
Metropolitan,2018,"Franklin County",MA,us-ma-011,0.06897199774478
Metropolitan,2018,"Hampden County",MA,us-ma-013,0.14703520574623
Metropolitan,2018,"Hampshire County",MA,us-ma-015,0.05593849683528
Metropolitan,2018,"Middlesex County",MA,us-ma-017,0.06875860994122
Metropolitan,2018,"Norfolk County",MA,us-ma-021,0.06119988866422
Metropolitan,2018,"Plymouth County",MA,us-ma-023,0.07084300730297
Metropolitan,2018,"Suffolk County",MA,us-ma-025,0.14478559019841
Metropolitan,2018,"Worcester County",MA,us-ma-027,0.09587390681918
Metropolitan,2018,"Allegany County",MD,us-md-001,0.10047818290496
Metropolitan,2018,"Anne Arundel County",MD,us-md-003,0.07851810114101
Metropolitan,2018,"Baltimore City",MD,us-md-510,0.15104174026916
Metropolitan,2018,"Baltimore County",MD,us-md-005,0.08853893598602
Metropolitan,2018,"Calvert County",MD,us-md-009,0.06114081996435
Metropolitan,2018,"Carroll County",MD,us-md-013,0.07798623924402
Metropolitan,2018,"Cecil County",MD,us-md-015,0.11017345795453
Metropolitan,2018,"Charles County",MD,us-md-017,0.06890119720589
Metropolitan,2018,"Frederick County",MD,us-md-021,0.07649241547184
Metropolitan,2018,"Harford County",MD,us-md-025,0.07243025683016
Metropolitan,2018,"Howard County",MD,us-md-027,0.04483062053258
Metropolitan,2018,"Montgomery County",MD,us-md-031,0.08749816303823
Metropolitan,2018,"Prince George's County",MD,us-md-033,0.13465730201017
Metropolitan,2018,"Queen Anne's County",MD,us-md-035,0.07886806532159
Metropolitan,2018,"Somerset County",MD,us-md-039,0.18097080548716
Metropolitan,2018,"St. Mary's County",MD,us-md-037,0.10161132547144
Metropolitan,2018,"Washington County",MD,us-md-043,0.13135702730901
Metropolitan,2018,"Wicomico County",MD,us-md-045,0.11897562192157
Metropolitan,2018,"Worcester County",MD,us-md-047,0.09141995964137
Metropolitan,2018,"Androscoggin County",ME,us-me-001,0.09717245729162
Metropolitan,2018,"Cumberland County",ME,us-me-005,0.04959723435851
Metropolitan,2018,"Penobscot County",ME,us-me-019,0.0842334624553
Metropolitan,2018,"Sagadahoc County",ME,us-me-023,0.05884141705945
Metropolitan,2018,"York County",ME,us-me-031,0.06995574297243
Metropolitan,2018,"Bay County",MI,us-mi-017,0.10385621962292
Metropolitan,2018,"Berrien County",MI,us-mi-021,0.10400304852546
Metropolitan,2018,"Calhoun County",MI,us-mi-025,0.08919218648776
Metropolitan,2018,"Cass County",MI,us-mi-027,0.12140513942045
Metropolitan,2018,"Clinton County",MI,us-mi-037,0.05848173151056
Metropolitan,2018,"Eaton County",MI,us-mi-045,0.06110054436938
Metropolitan,2018,"Genesee County",MI,us-mi-049,0.09551896100169
Metropolitan,2018,"Ingham County",MI,us-mi-065,0.07301345286339
Metropolitan,2018,"Ionia County",MI,us-mi-067,0.09870848708487
Metropolitan,2018,"Jackson County",MI,us-mi-075,0.09383395106137
Metropolitan,2018,"Kalamazoo County",MI,us-mi-077,0.06421714460972
Metropolitan,2018,"Kent County",MI,us-mi-081,0.09737341479767
Metropolitan,2018,"Lapeer County",MI,us-mi-087,0.09272215520708
Metropolitan,2018,"Livingston County",MI,us-mi-093,0.04605518997766
Metropolitan,2018,"Macomb County",MI,us-mi-099,0.10340999962233
Metropolitan,2018,"Midland County",MI,us-mi-111,0.05715317670531
Metropolitan,2018,"Monroe County",MI,us-mi-115,0.08791575972811
Metropolitan,2018,"Montcalm County",MI,us-mi-117,0.12110687110116
Metropolitan,2018,"Muskegon County",MI,us-mi-121,0.09160259899306
Metropolitan,2018,"Oakland County",MI,us-mi-125,0.06134008057519
Metropolitan,2018,"Ottawa County",MI,us-mi-139,0.07350798096409
Metropolitan,2018,"Saginaw County",MI,us-mi-145,0.10509971445235
Metropolitan,2018,"Shiawassee County",MI,us-mi-155,0.07556522284734
Metropolitan,2018,"St. Clair County",MI,us-mi-147,0.09511394274833
Metropolitan,2018,"Washtenaw County",MI,us-mi-161,0.04754148875292
Metropolitan,2018,"Wayne County",MI,us-mi-163,0.14087594400028
Metropolitan,2018,"Anoka County",MN,us-mn-003,0.06096733998457
Metropolitan,2018,"Benton County",MN,us-mn-009,0.07645306076264
Metropolitan,2018,"Blue Earth County",MN,us-mn-013,0.0586205106913
Metropolitan,2018,"Carlton County",MN,us-mn-017,0.05888283928211
Metropolitan,2018,"Carver County",MN,us-mn-019,0.03610174968838
Metropolitan,2018,"Chisago County",MN,us-mn-025,0.05674302946934
Metropolitan,2018,"Clay County",MN,us-mn-027,0.05122008878149
Metropolitan,2018,"Dakota County",MN,us-mn-037,0.05133835772687
Metropolitan,2018,"Dodge County",MN,us-mn-039,0.05206170275883
Metropolitan,2018,"Fillmore County",MN,us-mn-045,0.08728057954862
Metropolitan,2018,"Hennepin County",MN,us-mn-053,0.06785245437463
Metropolitan,2018,"Houston County",MN,us-mn-055,0.05387104055376
Metropolitan,2018,"Isanti County",MN,us-mn-059,0.08343346350255
Metropolitan,2018,"Lake County",MN,us-mn-075,0.03986177958781
Metropolitan,2018,"Le Sueur County",MN,us-mn-079,0.07226521648191
Metropolitan,2018,"Mille Lacs County",MN,us-mn-095,0.1017852082743
Metropolitan,2018,"Nicollet County",MN,us-mn-103,0.05761279476578
Metropolitan,2018,"Olmsted County",MN,us-mn-109,0.05603023332238
Metropolitan,2018,"Polk County",MN,us-mn-119,0.08141509433962
Metropolitan,2018,"Ramsey County",MN,us-mn-123,0.09886729906586
Metropolitan,2018,"Scott County",MN,us-mn-139,0.05222338250011
Metropolitan,2018,"Sherburne County",MN,us-mn-141,0.05515397564115
Metropolitan,2018,"St. Louis County",MN,us-mn-137,0.05777601609008
Metropolitan,2018,"Stearns County",MN,us-mn-145,0.0799900864339
Metropolitan,2018,"Wabasha County",MN,us-mn-157,0.07814836486574
Metropolitan,2018,"Washington County",MN,us-mn-163,0.04049661107617
Metropolitan,2018,"Wright County",MN,us-mn-171,0.05537333364571
Metropolitan,2018,"Andrew County",MO,us-mo-003,0.08039702233251
Metropolitan,2018,"Bates County",MO,us-mo-013,0.13337474487532
Metropolitan,2018,"Bollinger County",MO,us-mo-017,0.20583505628302
Metropolitan,2018,"Boone County",MO,us-mo-019,0.05840087207925
Metropolitan,2018,"Buchanan County",MO,us-mo-021,0.11758087201125
Metropolitan,2018,"Caldwell County",MO,us-mo-025,0.0975925028276
Metropolitan,2018,"Callaway County",MO,us-mo-027,0.14067608212371
Metropolitan,2018,"Cape Girardeau County",MO,us-mo-031,0.09284051801309
Metropolitan,2018,"Cass County",MO,us-mo-037,0.07633951106945
Metropolitan,2018,"Christian County",MO,us-mo-043,0.08082242857904
Metropolitan,2018,"Clay County",MO,us-mo-047,0.06841408788464
Metropolitan,2018,"Clinton County",MO,us-mo-049,0.08419936373277
Metropolitan,2018,"Cole County",MO,us-mo-051,0.08067488742376
Metropolitan,2018,"Cooper County",MO,us-mo-053,0.11030253475061
Metropolitan,2018,"Dallas County",MO,us-mo-059,0.18012148956774
Metropolitan,2018,"Dekalb County",MO,us-mo-063,0.12859416445623
Metropolitan,2018,"Franklin County",MO,us-mo-071,0.11956383744058
Metropolitan,2018,"Greene County",MO,us-mo-077,0.08388956552725
Metropolitan,2018,"Howard County",MO,us-mo-089,0.11581190077614
Metropolitan,2018,"Jackson County",MO,us-mo-095,0.09703469547078
Metropolitan,2018,"Jasper County",MO,us-mo-097,0.12967120370489
Metropolitan,2018,"Jefferson County",MO,us-mo-099,0.1116842633834
Metropolitan,2018,"Lafayette County",MO,us-mo-107,0.09417239087082
Metropolitan,2018,"Lincoln County",MO,us-mo-113,0.11711983335161
Metropolitan,2018,"Moniteau County",MO,us-mo-135,0.15793434295927
Metropolitan,2018,"Newton County",MO,us-mo-145,0.13294649932261
Metropolitan,2018,"Osage County",MO,us-mo-151,0.1011260285838
Metropolitan,2018,"Platte County",MO,us-mo-165,0.04641791044776
Metropolitan,2018,"Polk County",MO,us-mo-167,0.12482676697684
Metropolitan,2018,"Ray County",MO,us-mo-177,0.12893619717417
Metropolitan,2018,"St. Charles County",MO,us-mo-183,0.05264635793756
Metropolitan,2018,"St. Louis City",MO,us-mo-510,0.13094577002558
Metropolitan,2018,"St. Louis County",MO,us-mo-189,0.06707304692372
Metropolitan,2018,"Warren County",MO,us-mo-219,0.12148205525432
Metropolitan,2018,"Webster County",MO,us-mo-225,0.13189302908929
Metropolitan,2018,"Copiah County",MS,us-ms-029,0.20085718821102
Metropolitan,2018,"Covington County",MS,us-ms-031,0.16938923312143
Metropolitan,2018,"Desoto County",MS,us-ms-033,0.10317785706186
Metropolitan,2018,"Forrest County",MS,us-ms-035,0.13030082588044
Metropolitan,2018,"Hancock County",MS,us-ms-045,0.13379963218668
Metropolitan,2018,"Harrison County",MS,us-ms-047,0.1292171021093
Metropolitan,2018,"Hinds County",MS,us-ms-049,0.13022848808945
Metropolitan,2018,"Holmes County",MS,us-ms-051,0.2491250112178
Metropolitan,2018,"Jackson County",MS,us-ms-059,0.11121276706347
Metropolitan,2018,"Lamar County",MS,us-ms-073,0.09236340187009
Metropolitan,2018,"Madison County",MS,us-ms-089,0.08172469516674
Metropolitan,2018,"Marshall County",MS,us-ms-093,0.18726805595204
Metropolitan,2018,"Perry County",MS,us-ms-111,0.18736277140766
Metropolitan,2018,"Rankin County",MS,us-ms-121,0.10548853574605
Metropolitan,2018,"Simpson County",MS,us-ms-127,0.21974522292994
Metropolitan,2018,"Stone County",MS,us-ms-131,0.19738057257997
Metropolitan,2018,"Tate County",MS,us-ms-137,0.1842743892574
Metropolitan,2018,"Tunica County",MS,us-ms-143,0.18486020226056
Metropolitan,2018,"Yazoo County",MS,us-ms-163,0.22698767006803
Metropolitan,2018,"Carbon County",MT,us-mt-009,0.05851658591129
Metropolitan,2018,"Cascade County",MT,us-mt-013,0.08278882875708
Metropolitan,2018,"Missoula County",MT,us-mt-063,0.04498794618555
Metropolitan,2018,"Stillwater County",MT,us-mt-095,0.05101586830787
Metropolitan,2018,"Yellowstone County",MT,us-mt-111,0.06271715501384
Metropolitan,2018,"Alamance County",NC,us-nc-001,0.14467143690237
Metropolitan,2018,"Alexander County",NC,us-nc-003,0.18424006585348
Metropolitan,2018,"Anson County",NC,us-nc-007,0.19467167808976
Metropolitan,2018,"Brunswick County",NC,us-nc-019,0.09608709690439
Metropolitan,2018,"Buncombe County",NC,us-nc-021,0.09023061382393
Metropolitan,2018,"Burke County",NC,us-nc-023,0.190714752466
Metropolitan,2018,"Cabarrus County",NC,us-nc-025,0.0999736950885
Metropolitan,2018,"Caldwell County",NC,us-nc-027,0.20275376131799
Metropolitan,2018,"Camden County",NC,us-nc-029,0.14354594296735
Metropolitan,2018,"Catawba County",NC,us-nc-035,0.14813993047851
Metropolitan,2018,"Chatham County",NC,us-nc-037,0.11801570670375
Metropolitan,2018,"Craven County",NC,us-nc-049,0.11795837286528
Metropolitan,2018,"Cumberland County",NC,us-nc-051,0.09276880788591
Metropolitan,2018,"Currituck County",NC,us-nc-053,0.10832695043221
Metropolitan,2018,"Davidson County",NC,us-nc-057,0.16560929675499
Metropolitan,2018,"Davie County",NC,us-nc-059,0.13304132673532
Metropolitan,2018,"Durham County",NC,us-nc-063,0.1160620079539
Metropolitan,2018,"Edgecombe County",NC,us-nc-065,0.20333515582285
Metropolitan,2018,"Forsyth County",NC,us-nc-067,0.11242715476995
Metropolitan,2018,"Franklin County",NC,us-nc-069,0.15874503503369
Metropolitan,2018,"Gaston County",NC,us-nc-071,0.15269288509999
Metropolitan,2018,"Gates County",NC,us-nc-073,0.1372079089275
Metropolitan,2018,"Granville County",NC,us-nc-077,0.15761999129972
Metropolitan,2018,"Guilford County",NC,us-nc-081,0.10879429125389
Metropolitan,2018,"Harnett County",NC,us-nc-085,0.13653568315602
Metropolitan,2018,"Haywood County",NC,us-nc-087,0.11915882678473
Metropolitan,2018,"Henderson County",NC,us-nc-089,0.10149764248982
Metropolitan,2018,"Hoke County",NC,us-nc-093,0.13985337243402
Metropolitan,2018,"Iredell County",NC,us-nc-097,0.1102676415518
Metropolitan,2018,"Johnston County",NC,us-nc-101,0.13738484045708
Metropolitan,2018,"Jones County",NC,us-nc-103,0.1838811717783
Metropolitan,2018,"Lincoln County",NC,us-nc-109,0.1443425393371
Metropolitan,2018,"Madison County",NC,us-nc-115,0.14610644992134
Metropolitan,2018,"Mecklenburg County",NC,us-nc-119,0.09920655764702
Metropolitan,2018,"Nash County",NC,us-nc-127,0.14599477209101
Metropolitan,2018,"New Hanover County",NC,us-nc-129,0.0705325970904
Metropolitan,2018,"Onslow County",NC,us-nc-133,0.08766233766234
Metropolitan,2018,"Orange County",NC,us-nc-135,0.07283316281214
Metropolitan,2018,"Pamlico County",NC,us-nc-137,0.11987127916331
Metropolitan,2018,"Pender County",NC,us-nc-141,0.12474157411414
Metropolitan,2018,"Person County",NC,us-nc-145,0.13654920498496
Metropolitan,2018,"Pitt County",NC,us-nc-147,0.10593232231567
Metropolitan,2018,"Randolph County",NC,us-nc-151,0.18589678596776
Metropolitan,2018,"Rockingham County",NC,us-nc-157,0.17404985946474
Metropolitan,2018,"Rowan County",NC,us-nc-159,0.14728342513771
Metropolitan,2018,"Stokes County",NC,us-nc-169,0.16454377715612
Metropolitan,2018,"Union County",NC,us-nc-179,0.10188425115943
Metropolitan,2018,"Wake County",NC,us-nc-183,0.07264686666225
Metropolitan,2018,"Wayne County",NC,us-nc-191,0.15895499665063
Metropolitan,2018,"Yadkin County",NC,us-nc-197,0.18968948297225
Metropolitan,2018,"Burleigh County",ND,us-nd-015,0.06020553359684
Metropolitan,2018,"Cass County",ND,us-nd-017,0.05472668634026
Metropolitan,2018,"Grand Forks County",ND,us-nd-035,0.05142593402322
Metropolitan,2018,"Morton County",ND,us-nd-059,0.0842815002107
Metropolitan,2018,"Oliver County",ND,us-nd-065,0.10297482837529
Metropolitan,2018,"Cass County",NE,us-ne-025,0.05089752329016
Metropolitan,2018,"Dakota County",NE,us-ne-043,0.25414720566919
Metropolitan,2018,"Dixon County",NE,us-ne-051,0.11413881748072
Metropolitan,2018,"Douglas County",NE,us-ne-055,0.09966271925327
Metropolitan,2018,"Hall County",NE,us-ne-079,0.15313850063532
Metropolitan,2018,"Howard County",NE,us-ne-093,0.07165318957772
Metropolitan,2018,"Lancaster County",NE,us-ne-109,0.06517860868839
Metropolitan,2018,"Merrick County",NE,us-ne-121,0.06040756914119
Metropolitan,2018,"Sarpy County",NE,us-ne-153,0.0475297886196
Metropolitan,2018,"Saunders County",NE,us-ne-155,0.07248914413783
Metropolitan,2018,"Seward County",NE,us-ne-159,0.05930093147653
Metropolitan,2018,"Washington County",NE,us-ne-177,0.04270591647332
Metropolitan,2018,"Hillsborough County",NH,us-nh-011,0.08177791344223
Metropolitan,2018,"Rockingham County",NH,us-nh-015,0.05240144993203
Metropolitan,2018,"Strafford County",NH,us-nh-017,0.0753234583919
Metropolitan,2018,"Atlantic County",NJ,us-nj-001,0.13110155731647
Metropolitan,2018,"Bergen County",NJ,us-nj-003,0.07776264228971
Metropolitan,2018,"Burlington County",NJ,us-nj-005,0.06423234976449
Metropolitan,2018,"Camden County",NJ,us-nj-007,0.1157431524295
Metropolitan,2018,"Cape May County",NJ,us-nj-009,0.08809891808346
Metropolitan,2018,"Cumberland County",NJ,us-nj-011,0.22080434217744
Metropolitan,2018,"Essex County",NJ,us-nj-013,0.14252261361308
Metropolitan,2018,"Gloucester County",NJ,us-nj-015,0.07143644305522
Metropolitan,2018,"Hudson County",NJ,us-nj-017,0.15827424411387
Metropolitan,2018,"Hunterdon County",NJ,us-nj-019,0.04902071648272
Metropolitan,2018,"Mercer County",NJ,us-nj-021,0.11997513050429
Metropolitan,2018,"Middlesex County",NJ,us-nj-023,0.10199177337826
Metropolitan,2018,"Monmouth County",NJ,us-nj-025,0.06832119674151
Metropolitan,2018,"Morris County",NJ,us-nj-027,0.05675361663784
Metropolitan,2018,"Ocean County",NJ,us-nj-029,0.08205518647231
Metropolitan,2018,"Passaic County",NJ,us-nj-031,0.1660176597923
Metropolitan,2018,"Salem County",NJ,us-nj-033,0.12346906494328
Metropolitan,2018,"Somerset County",NJ,us-nj-035,0.0531590223427
Metropolitan,2018,"Sussex County",NJ,us-nj-037,0.05243286096522
Metropolitan,2018,"Union County",NJ,us-nj-039,0.13770831778391
Metropolitan,2018,"Warren County",NJ,us-nj-041,0.08834803368924
Metropolitan,2018,"Bernalillo County",NM,us-nm-001,0.11211021853675
Metropolitan,2018,"Dona Ana County",NM,us-nm-013,0.20621793635487
Metropolitan,2018,"San Juan County",NM,us-nm-045,0.15810330020856
Metropolitan,2018,"Sandoval County",NM,us-nm-043,0.1033879052512
Metropolitan,2018,"Santa Fe County",NM,us-nm-049,0.11070214917595
Metropolitan,2018,"Torrance County",NM,us-nm-057,0.14168736774312
Metropolitan,2018,"Valencia County",NM,us-nm-061,0.17014399059653
Metropolitan,2018,"Carson City",NV,us-nv-510,0.12699269772704
Metropolitan,2018,"Clark County",NV,us-nv-003,0.14349544630725
Metropolitan,2018,"Storey County",NV,us-nv-029,0.0515595162317
Metropolitan,2018,"Washoe County",NV,us-nv-031,0.11740375129761
Metropolitan,2018,"Albany County",NY,us-ny-001,0.07349309810326
Metropolitan,2018,"Bronx County",NY,us-ny-005,0.28021386439456
Metropolitan,2018,"Broome County",NY,us-ny-007,0.09548662272199
Metropolitan,2018,"Chemung County",NY,us-ny-015,0.09661053720732
Metropolitan,2018,"Dutchess County",NY,us-ny-027,0.09451984447216
Metropolitan,2018,"Erie County",NY,us-ny-029,0.08610358964321
Metropolitan,2018,"Herkimer County",NY,us-ny-043,0.10051546391753
Metropolitan,2018,"Jefferson County",NY,us-ny-045,0.08922328621371
Metropolitan,2018,"Kings County",NY,us-ny-047,0.18369014241417
Metropolitan,2018,"Livingston County",NY,us-ny-051,0.1031461569096
Metropolitan,2018,"Madison County",NY,us-ny-053,0.08798480357367
Metropolitan,2018,"Monroe County",NY,us-ny-055,0.09690385617407
Metropolitan,2018,"Nassau County",NY,us-ny-059,0.08754000063788
Metropolitan,2018,"New York County",NY,us-ny-061,0.13009443728545
Metropolitan,2018,"Niagara County",NY,us-ny-063,0.08802379703467
Metropolitan,2018,"Oneida County",NY,us-ny-065,0.1142021233182
Metropolitan,2018,"Onondaga County",NY,us-ny-067,0.09295503361233
Metropolitan,2018,"Ontario County",NY,us-ny-069,0.06575963718821
Metropolitan,2018,"Orange County",NY,us-ny-071,0.10283166886659
Metropolitan,2018,"Orleans County",NY,us-ny-073,0.12894843412527
Metropolitan,2018,"Oswego County",NY,us-ny-075,0.12232217494916
Metropolitan,2018,"Putnam County",NY,us-ny-079,0.07042874619477
Metropolitan,2018,"Queens County",NY,us-ny-081,0.18458915259838
Metropolitan,2018,"Rensselaer County",NY,us-ny-083,0.08373993986424
Metropolitan,2018,"Richmond County",NY,us-ny-085,0.11459971467941
Metropolitan,2018,"Rockland County",NY,us-ny-087,0.12078089912485
Metropolitan,2018,"Saratoga County",NY,us-ny-091,0.0588756168998
Metropolitan,2018,"Schenectady County",NY,us-ny-093,0.09705497382199
Metropolitan,2018,"Schoharie County",NY,us-ny-095,0.1038271049077
Metropolitan,2018,"Suffolk County",NY,us-ny-103,0.09584475418441
Metropolitan,2018,"Tioga County",NY,us-ny-107,0.09188520107084
Metropolitan,2018,"Tompkins County",NY,us-ny-109,0.05765949616942
Metropolitan,2018,"Ulster County",NY,us-ny-111,0.09462641997352
Metropolitan,2018,"Warren County",NY,us-ny-113,0.08346934505127
Metropolitan,2018,"Washington County",NY,us-ny-115,0.12308481455875
Metropolitan,2018,"Wayne County",NY,us-ny-117,0.10556495581876
Metropolitan,2018,"Westchester County",NY,us-ny-119,0.12212331708606
Metropolitan,2018,"Yates County",NY,us-ny-123,0.13779598722661
Metropolitan,2018,"Allen County",OH,us-oh-003,0.10394715923051
Metropolitan,2018,"Belmont County",OH,us-oh-013,0.09562068351374
Metropolitan,2018,"Brown County",OH,us-oh-015,0.12593693247482
Metropolitan,2018,"Butler County",OH,us-oh-017,0.09657030745542
Metropolitan,2018,"Carroll County",OH,us-oh-019,0.1131320295876
Metropolitan,2018,"Clark County",OH,us-oh-023,0.12508663259118
Metropolitan,2018,"Clermont County",OH,us-oh-025,0.09801329261721
Metropolitan,2018,"Cuyahoga County",OH,us-oh-035,0.10652205446486
Metropolitan,2018,"Delaware County",OH,us-oh-041,0.03284478466517
Metropolitan,2018,"Fairfield County",OH,us-oh-045,0.07646950254024
Metropolitan,2018,"Franklin County",OH,us-oh-049,0.09038973465802
Metropolitan,2018,"Fulton County",OH,us-oh-051,0.08833502289649
Metropolitan,2018,"Geauga County",OH,us-oh-055,0.09480499219969
Metropolitan,2018,"Greene County",OH,us-oh-057,0.06645088783996
Metropolitan,2018,"Hamilton County",OH,us-oh-061,0.09008893793345
Metropolitan,2018,"Hocking County",OH,us-oh-073,0.10303151375918
Metropolitan,2018,"Jefferson County",OH,us-oh-081,0.09662354054907
Metropolitan,2018,"Lake County",OH,us-oh-085,0.08005098015415
Metropolitan,2018,"Lawrence County",OH,us-oh-087,0.13508121303164
Metropolitan,2018,"Licking County",OH,us-oh-089,0.08794190614017
Metropolitan,2018,"Lorain County",OH,us-oh-093,0.10333026818471
Metropolitan,2018,"Lucas County",OH,us-oh-095,0.10799676455266
Metropolitan,2018,"Madison County",OH,us-oh-097,0.12973231357553
Metropolitan,2018,"Mahoning County",OH,us-oh-099,0.09093400069415
Metropolitan,2018,"Medina County",OH,us-oh-103,0.05103292525407
Metropolitan,2018,"Miami County",OH,us-oh-109,0.09786701849867
Metropolitan,2018,"Montgomery County",OH,us-oh-113,0.09906774325688
Metropolitan,2018,"Morrow County",OH,us-oh-117,0.13394725826706
Metropolitan,2018,"Ottawa County",OH,us-oh-123,0.07979671308825
Metropolitan,2018,"Perry County",OH,us-oh-127,0.14292129327237
Metropolitan,2018,"Pickaway County",OH,us-oh-129,0.1276376607717
Metropolitan,2018,"Portage County",OH,us-oh-133,0.0788933545905
Metropolitan,2018,"Richland County",OH,us-oh-139,0.13198880610233
Metropolitan,2018,"Stark County",OH,us-oh-151,0.08694027118984
Metropolitan,2018,"Summit County",OH,us-oh-153,0.08444133488225
Metropolitan,2018,"Trumbull County",OH,us-oh-155,0.10944232854244
Metropolitan,2018,"Union County",OH,us-oh-159,0.07448375605967
Metropolitan,2018,"Warren County",OH,us-oh-165,0.06528330740633
Metropolitan,2018,"Wood County",OH,us-oh-173,0.05921396727354
Metropolitan,2018,"Canadian County",OK,us-ok-017,0.07704663786419
Metropolitan,2018,"Cleveland County",OK,us-ok-027,0.08032215561348
Metropolitan,2018,"Comanche County",OK,us-ok-031,0.10352223686591
Metropolitan,2018,"Cotton County",OK,us-ok-033,0.14159292035398
Metropolitan,2018,"Creek County",OK,us-ok-037,0.13245623122345
Metropolitan,2018,"Garfield County",OK,us-ok-047,0.11814523098195
Metropolitan,2018,"Grady County",OK,us-ok-051,0.10764726612269
Metropolitan,2018,"Lincoln County",OK,us-ok-081,0.13683943947324
Metropolitan,2018,"Logan County",OK,us-ok-083,0.0981749528005
Metropolitan,2018,"Mcclain County",OK,us-ok-087,0.10099395829273
Metropolitan,2018,"Oklahoma County",OK,us-ok-109,0.12783648629523
Metropolitan,2018,"Okmulgee County",OK,us-ok-111,0.14000774593338
Metropolitan,2018,"Osage County",OK,us-ok-113,0.12334868500788
Metropolitan,2018,"Pawnee County",OK,us-ok-117,0.11672597864769
Metropolitan,2018,"Rogers County",OK,us-ok-131,0.07894044958591
Metropolitan,2018,"Sequoyah County",OK,us-ok-135,0.19231041563407
Metropolitan,2018,"Tulsa County",OK,us-ok-143,0.10797914662676
Metropolitan,2018,"Wagoner County",OK,us-ok-145,0.09577888108962
Metropolitan,2018,"Benton County",OR,us-or-003,0.04560002943124
Metropolitan,2018,"Clackamas County",OR,us-or-005,0.06725841649707
Metropolitan,2018,"Columbia County",OR,us-or-009,0.09587600332134
Metropolitan,2018,"Deschutes County",OR,us-or-017,0.06470926003905
Metropolitan,2018,"Jackson County",OR,us-or-029,0.10373965023348
Metropolitan,2018,"Josephine County",OR,us-or-033,0.09792718153827
Metropolitan,2018,"Lane County",OR,us-or-039,0.08617432510736
Metropolitan,2018,"Linn County",OR,us-or-043,0.10089543820066
Metropolitan,2018,"Marion County",OR,us-or-047,0.14741470645744
Metropolitan,2018,"Multnomah County",OR,us-or-051,0.0870566622812
Metropolitan,2018,"Polk County",OR,us-or-053,0.09566050387968
Metropolitan,2018,"Washington County",OR,us-or-067,0.08395004450406
Metropolitan,2018,"Yamhill County",OR,us-or-071,0.1174937357795
Metropolitan,2018,"Adams County",PA,us-pa-001,0.11368532975181
Metropolitan,2018,"Allegheny County",PA,us-pa-003,0.05712555327892
Metropolitan,2018,"Armstrong County",PA,us-pa-005,0.10527936286383
Metropolitan,2018,"Beaver County",PA,us-pa-007,0.06851218469431
Metropolitan,2018,"Berks County",PA,us-pa-011,0.13528482417056
Metropolitan,2018,"Blair County",PA,us-pa-013,0.09070471542511
Metropolitan,2018,"Bucks County",PA,us-pa-017,0.06144487409224
Metropolitan,2018,"Butler County",PA,us-pa-019,0.05423844319085
Metropolitan,2018,"Cambria County",PA,us-pa-021,0.08692710447699
Metropolitan,2018,"Carbon County",PA,us-pa-025,0.10355746344781
Metropolitan,2018,"Centre County",PA,us-pa-027,0.05673250286838
Metropolitan,2018,"Chester County",PA,us-pa-029,0.06749068415136
Metropolitan,2018,"Columbia County",PA,us-pa-037,0.10017783046829
Metropolitan,2018,"Cumberland County",PA,us-pa-041,0.0767651650957
Metropolitan,2018,"Dauphin County",PA,us-pa-043,0.10253197873348
Metropolitan,2018,"Delaware County",PA,us-pa-045,0.07191836477921
Metropolitan,2018,"Erie County",PA,us-pa-049,0.08727203081441
Metropolitan,2018,"Fayette County",PA,us-pa-051,0.11441720963905
Metropolitan,2018,"Franklin County",PA,us-pa-055,0.12570558109977
Metropolitan,2018,"Lackawanna County",PA,us-pa-069,0.09130851199207
Metropolitan,2018,"Lancaster County",PA,us-pa-071,0.15145838759913
Metropolitan,2018,"Lebanon County",PA,us-pa-075,0.12955346341977
Metropolitan,2018,"Lehigh County",PA,us-pa-077,0.11433098563011
Metropolitan,2018,"Luzerne County",PA,us-pa-079,0.10657967244914
Metropolitan,2018,"Lycoming County",PA,us-pa-081,0.10204106954526
Metropolitan,2018,"Mercer County",PA,us-pa-085,0.10161785321866
Metropolitan,2018,"Monroe County",PA,us-pa-089,0.10647482014388
Metropolitan,2018,"Montgomery County",PA,us-pa-091,0.05781227206102
Metropolitan,2018,"Montour County",PA,us-pa-093,0.0929625764127
Metropolitan,2018,"Northampton County",PA,us-pa-095,0.09411652974975
Metropolitan,2018,"Perry County",PA,us-pa-099,0.1246542504149
Metropolitan,2018,"Philadelphia County",PA,us-pa-101,0.16065195585817
Metropolitan,2018,"Pike County",PA,us-pa-103,0.07107632670085
Metropolitan,2018,"Washington County",PA,us-pa-125,0.07090487550822
Metropolitan,2018,"Westmoreland County",PA,us-pa-129,0.05987792362951
Metropolitan,2018,"Wyoming County",PA,us-pa-131,0.07119196860827
Metropolitan,2018,"York County",PA,us-pa-133,0.10601982175983
Metropolitan,2018,"Bristol County",RI,us-ri-001,0.0990107703114
Metropolitan,2018,"Kent County",RI,us-ri-003,0.08432824668316
Metropolitan,2018,"Newport County",RI,us-ri-005,0.06367022679325
Metropolitan,2018,"Providence County",RI,us-ri-007,0.15173961164959
Metropolitan,2018,"Washington County",RI,us-ri-009,0.0587975448712
Metropolitan,2018,"Aiken County",SC,us-sc-003,0.12652255961571
Metropolitan,2018,"Anderson County",SC,us-sc-007,0.15521761148679
Metropolitan,2018,"Beaufort County",SC,us-sc-013,0.07140882280659
Metropolitan,2018,"Berkeley County",SC,us-sc-015,0.11208269392246
Metropolitan,2018,"Calhoun County",SC,us-sc-017,0.14333832335329
Metropolitan,2018,"Charleston County",SC,us-sc-019,0.08454566581455
Metropolitan,2018,"Chester County",SC,us-sc-023,0.17796610169492
Metropolitan,2018,"Clarendon County",SC,us-sc-027,0.20205877469699
Metropolitan,2018,"Darlington County",SC,us-sc-031,0.1794960828143
Metropolitan,2018,"Dorchester County",SC,us-sc-035,0.09889634070068
Metropolitan,2018,"Edgefield County",SC,us-sc-037,0.1758562432806
Metropolitan,2018,"Fairfield County",SC,us-sc-039,0.17466609745685
Metropolitan,2018,"Florence County",SC,us-sc-041,0.15411635801143
Metropolitan,2018,"Greenville County",SC,us-sc-045,0.12249608172529
Metropolitan,2018,"Horry County",SC,us-sc-051,0.10181393122901
Metropolitan,2018,"Jasper County",SC,us-sc-053,0.18538808109769
Metropolitan,2018,"Kershaw County",SC,us-sc-055,0.13477645790762
Metropolitan,2018,"Lancaster County",SC,us-sc-057,0.13578462939985
Metropolitan,2018,"Laurens County",SC,us-sc-059,0.19528752244558
Metropolitan,2018,"Lexington County",SC,us-sc-063,0.10425157795237
Metropolitan,2018,"Pickens County",SC,us-sc-077,0.15118578352181
Metropolitan,2018,"Richland County",SC,us-sc-079,0.08927442192956
Metropolitan,2018,"Saluda County",SC,us-sc-081,0.207761745682
Metropolitan,2018,"Spartanburg County",SC,us-sc-083,0.14727130555378
Metropolitan,2018,"Sumter County",SC,us-sc-085,0.16363323929947
Metropolitan,2018,"York County",SC,us-sc-091,0.1039952860708
Metropolitan,2018,"Lincoln County",SD,us-sd-083,0.0515625
Metropolitan,2018,"Mccook County",SD,us-sd-087,0.12254495159059
Metropolitan,2018,"Meade County",SD,us-sd-093,0.05544067512435
Metropolitan,2018,"Minnehaha County",SD,us-sd-099,0.07801829766378
Metropolitan,2018,"Pennington County",SD,us-sd-103,0.06211288610622
Metropolitan,2018,"Turner County",SD,us-sd-125,0.06573257221934
Metropolitan,2018,"Union County",SD,us-sd-127,0.08151913302004
Metropolitan,2018,"Anderson County",TN,us-tn-001,0.13225131084061
Metropolitan,2018,"Blount County",TN,us-tn-009,0.10897673505876
Metropolitan,2018,"Bradley County",TN,us-tn-011,0.15707197428886
Metropolitan,2018,"Campbell County",TN,us-tn-013,0.24453398738612
Metropolitan,2018,"Cannon County",TN,us-tn-015,0.15913870806209
Metropolitan,2018,"Carter County",TN,us-tn-019,0.17212424512186
Metropolitan,2018,"Cheatham County",TN,us-tn-021,0.15032021299561
Metropolitan,2018,"Chester County",TN,us-tn-023,0.13747954173486
Metropolitan,2018,"Crockett County",TN,us-tn-033,0.1887060735324
Metropolitan,2018,"Davidson County",TN,us-tn-037,0.1143436544432
Metropolitan,2018,"Dickson County",TN,us-tn-043,0.16916024523314
Metropolitan,2018,"Fayette County",TN,us-tn-047,0.13376897278982
Metropolitan,2018,"Gibson County",TN,us-tn-053,0.15125620580713
Metropolitan,2018,"Grainger County",TN,us-tn-057,0.21015984499879
Metropolitan,2018,"Hamblen County",TN,us-tn-063,0.18738115420743
Metropolitan,2018,"Hamilton County",TN,us-tn-065,0.1079690182457
Metropolitan,2018,"Hawkins County",TN,us-tn-073,0.16324372186831
Metropolitan,2018,"Jefferson County",TN,us-tn-089,0.15544469935443
Metropolitan,2018,"Knox County",TN,us-tn-093,0.08998293274053
Metropolitan,2018,"Loudon County",TN,us-tn-105,0.14291388624086
Metropolitan,2018,"Macon County",TN,us-tn-111,0.21161747045067
Metropolitan,2018,"Madison County",TN,us-tn-113,0.11716751425489
Metropolitan,2018,"Marion County",TN,us-tn-115,0.18932636869857
Metropolitan,2018,"Maury County",TN,us-tn-119,0.10599152843793
Metropolitan,2018,"Montgomery County",TN,us-tn-125,0.0750613124582
Metropolitan,2018,"Morgan County",TN,us-tn-129,0.18720848508083
Metropolitan,2018,"Polk County",TN,us-tn-139,0.19691752746352
Metropolitan,2018,"Roane County",TN,us-tn-145,0.11834501887665
Metropolitan,2018,"Robertson County",TN,us-tn-147,0.12486939463079
Metropolitan,2018,"Rutherford County",TN,us-tn-149,0.08769368730579
Metropolitan,2018,"Sequatchie County",TN,us-tn-153,0.17502617302751
Metropolitan,2018,"Shelby County",TN,us-tn-157,0.11815799657613
Metropolitan,2018,"Smith County",TN,us-tn-159,0.14853105243585
Metropolitan,2018,"Stewart County",TN,us-tn-161,0.14383202099738
Metropolitan,2018,"Sullivan County",TN,us-tn-163,0.13441554448749
Metropolitan,2018,"Sumner County",TN,us-tn-165,0.10050025706521
Metropolitan,2018,"Tipton County",TN,us-tn-167,0.13126164101559
Metropolitan,2018,"Trousdale County",TN,us-tn-169,0.19848139711465
Metropolitan,2018,"Unicoi County",TN,us-tn-171,0.15415559772296
Metropolitan,2018,"Union County",TN,us-tn-173,0.23767903048109
Metropolitan,2018,"Washington County",TN,us-tn-179,0.11363872082973
Metropolitan,2018,"Williamson County",TN,us-tn-187,0.04436445761875
Metropolitan,2018,"Wilson County",TN,us-tn-189,0.08810529093548
Metropolitan,2018,"Archer County",TX,us-tx-009,0.09027665426306
Metropolitan,2018,"Armstrong County",TX,us-tx-011,0.11606510969568
Metropolitan,2018,"Atascosa County",TX,us-tx-013,0.22745503946177
Metropolitan,2018,"Austin County",TX,us-tx-015,0.1689679149697
Metropolitan,2018,"Bandera County",TX,us-tx-019,0.10678738457849
Metropolitan,2018,"Bastrop County",TX,us-tx-021,0.18986551039906
Metropolitan,2018,"Bell County",TX,us-tx-027,0.09429282796297
Metropolitan,2018,"Bexar County",TX,us-tx-029,0.16163604728101
Metropolitan,2018,"Bowie County",TX,us-tx-037,0.11836696120588
Metropolitan,2018,"Brazoria County",TX,us-tx-039,0.12294975153769
Metropolitan,2018,"Brazos County",TX,us-tx-041,0.13347558701328
Metropolitan,2018,"Burleson County",TX,us-tx-051,0.17489512746047
Metropolitan,2018,"Caldwell County",TX,us-tx-055,0.21237969428194
Metropolitan,2018,"Callahan County",TX,us-tx-059,0.1181903081872
Metropolitan,2018,"Cameron County",TX,us-tx-061,0.32812423635208
Metropolitan,2018,"Carson County",TX,us-tx-065,0.0639880952381
Metropolitan,2018,"Chambers County",TX,us-tx-071,0.12714185118535
Metropolitan,2018,"Clay County",TX,us-tx-077,0.09380838003736
Metropolitan,2018,"Collin County",TX,us-tx-085,0.06344915927553
Metropolitan,2018,"Comal County",TX,us-tx-091,0.07565863064483
Metropolitan,2018,"Coryell County",TX,us-tx-099,0.11869141079628
Metropolitan,2018,"Crosby County",TX,us-tx-107,0.2384758859579
Metropolitan,2018,"Dallas County",TX,us-tx-113,0.21316119875539
Metropolitan,2018,"Denton County",TX,us-tx-121,0.07527770651007
Metropolitan,2018,"Ector County",TX,us-tx-135,0.23943752133834
Metropolitan,2018,"El Paso County",TX,us-tx-141,0.2247770934919
Metropolitan,2018,"Ellis County",TX,us-tx-139,0.14337796448631
Metropolitan,2018,"Falls County",TX,us-tx-145,0.22958039052763
Metropolitan,2018,"Fort Bend County",TX,us-tx-157,0.09786996132978
Metropolitan,2018,"Galveston County",TX,us-tx-167,0.117875226991
Metropolitan,2018,"Goliad County",TX,us-tx-175,0.12364466425718
Metropolitan,2018,"Grayson County",TX,us-tx-181,0.11435147888134
Metropolitan,2018,"Gregg County",TX,us-tx-183,0.16169523043675
Metropolitan,2018,"Guadalupe County",TX,us-tx-187,0.1135434563659
Metropolitan,2018,"Hardin County",TX,us-tx-199,0.12140135478408
Metropolitan,2018,"Harris County",TX,us-tx-201,0.19055993273514
Metropolitan,2018,"Harrison County",TX,us-tx-203,0.15062044379442
Metropolitan,2018,"Hays County",TX,us-tx-209,0.10505407739442
Metropolitan,2018,"Hidalgo County",TX,us-tx-215,0.35505532981302
Metropolitan,2018,"Hudspeth County",TX,us-tx-229,0.46094890510949
Metropolitan,2018,"Hunt County",TX,us-tx-231,0.1499458501526
Metropolitan,2018,"Irion County",TX,us-tx-235,0.07249255213505
Metropolitan,2018,"Jefferson County",TX,us-tx-245,0.15979354046217
Metropolitan,2018,"Johnson County",TX,us-tx-251,0.15211296659197
Metropolitan,2018,"Jones County",TX,us-tx-253,0.21617397213727
Metropolitan,2018,"Kaufman County",TX,us-tx-257,0.13830805333054
Metropolitan,2018,"Kendall County",TX,us-tx-259,0.06904587985669
Metropolitan,2018,"Lampasas County",TX,us-tx-281,0.09447835738069
Metropolitan,2018,"Liberty County",TX,us-tx-291,0.22610373311855
Metropolitan,2018,"Lubbock County",TX,us-tx-303,0.14215838203058
Metropolitan,2018,"Lynn County",TX,us-tx-305,0.2388961892247
Metropolitan,2018,"Martin County",TX,us-tx-317,0.22948328267477
Metropolitan,2018,"Mclennan County",TX,us-tx-309,0.15713105029527
Metropolitan,2018,"Medina County",TX,us-tx-325,0.16992294156908
Metropolitan,2018,"Midland County",TX,us-tx-329,0.16161044486295
Metropolitan,2018,"Montgomery County",TX,us-tx-339,0.12638835376654
Metropolitan,2018,"Nueces County",TX,us-tx-355,0.17609885531899
Metropolitan,2018,"Oldham County",TX,us-tx-359,0.14347826086957
Metropolitan,2018,"Orange County",TX,us-tx-361,0.11711824197778
Metropolitan,2018,"Parker County",TX,us-tx-367,0.10949198475036
Metropolitan,2018,"Potter County",TX,us-tx-375,0.22571091600052
Metropolitan,2018,"Randall County",TX,us-tx-381,0.08133316465596
Metropolitan,2018,"Robertson County",TX,us-tx-395,0.16165248662398
Metropolitan,2018,"Rockwall County",TX,us-tx-397,0.07858769931663
Metropolitan,2018,"Rusk County",TX,us-tx-401,0.19850166785148
Metropolitan,2018,"San Patricio County",TX,us-tx-409,0.20453481842007
Metropolitan,2018,"Smith County",TX,us-tx-423,0.14777108310418
Metropolitan,2018,"Sterling County",TX,us-tx-431,0.14066496163683
Metropolitan,2018,"Tarrant County",TX,us-tx-439,0.14383206005118
Metropolitan,2018,"Taylor County",TX,us-tx-441,0.11641122575519
Metropolitan,2018,"Tom Green County",TX,us-tx-451,0.14333253467508
Metropolitan,2018,"Travis County",TX,us-tx-453,0.10893015505512
Metropolitan,2018,"Upshur County",TX,us-tx-459,0.1566260693055
Metropolitan,2018,"Victoria County",TX,us-tx-469,0.16790358706917
Metropolitan,2018,"Waller County",TX,us-tx-473,0.19171134618171
Metropolitan,2018,"Webb County",TX,us-tx-479,0.32720841440827
Metropolitan,2018,"Wichita County",TX,us-tx-485,0.13517333111647
Metropolitan,2018,"Williamson County",TX,us-tx-491,0.06762918371705
Metropolitan,2018,"Wilson County",TX,us-tx-493,0.13430166219508
Metropolitan,2018,"Wise County",TX,us-tx-497,0.14927271465902
Metropolitan,2018,"Box Elder County",UT,us-ut-003,0.06782541769554
Metropolitan,2018,"Cache County",UT,us-ut-005,0.06879658865271
Metropolitan,2018,"Davis County",UT,us-ut-011,0.04511499055462
Metropolitan,2018,"Juab County",UT,us-ut-023,0.07775061124694
Metropolitan,2018,"Morgan County",UT,us-ut-029,0.02408311034157
Metropolitan,2018,"Salt Lake County",UT,us-ut-035,0.09572595027949
Metropolitan,2018,"Tooele County",UT,us-ut-045,0.090322236449
Metropolitan,2018,"Utah County",UT,us-ut-049,0.05830019382724
Metropolitan,2018,"Washington County",UT,us-ut-053,0.07468482885133
Metropolitan,2018,"Weber County",UT,us-ut-057,0.09656681891756
Metropolitan,2018,"Albemarle County",VA,us-va-003,0.08624527042065
Metropolitan,2018,"Alexandria City",VA,us-va-510,0.07483509624306
Metropolitan,2018,"Amelia County",VA,us-va-007,0.16467331118494
Metropolitan,2018,"Amherst County",VA,us-va-009,0.14818093299106
Metropolitan,2018,"Appomattox County",VA,us-va-011,0.15853548561638
Metropolitan,2018,"Arlington County",VA,us-va-013,0.05947045898579
Metropolitan,2018,"Augusta County",VA,us-va-015,0.12586447910536
Metropolitan,2018,"Bedford County",VA,us-va-019,0.10174031826004
Metropolitan,2018,"Botetourt County",VA,us-va-023,0.07356094342735
Metropolitan,2018,"Bristol City",VA,us-va-520,0.16265608203093
Metropolitan,2018,"Campbell County",VA,us-va-031,0.14021397105098
Metropolitan,2018,"Charles City County",VA,us-va-036,0.21431206196975
Metropolitan,2018,"Charlottesville City",VA,us-va-540,0.09055601659751
Metropolitan,2018,"Chesapeake City",VA,us-va-550,0.07827262155451
Metropolitan,2018,"Chesterfield County",VA,us-va-041,0.07944159754873
Metropolitan,2018,"Clarke County",VA,us-va-043,0.11330000980104
Metropolitan,2018,"Colonial Heights City",VA,us-va-570,0.09148988451143
Metropolitan,2018,"Craig County",VA,us-va-045,0.07489775051125
Metropolitan,2018,"Culpeper County",VA,us-va-047,0.14752930701885
Metropolitan,2018,"Dinwiddie County",VA,us-va-053,0.16361022997621
Metropolitan,2018,"Fairfax City",VA,us-va-600,0.07019908116386
Metropolitan,2018,"Fairfax County",VA,us-va-059,0.07864749651615
Metropolitan,2018,"Falls Church City",VA,us-va-610,0.01227383345678
Metropolitan,2018,"Fauquier County",VA,us-va-061,0.07781004081976
Metropolitan,2018,"Fluvanna County",VA,us-va-065,0.08963497542098
Metropolitan,2018,"Franklin City",VA,us-va-620,0.17194410047762
Metropolitan,2018,"Franklin County",VA,us-va-067,0.13026415834785
Metropolitan,2018,"Frederick County",VA,us-va-069,0.11364839706912
Metropolitan,2018,"Fredericksburg City",VA,us-va-630,0.10258964143426
Metropolitan,2018,"Giles County",VA,us-va-071,0.1180057684384
Metropolitan,2018,"Gloucester County",VA,us-va-073,0.10908145837974
Metropolitan,2018,"Goochland County",VA,us-va-075,0.09116826037893
Metropolitan,2018,"Greene County",VA,us-va-079,0.13590218599481
Metropolitan,2018,"Hampton City",VA,us-va-650,0.08818096344229
Metropolitan,2018,"Hanover County",VA,us-va-085,0.06934413225901
Metropolitan,2018,"Harrisonburg City",VA,us-va-660,0.15899519212851
Metropolitan,2018,"Henrico County",VA,us-va-087,0.08545528983508
Metropolitan,2018,"Hopewell City",VA,us-va-670,0.18461538461538
Metropolitan,2018,"Isle Of Wight County",VA,us-va-093,0.12544912468466
Metropolitan,2018,"James City County",VA,us-va-095,0.04992624955656
Metropolitan,2018,"King And Queen County",VA,us-va-097,0.13980358174466
Metropolitan,2018,"King William County",VA,us-va-101,0.10177224074399
Metropolitan,2018,"Loudoun County",VA,us-va-107,0.06486335048135
Metropolitan,2018,"Lynchburg City",VA,us-va-680,0.11072135276129
Metropolitan,2018,"Madison County",VA,us-va-113,0.13000739879505
Metropolitan,2018,"Manassas City",VA,us-va-683,0.17144690165295
Metropolitan,2018,"Manassas Park City",VA,us-va-685,0.19831730769231
Metropolitan,2018,"Mathews County",VA,us-va-115,0.09392345895413
Metropolitan,2018,"Montgomery County",VA,us-va-121,0.07495136537214
Metropolitan,2018,"Nelson County",VA,us-va-125,0.143952907599
Metropolitan,2018,"New Kent County",VA,us-va-127,0.07228836413866
Metropolitan,2018,"Newport News City",VA,us-va-700,0.0988577130176
Metropolitan,2018,"Norfolk City",VA,us-va-710,0.12339914883571
Metropolitan,2018,"Petersburg City",VA,us-va-730,0.19032917139614
Metropolitan,2018,"Poquoson City",VA,us-va-735,0.03990024937656
Metropolitan,2018,"Portsmouth City",VA,us-va-740,0.12472844054029
Metropolitan,2018,"Powhatan County",VA,us-va-145,0.09754595414061
Metropolitan,2018,"Prince George County",VA,us-va-149,0.10041809198024
Metropolitan,2018,"Prince William County",VA,us-va-153,0.11480573187151
Metropolitan,2018,"Pulaski County",VA,us-va-155,0.1377744725821
Metropolitan,2018,"Radford City",VA,us-va-750,0.09970897127673
Metropolitan,2018,"Rappahannock County",VA,us-va-157,0.11048621190131
Metropolitan,2018,"Richmond City",VA,us-va-760,0.14986497775533
Metropolitan,2018,"Roanoke City",VA,us-va-770,0.14488965073923
Metropolitan,2018,"Roanoke County",VA,us-va-161,0.07796403263264
Metropolitan,2018,"Rockingham County",VA,us-va-165,0.16495149027044
Metropolitan,2018,"Salem City",VA,us-va-775,0.10361784334387
Metropolitan,2018,"Scott County",VA,us-va-169,0.18843136062283
Metropolitan,2018,"Southampton County",VA,us-va-175,0.16020632632936
Metropolitan,2018,"Spotsylvania County",VA,us-va-177,0.09831073316479
Metropolitan,2018,"Stafford County",VA,us-va-179,0.06334008670457
Metropolitan,2018,"Staunton City",VA,us-va-790,0.10662266727355
Metropolitan,2018,"Suffolk City",VA,us-va-800,0.11189182903938
Metropolitan,2018,"Sussex County",VA,us-va-183,0.24105898745936
Metropolitan,2018,"Virginia Beach City",VA,us-va-810,0.06831370596943
Metropolitan,2018,"Warren County",VA,us-va-187,0.13694748076994
Metropolitan,2018,"Washington County",VA,us-va-191,0.15006008411776
Metropolitan,2018,"Waynesboro City",VA,us-va-820,0.13390914485396
Metropolitan,2018,"Williamsburg City",VA,us-va-830,0.04352601949746
Metropolitan,2018,"Winchester City",VA,us-va-840,0.16878600152157
Metropolitan,2018,"York County",VA,us-va-199,0.05634330826736
Metropolitan,2018,"Chittenden County",VT,us-vt-007,0.05914292166974
Metropolitan,2018,"Franklin County",VT,us-vt-011,0.09243228967986
Metropolitan,2018,"Grand Isle County",VT,us-vt-013,0.05708812260536
Metropolitan,2018,"Asotin County",WA,us-wa-003,0.10047281323877
Metropolitan,2018,"Benton County",WA,us-wa-005,0.09859817555499
Metropolitan,2018,"Chelan County",WA,us-wa-007,0.16685801015742
Metropolitan,2018,"Clark County",WA,us-wa-011,0.07651531137499
Metropolitan,2018,"Cowlitz County",WA,us-wa-015,0.11502566495567
Metropolitan,2018,"Douglas County",WA,us-wa-017,0.18177450944163
Metropolitan,2018,"Franklin County",WA,us-wa-021,0.25196215770183
Metropolitan,2018,"King County",WA,us-wa-033,0.07029577716711
Metropolitan,2018,"Kitsap County",WA,us-wa-035,0.05595515650578
Metropolitan,2018,"Pierce County",WA,us-wa-053,0.08720494176962
Metropolitan,2018,"Skagit County",WA,us-wa-057,0.10335887404801
Metropolitan,2018,"Skamania County",WA,us-wa-059,0.08634350967141
Metropolitan,2018,"Snohomish County",WA,us-wa-061,0.07781578394477
Metropolitan,2018,"Spokane County",WA,us-wa-063,0.0629409519978
Metropolitan,2018,"Stevens County",WA,us-wa-065,0.094720792834
Metropolitan,2018,"Thurston County",WA,us-wa-067,0.05980772737931
Metropolitan,2018,"Walla Walla County",WA,us-wa-071,0.12194317605277
Metropolitan,2018,"Whatcom County",WA,us-wa-073,0.07713877127555
Metropolitan,2018,"Yakima County",WA,us-wa-077,0.26914461571185
Metropolitan,2018,"Brown County",WI,us-wi-009,0.08047824427922
Metropolitan,2018,"Calumet County",WI,us-wi-015,0.06035966526203
Metropolitan,2018,"Chippewa County",WI,us-wi-017,0.07456790123457
Metropolitan,2018,"Columbia County",WI,us-wi-021,0.07047221601212
Metropolitan,2018,"Dane County",WI,us-wi-025,0.04354807093605
Metropolitan,2018,"Douglas County",WI,us-wi-031,0.0658560311284
Metropolitan,2018,"Eau Claire County",WI,us-wi-035,0.06467338316542
Metropolitan,2018,"Fond Du Lac County",WI,us-wi-039,0.08276530856043
Metropolitan,2018,"Green County",WI,us-wi-045,0.07510323800702
Metropolitan,2018,"Iowa County",WI,us-wi-049,0.05077463083999
Metropolitan,2018,"Kenosha County",WI,us-wi-059,0.09833594920454
Metropolitan,2018,"Kewaunee County",WI,us-wi-061,0.07070147496711
Metropolitan,2018,"La Crosse County",WI,us-wi-063,0.05435318904935
Metropolitan,2018,"Lincoln County",WI,us-wi-069,0.08740222513725
Metropolitan,2018,"Marathon County",WI,us-wi-073,0.08325821958966
Metropolitan,2018,"Milwaukee County",WI,us-wi-079,0.12197274055514
Metropolitan,2018,"Oconto County",WI,us-wi-083,0.09673311990687
Metropolitan,2018,"Outagamie County",WI,us-wi-087,0.06278527804564
Metropolitan,2018,"Ozaukee County",WI,us-wi-089,0.03595571666503
Metropolitan,2018,"Pierce County",WI,us-wi-093,0.05223852016392
Metropolitan,2018,"Racine County",WI,us-wi-101,0.10032401386268
Metropolitan,2018,"Rock County",WI,us-wi-105,0.09440201702781
Metropolitan,2018,"Sheboygan County",WI,us-wi-117,0.07346791006579
Metropolitan,2018,"St. Croix County",WI,us-wi-109,0.03715101846499
Metropolitan,2018,"Washington County",WI,us-wi-131,0.05227838052395
Metropolitan,2018,"Waukesha County",WI,us-wi-133,0.03879424265152
Metropolitan,2018,"Winnebago County",WI,us-wi-139,0.072145007702
Metropolitan,2018,"Berkeley County",WV,us-wv-003,0.11156285784131
Metropolitan,2018,"Boone County",WV,us-wv-005,0.20318282753516
Metropolitan,2018,"Brooke County",WV,us-wv-009,0.0877150176894
Metropolitan,2018,"Cabell County",WV,us-wv-011,0.11959772104882
Metropolitan,2018,"Clay County",WV,us-wv-015,0.24336139896373
Metropolitan,2018,"Fayette County",WV,us-wv-019,0.17698253110469
Metropolitan,2018,"Hampshire County",WV,us-wv-027,0.18868918681576
Metropolitan,2018,"Hancock County",WV,us-wv-029,0.10637232589895
Metropolitan,2018,"Jackson County",WV,us-wv-035,0.12729302145006
Metropolitan,2018,"Jefferson County",WV,us-wv-037,0.10691530691531
Metropolitan,2018,"Kanawha County",WV,us-wv-039,0.11860485941138
Metropolitan,2018,"Lincoln County",WV,us-wv-043,0.19133937562941
Metropolitan,2018,"Marshall County",WV,us-wv-051,0.09042092499567
Metropolitan,2018,"Mineral County",WV,us-wv-057,0.09055486284289
Metropolitan,2018,"Monongalia County",WV,us-wv-061,0.0771067632106
Metropolitan,2018,"Morgan County",WV,us-wv-065,0.14176887331454
Metropolitan,2018,"Ohio County",WV,us-wv-069,0.07032395680576
Metropolitan,2018,"Preston County",WV,us-wv-077,0.13619365475089
Metropolitan,2018,"Putnam County",WV,us-wv-079,0.07329410291724
Metropolitan,2018,"Raleigh County",WV,us-wv-081,0.14046448488406
Metropolitan,2018,"Wayne County",WV,us-wv-099,0.20172265288544
Metropolitan,2018,"Wirt County",WV,us-wv-105,0.1595358955765
Metropolitan,2018,"Wood County",WV,us-wv-107,0.10338657517606
Metropolitan,2018,"Laramie County",WY,us-wy-021,0.06844649861647
Metropolitan,2018,"Natrona County",WY,us-wy-025,0.07549075417302
Metropolitan,2023,"Capitol Planning Region",CT,us-ct-110,0.08834787549327
Metropolitan,2023,"Greater Bridgeport Planning Region",CT,us-ct-120,0.12743866206415
Metropolitan,2023,"Lower Connecticut River Valley Planning Regi",CT,us-ct-130,0.04772352841548
Metropolitan,2023,"Naugatuck Valley Planning Region",CT,us-ct-140,0.09666953012502
Metropolitan,2023,"South Central Connecticut Planning Region",CT,us-ct-170,0.08333312338603
Metropolitan,2023,"Southeastern Connecticut Planning Region",CT,us-ct-180,0.07357297944441
Metropolitan,2023,"Western Connecticut Planning Region",CT,us-ct-190,0.08317609555136
Metropolitan,2023,"Anchorage Municipality",AK,us-ak-020,0.05991843943999
Metropolitan,2023,"Fairbanks North Star Borough",AK,us-ak-090,0.05118695574036
Metropolitan,2023,"Matanuska-Susitna Borough",AK,us-ak-170,0.05706819176883
Metropolitan,2023,"Autauga County",AL,us-al-001,0.09721097946869
Metropolitan,2023,"Baldwin County",AL,us-al-003,0.08268600134893
Metropolitan,2023,"Bibb County",AL,us-al-007,0.19659782813383
Metropolitan,2023,"Blount County",AL,us-al-009,0.1730379839477
Metropolitan,2023,"Calhoun County",AL,us-al-015,0.13913795515535
Metropolitan,2023,"Chilton County",AL,us-al-021,0.15812924838196
Metropolitan,2023,"Colbert County",AL,us-al-033,0.12450583239787
Metropolitan,2023,"Elmore County",AL,us-al-051,0.10410879255766
Metropolitan,2023,"Etowah County",AL,us-al-055,0.14222130356897
Metropolitan,2023,"Geneva County",AL,us-al-061,0.16790553007539
Metropolitan,2023,"Greene County",AL,us-al-063,0.17993932499052
Metropolitan,2023,"Hale County",AL,us-al-065,0.18107945425361
Metropolitan,2023,"Henry County",AL,us-al-067,0.17764502436724
Metropolitan,2023,"Houston County",AL,us-al-069,0.1260034904014
Metropolitan,2023,"Jefferson County",AL,us-al-073,0.09008057757159
Metropolitan,2023,"Lauderdale County",AL,us-al-077,0.10695969567695
Metropolitan,2023,"Lawrence County",AL,us-al-079,0.15440547476476
Metropolitan,2023,"Lee County",AL,us-al-081,0.08574288964733
Metropolitan,2023,"Limestone County",AL,us-al-083,0.12437495039289
Metropolitan,2023,"Lowndes County",AL,us-al-085,0.16773824832119
Metropolitan,2023,"Macon County",AL,us-al-087,0.15796243889889
Metropolitan,2023,"Madison County",AL,us-al-089,0.07409038043139
Metropolitan,2023,"Mobile County",AL,us-al-097,0.10991693071851
Metropolitan,2023,"Montgomery County",AL,us-al-101,0.11156190653262
Metropolitan,2023,"Morgan County",AL,us-al-103,0.14915445453798
Metropolitan,2023,"Pickens County",AL,us-al-107,0.16118131060829
Metropolitan,2023,"Russell County",AL,us-al-113,0.142107498938
Metropolitan,2023,"Shelby County",AL,us-al-117,0.05991990141713
Metropolitan,2023,"St. Clair County",AL,us-al-115,0.12415080482282
Metropolitan,2023,"Tuscaloosa County",AL,us-al-125,0.09129169371218
Metropolitan,2023,"Walker County",AL,us-al-127,0.17120769933388
Metropolitan,2023,"Benton County",AR,us-ar-007,0.09425232996283
Metropolitan,2023,"Craighead County",AR,us-ar-031,0.09745928157073
Metropolitan,2023,"Crawford County",AR,us-ar-033,0.13367808037117
Metropolitan,2023,"Crittenden County",AR,us-ar-035,0.14711004501692
Metropolitan,2023,"Faulkner County",AR,us-ar-045,0.06316124920331
Metropolitan,2023,"Garland County",AR,us-ar-051,0.0910536997422
Metropolitan,2023,"Grant County",AR,us-ar-053,0.08889412874322
Metropolitan,2023,"Little River County",AR,us-ar-081,0.08986638287809
Metropolitan,2023,"Lonoke County",AR,us-ar-085,0.09788943923932
Metropolitan,2023,"Madison County",AR,us-ar-087,0.14226011367436
Metropolitan,2023,"Miller County",AR,us-ar-091,0.13082331751585
Metropolitan,2023,"Perry County",AR,us-ar-105,0.08303398728931
Metropolitan,2023,"Poinsett County",AR,us-ar-111,0.17657715949531
Metropolitan,2023,"Pulaski County",AR,us-ar-119,0.08038311825135
Metropolitan,2023,"Saline County",AR,us-ar-125,0.07349885785782
Metropolitan,2023,"Sebastian County",AR,us-ar-131,0.14820728194093
Metropolitan,2023,"Washington County",AR,us-ar-143,0.12737022070252
Metropolitan,2023,"Cochise County",AZ,us-az-003,0.10782106006117
Metropolitan,2023,"Coconino County",AZ,us-az-005,0.08025480615553
Metropolitan,2023,"Maricopa County",AZ,us-az-013,0.1050369984657
Metropolitan,2023,"Mohave County",AZ,us-az-015,0.11833890023251
Metropolitan,2023,"Pima County",AZ,us-az-019,0.10054136590783
Metropolitan,2023,"Pinal County",AZ,us-az-021,0.10873948520841
Metropolitan,2023,"Yavapai County",AZ,us-az-025,0.07503168298981
Metropolitan,2023,"Yuma County",AZ,us-az-027,0.23362466491917
Metropolitan,2023,"Alameda County",CA,us-ca-001,0.11100157828124
Metropolitan,2023,"Butte County",CA,us-ca-007,0.09672944526812
Metropolitan,2023,"Contra Costa County",CA,us-ca-013,0.10387453328533
Metropolitan,2023,"El Dorado County",CA,us-ca-017,0.05083479045631
Metropolitan,2023,"Fresno County",CA,us-ca-019,0.21403075168136
Metropolitan,2023,"Imperial County",CA,us-ca-025,0.28152863938073
Metropolitan,2023,"Kern County",CA,us-ca-029,0.22865016731984
Metropolitan,2023,"Kings County",CA,us-ca-031,0.25764822858339
Metropolitan,2023,"Los Angeles County",CA,us-ca-037,0.1933684887765
Metropolitan,2023,"Madera County",CA,us-ca-039,0.26952412287261
Metropolitan,2023,"Marin County",CA,us-ca-041,0.07265481461204
Metropolitan,2023,"Merced County",CA,us-ca-047,0.28110749565562
Metropolitan,2023,"Monterey County",CA,us-ca-053,0.26665210510108
Metropolitan,2023,"Napa County",CA,us-ca-055,0.15292782893997
Metropolitan,2023,"Orange County",CA,us-ca-059,0.1305593736778
Metropolitan,2023,"Placer County",CA,us-ca-061,0.05075299297161
Metropolitan,2023,"Riverside County",CA,us-ca-065,0.16700060089672
Metropolitan,2023,"Sacramento County",CA,us-ca-067,0.11632480723838
Metropolitan,2023,"San Benito County",CA,us-ca-069,0.16761795166858
Metropolitan,2023,"San Bernardino County",CA,us-ca-071,0.17905700453157
Metropolitan,2023,"San Diego County",CA,us-ca-073,0.10982290608536
Metropolitan,2023,"San Francisco County",CA,us-ca-075,0.1120244218051
Metropolitan,2023,"San Joaquin County",CA,us-ca-077,0.19569372777783
Metropolitan,2023,"San Luis Obispo County",CA,us-ca-079,0.08229907534445
Metropolitan,2023,"San Mateo County",CA,us-ca-081,0.0969505829849
Metropolitan,2023,"Santa Barbara County",CA,us-ca-083,0.17863863590657
Metropolitan,2023,"Santa Clara County",CA,us-ca-085,0.10674076697858
Metropolitan,2023,"Santa Cruz County",CA,us-ca-087,0.11506675496836
Metropolitan,2023,"Shasta County",CA,us-ca-089,0.07930256537481
Metropolitan,2023,"Solano County",CA,us-ca-095,0.11080039494219
Metropolitan,2023,"Sonoma County",CA,us-ca-097,0.11136242193265
Metropolitan,2023,"Stanislaus County",CA,us-ca-099,0.1988683579846
Metropolitan,2023,"Sutter County",CA,us-ca-101,0.21165042593614
Metropolitan,2023,"Tulare County",CA,us-ca-107,0.25631795577782
Metropolitan,2023,"Ventura County",CA,us-ca-111,0.14711447329279
Metropolitan,2023,"Yolo County",CA,us-ca-113,0.11588206848379
Metropolitan,2023,"Yuba County",CA,us-ca-115,0.15338698099664
Metropolitan,2023,"Adams County",CO,us-co-001,0.15014188191238
Metropolitan,2023,"Arapahoe County",CO,us-co-005,0.08035629448433
Metropolitan,2023,"Boulder County",CO,us-co-013,0.04474008488887
Metropolitan,2023,"Broomfield County",CO,us-co-014,0.03923333708413
Metropolitan,2023,"Clear Creek County",CO,us-co-019,0.0543871399866
Metropolitan,2023,"Denver County",CO,us-co-031,0.08644249173647
Metropolitan,2023,"Douglas County",CO,us-co-035,0.02011105092091
Metropolitan,2023,"El Paso County",CO,us-co-041,0.04894337544488
Metropolitan,2023,"Elbert County",CO,us-co-039,0.03191923312258
Metropolitan,2023,"Gilpin County",CO,us-co-047,0.05924220221897
Metropolitan,2023,"Jefferson County",CO,us-co-059,0.04524621952847
Metropolitan,2023,"Larimer County",CO,us-co-069,0.03357546275978
Metropolitan,2023,"Mesa County",CO,us-co-077,0.07648694619185
Metropolitan,2023,"Park County",CO,us-co-093,0.02695585891484
Metropolitan,2023,"Pueblo County",CO,us-co-101,0.09542848393079
Metropolitan,2023,"Teller County",CO,us-co-119,0.03843209309447
Metropolitan,2023,"Weld County",CO,us-co-123,0.11542687986365
Metropolitan,2023,"District Of Columbia",DC,us-dc-001,0.071532970277
Metropolitan,2023,"Kent County",DE,us-de-001,0.09804787208425
Metropolitan,2023,"New Castle County",DE,us-de-003,0.07408736322053
Metropolitan,2023,"Alachua County",FL,us-fl-001,0.05773537709782
Metropolitan,2023,"Baker County",FL,us-fl-003,0.14808766199557
Metropolitan,2023,"Bay County",FL,us-fl-005,0.09233590421229
Metropolitan,2023,"Brevard County",FL,us-fl-009,0.06863828348292
Metropolitan,2023,"Broward County",FL,us-fl-011,0.09721509355405
Metropolitan,2023,"Charlotte County",FL,us-fl-015,0.07753842743127
Metropolitan,2023,"Citrus County",FL,us-fl-017,0.09113211119175
Metropolitan,2023,"Clay County",FL,us-fl-019,0.06672429140918
Metropolitan,2023,"Collier County",FL,us-fl-021,0.10018382046312
Metropolitan,2023,"Duval County",FL,us-fl-031,0.08995269751243
Metropolitan,2023,"Escambia County",FL,us-fl-033,0.09506195252576
Metropolitan,2023,"Flagler County",FL,us-fl-035,0.06912955036657
Metropolitan,2023,"Gadsden County",FL,us-fl-039,0.18712819507093
Metropolitan,2023,"Gilchrist County",FL,us-fl-041,0.14460672447893
Metropolitan,2023,"Hernando County",FL,us-fl-053,0.09943597934796
Metropolitan,2023,"Highlands County",FL,us-fl-055,0.13635629542208
Metropolitan,2023,"Hillsborough County",FL,us-fl-057,0.10416792122598
Metropolitan,2023,"Indian River County",FL,us-fl-061,0.08012299069786
Metropolitan,2023,"Jefferson County",FL,us-fl-065,0.12245642850625
Metropolitan,2023,"Lake County",FL,us-fl-069,0.09075035394054
Metropolitan,2023,"Lee County",FL,us-fl-071,0.09620298314419
Metropolitan,2023,"Leon County",FL,us-fl-073,0.06289656106758
Metropolitan,2023,"Levy County",FL,us-fl-075,0.12235589432761
Metropolitan,2023,"Manatee County",FL,us-fl-081,0.0895313748114
Metropolitan,2023,"Marion County",FL,us-fl-083,0.10385290297621
Metropolitan,2023,"Martin County",FL,us-fl-085,0.07278371852363
Metropolitan,2023,"Miami-Dade County",FL,us-fl-086,0.1694423480171
Metropolitan,2023,"Nassau County",FL,us-fl-089,0.07685969199295
Metropolitan,2023,"Okaloosa County",FL,us-fl-091,0.06583420236467
Metropolitan,2023,"Orange County",FL,us-fl-095,0.09972537970459
Metropolitan,2023,"Osceola County",FL,us-fl-097,0.11395693999084
Metropolitan,2023,"Palm Beach County",FL,us-fl-099,0.10867668225981
Metropolitan,2023,"Pasco County",FL,us-fl-101,0.08785347525439
Metropolitan,2023,"Pinellas County",FL,us-fl-103,0.07439595850065
Metropolitan,2023,"Polk County",FL,us-fl-105,0.12481278556126
Metropolitan,2023,"Santa Rosa County",FL,us-fl-113,0.07365532381998
Metropolitan,2023,"Sarasota County",FL,us-fl-115,0.05630772983822
Metropolitan,2023,"Seminole County",FL,us-fl-117,0.06114612401268
Metropolitan,2023,"St. Johns County",FL,us-fl-109,0.04866306836924
Metropolitan,2023,"St. Lucie County",FL,us-fl-111,0.11373740717968
Metropolitan,2023,"Sumter County",FL,us-fl-119,0.06834445216211
Metropolitan,2023,"Volusia County",FL,us-fl-127,0.08059866412619
Metropolitan,2023,"Wakulla County",FL,us-fl-129,0.12514927155481
Metropolitan,2023,"Walton County",FL,us-fl-131,0.08592093564052
Metropolitan,2023,"Washington County",FL,us-fl-133,0.16910060893463
Metropolitan,2023,"Barrow County",GA,us-ga-013,0.12379847243631
Metropolitan,2023,"Bartow County",GA,us-ga-015,0.11353607315647
Metropolitan,2023,"Bibb County",GA,us-ga-021,0.12595423540225
Metropolitan,2023,"Brantley County",GA,us-ga-025,0.18768328445748
Metropolitan,2023,"Brooks County",GA,us-ga-027,0.17042781214603
Metropolitan,2023,"Bryan County",GA,us-ga-029,0.07159644402057
Metropolitan,2023,"Burke County",GA,us-ga-033,0.15894379286035
Metropolitan,2023,"Butts County",GA,us-ga-035,0.16249931608032
Metropolitan,2023,"Carroll County",GA,us-ga-045,0.15253933504884
Metropolitan,2023,"Catoosa County",GA,us-ga-047,0.10183128692956
Metropolitan,2023,"Chatham County",GA,us-ga-051,0.08762354185126
Metropolitan,2023,"Chattahoochee County",GA,us-ga-053,0.02868563367035
Metropolitan,2023,"Cherokee County",GA,us-ga-057,0.07857215033691
Metropolitan,2023,"Clarke County",GA,us-ga-059,0.10035282393816
Metropolitan,2023,"Clayton County",GA,us-ga-063,0.15198429541596
Metropolitan,2023,"Cobb County",GA,us-ga-067,0.0720741019379
Metropolitan,2023,"Columbia County",GA,us-ga-073,0.0691304957249
Metropolitan,2023,"Coweta County",GA,us-ga-077,0.08142161635833
Metropolitan,2023,"Crawford County",GA,us-ga-079,0.16417387240009
Metropolitan,2023,"Dade County",GA,us-ga-083,0.11583924349882
Metropolitan,2023,"Dawson County",GA,us-ga-085,0.10673640369994
Metropolitan,2023,"Dekalb County",GA,us-ga-089,0.09192164846667
Metropolitan,2023,"Dougherty County",GA,us-ga-095,0.14644191343964
Metropolitan,2023,"Douglas County",GA,us-ga-097,0.08599518922723
Metropolitan,2023,"Echols County",GA,us-ga-101,0.18489583333333
Metropolitan,2023,"Effingham County",GA,us-ga-103,0.09246474569366
Metropolitan,2023,"Fayette County",GA,us-ga-113,0.0502494997951
Metropolitan,2023,"Floyd County",GA,us-ga-115,0.1508028045042
Metropolitan,2023,"Forsyth County",GA,us-ga-117,0.05940409248933
Metropolitan,2023,"Fulton County",GA,us-ga-121,0.06366013284181
Metropolitan,2023,"Glynn County",GA,us-ga-127,0.10358605204068
Metropolitan,2023,"Gwinnett County",GA,us-ga-135,0.12069933602655
Metropolitan,2023,"Hall County",GA,us-ga-139,0.18662694043224
Metropolitan,2023,"Haralson County",GA,us-ga-143,0.15429003878536
Metropolitan,2023,"Harris County",GA,us-ga-145,0.07074715408049
Metropolitan,2023,"Heard County",GA,us-ga-149,0.14085213032581
Metropolitan,2023,"Henry County",GA,us-ga-151,0.07559097376501
Metropolitan,2023,"Houston County",GA,us-ga-153,0.06797830518346
Metropolitan,2023,"Jasper County",GA,us-ga-159,0.10968904057641
Metropolitan,2023,"Jones County",GA,us-ga-169,0.08308141878275
Metropolitan,2023,"Lanier County",GA,us-ga-173,0.1050514081359
Metropolitan,2023,"Lee County",GA,us-ga-177,0.08441110139458
Metropolitan,2023,"Liberty County",GA,us-ga-179,0.07976507722957
Metropolitan,2023,"Lincoln County",GA,us-ga-181,0.13146997929607
Metropolitan,2023,"Long County",GA,us-ga-183,0.14160902803058
Metropolitan,2023,"Lowndes County",GA,us-ga-185,0.10178310271122
Metropolitan,2023,"Lumpkin County",GA,us-ga-187,0.10914619883041
Metropolitan,2023,"Madison County",GA,us-ga-195,0.18066872717055
Metropolitan,2023,"Marion County",GA,us-ga-197,0.23795566953655
Metropolitan,2023,"Mcduffie County",GA,us-ga-189,0.14438103003125
Metropolitan,2023,"Mcintosh County",GA,us-ga-191,0.18418667874943
Metropolitan,2023,"Meriwether County",GA,us-ga-199,0.17759859059493
Metropolitan,2023,"Monroe County",GA,us-ga-207,0.09202575532442
Metropolitan,2023,"Morgan County",GA,us-ga-211,0.08712763791817
Metropolitan,2023,"Murray County",GA,us-ga-213,0.21337368071444
Metropolitan,2023,"Muscogee County",GA,us-ga-215,0.11035982543123
Metropolitan,2023,"Newton County",GA,us-ga-217,0.10483580656774
Metropolitan,2023,"Oconee County",GA,us-ga-219,0.03763151280118
Metropolitan,2023,"Oglethorpe County",GA,us-ga-221,0.12428744977105
Metropolitan,2023,"Paulding County",GA,us-ga-223,0.08624231766979
Metropolitan,2023,"Peach County",GA,us-ga-225,0.12330187135141
Metropolitan,2023,"Pickens County",GA,us-ga-227,0.10086750788644
Metropolitan,2023,"Pike County",GA,us-ga-231,0.09982723653572
Metropolitan,2023,"Richmond County",GA,us-ga-245,0.121531986161
Metropolitan,2023,"Rockdale County",GA,us-ga-247,0.09995737761851
Metropolitan,2023,"Spalding County",GA,us-ga-255,0.14632638267025
Metropolitan,2023,"Stewart County",GA,us-ga-259,0.27128062642081
Metropolitan,2023,"Talbot County",GA,us-ga-263,0.17104962268466
Metropolitan,2023,"Terrell County",GA,us-ga-273,0.2217004048583
Metropolitan,2023,"Twiggs County",GA,us-ga-289,0.22172172172172
Metropolitan,2023,"Walker County",GA,us-ga-295,0.14732926955264
Metropolitan,2023,"Walton County",GA,us-ga-297,0.12733190324728
Metropolitan,2023,"Whitfield County",GA,us-ga-313,0.24611318177093
Metropolitan,2023,"Worth County",GA,us-ga-321,0.1349972421401
Metropolitan,2023,"Honolulu County",HI,us-hi-003,0.07107441987998
Metropolitan,2023,"Kalawao County",HI,us-hi-005,0.25581395348837
Metropolitan,2023,"Maui County",HI,us-hi-009,0.07209169343581
Metropolitan,2023,"Benton County",IA,us-ia-011,0.05298050139276
Metropolitan,2023,"Black Hawk County",IA,us-ia-013,0.0674753601213
Metropolitan,2023,"Boone County",IA,us-ia-015,0.04271803999581
Metropolitan,2023,"Bremer County",IA,us-ia-017,0.04138513513514
Metropolitan,2023,"Dallas County",IA,us-ia-049,0.03919423536962
Metropolitan,2023,"Dubuque County",IA,us-ia-061,0.05925391745917
Metropolitan,2023,"Grundy County",IA,us-ia-075,0.02794271742927
Metropolitan,2023,"Guthrie County",IA,us-ia-077,0.05103502148158
Metropolitan,2023,"Harrison County",IA,us-ia-085,0.06488287758502
Metropolitan,2023,"Jasper County",IA,us-ia-099,0.06630373568613
Metropolitan,2023,"Johnson County",IA,us-ia-103,0.03755349693916
Metropolitan,2023,"Jones County",IA,us-ia-105,0.05602874634017
Metropolitan,2023,"Linn County",IA,us-ia-113,0.04719914694182
Metropolitan,2023,"Madison County",IA,us-ia-121,0.04704748554407
Metropolitan,2023,"Mills County",IA,us-ia-129,0.04375489428348
Metropolitan,2023,"Polk County",IA,us-ia-153,0.07507765614162
Metropolitan,2023,"Pottawattamie County",IA,us-ia-155,0.08957399454563
Metropolitan,2023,"Scott County",IA,us-ia-163,0.05843707940781
Metropolitan,2023,"Story County",IA,us-ia-169,0.02905338511918
Metropolitan,2023,"Warren County",IA,us-ia-181,0.03284178533236
Metropolitan,2023,"Washington County",IA,us-ia-183,0.06752516668846
Metropolitan,2023,"Woodbury County",IA,us-ia-193,0.12896584412122
Metropolitan,2023,"Ada County",ID,us-id-001,0.04934716206584
Metropolitan,2023,"Bannock County",ID,us-id-005,0.06249669259671
Metropolitan,2023,"Boise County",ID,us-id-015,0.04424223407593
Metropolitan,2023,"Bonneville County",ID,us-id-019,0.07940459386629
Metropolitan,2023,"Butte County",ID,us-id-023,0.12408347433728
Metropolitan,2023,"Canyon County",ID,us-id-027,0.1228440850079
Metropolitan,2023,"Franklin County",ID,us-id-041,0.05957639596783
Metropolitan,2023,"Gem County",ID,us-id-045,0.10957431560843
Metropolitan,2023,"Jefferson County",ID,us-id-051,0.06732514682328
Metropolitan,2023,"Jerome County",ID,us-id-053,0.26601890756303
Metropolitan,2023,"Kootenai County",ID,us-id-055,0.05634559271491
Metropolitan,2023,"Nez Perce County",ID,us-id-069,0.07070299360915
Metropolitan,2023,"Owyhee County",ID,us-id-073,0.22270901788974
Metropolitan,2023,"Twin Falls County",ID,us-id-083,0.11347374785851
Metropolitan,2023,"Alexander County",IL,us-il-003,0.13342696629213
Metropolitan,2023,"Bond County",IL,us-il-005,0.10690501226779
Metropolitan,2023,"Boone County",IL,us-il-007,0.14394987157413
Metropolitan,2023,"Calhoun County",IL,us-il-013,0.06602870813397
Metropolitan,2023,"Champaign County",IL,us-il-019,0.04862972212773
Metropolitan,2023,"Clinton County",IL,us-il-027,0.07964065046814
Metropolitan,2023,"Cook County",IL,us-il-031,0.11661524954242
Metropolitan,2023,"Dekalb County",IL,us-il-037,0.07643206499212
Metropolitan,2023,"Dupage County",IL,us-il-043,0.06809837330579
Metropolitan,2023,"Ford County",IL,us-il-053,0.08100258175559
Metropolitan,2023,"Grundy County",IL,us-il-063,0.05806689760918
Metropolitan,2023,"Henry County",IL,us-il-073,0.07926304310394
Metropolitan,2023,"Jersey County",IL,us-il-083,0.06290484140234
Metropolitan,2023,"Kane County",IL,us-il-089,0.12994820220046
Metropolitan,2023,"Kankakee County",IL,us-il-091,0.09039634570927
Metropolitan,2023,"Kendall County",IL,us-il-093,0.06392078203532
Metropolitan,2023,"Lake County",IL,us-il-097,0.09412675518602
Metropolitan,2023,"Macon County",IL,us-il-115,0.06950669475589
Metropolitan,2023,"Macoupin County",IL,us-il-117,0.09169431057145
Metropolitan,2023,"Madison County",IL,us-il-119,0.06300241212023
Metropolitan,2023,"Marshall County",IL,us-il-123,0.08989292857983
Metropolitan,2023,"Massac County",IL,us-il-127,0.10745766069129
Metropolitan,2023,"Mchenry County",IL,us-il-111,0.06280639398477
Metropolitan,2023,"Mclean County",IL,us-il-113,0.04197101010483
Metropolitan,2023,"Menard County",IL,us-il-129,0.05833817547937
Metropolitan,2023,"Mercer County",IL,us-il-131,0.06689383070301
Metropolitan,2023,"Monroe County",IL,us-il-133,0.0422557840617
Metropolitan,2023,"Peoria County",IL,us-il-143,0.06647561156902
Metropolitan,2023,"Piatt County",IL,us-il-147,0.03963389033504
Metropolitan,2023,"Rock Island County",IL,us-il-161,0.09774053294505
Metropolitan,2023,"Sangamon County",IL,us-il-167,0.06291906436682
Metropolitan,2023,"St. Clair County",IL,us-il-163,0.07255069162665
Metropolitan,2023,"Stark County",IL,us-il-175,0.08289334741288
Metropolitan,2023,"Tazewell County",IL,us-il-179,0.05999717148421
Metropolitan,2023,"Will County",IL,us-il-197,0.08496645357504
Metropolitan,2023,"Winnebago County",IL,us-il-201,0.11353313756869
Metropolitan,2023,"Woodford County",IL,us-il-203,0.05203829524398
Metropolitan,2023,"Allen County",IN,us-in-003,0.09670854646458
Metropolitan,2023,"Bartholomew County",IN,us-in-005,0.07854402712106
Metropolitan,2023,"Benton County",IN,us-in-007,0.10412773908612
Metropolitan,2023,"Boone County",IN,us-in-011,0.05005866249511
Metropolitan,2023,"Brown County",IN,us-in-013,0.06422474517279
Metropolitan,2023,"Carroll County",IN,us-in-015,0.10273117981422
Metropolitan,2023,"Clark County",IN,us-in-019,0.09250352289005
Metropolitan,2023,"Clay County",IN,us-in-021,0.09212312035177
Metropolitan,2023,"Dearborn County",IN,us-in-029,0.0875017534016
Metropolitan,2023,"Delaware County",IN,us-in-035,0.0905348621893
Metropolitan,2023,"Elkhart County",IN,us-in-039,0.17799065742093
Metropolitan,2023,"Floyd County",IN,us-in-043,0.07454496548014
Metropolitan,2023,"Franklin County",IN,us-in-047,0.11275427430426
Metropolitan,2023,"Hamilton County",IN,us-in-057,0.02709029676362
Metropolitan,2023,"Hancock County",IN,us-in-059,0.06507855521737
Metropolitan,2023,"Harrison County",IN,us-in-061,0.08218447981808
Metropolitan,2023,"Hendricks County",IN,us-in-063,0.06512523447894
Metropolitan,2023,"Howard County",IN,us-in-067,0.07932750457891
Metropolitan,2023,"Jasper County",IN,us-in-073,0.06932681393521
Metropolitan,2023,"Johnson County",IN,us-in-081,0.0725467459052
Metropolitan,2023,"Lake County",IN,us-in-089,0.09776864012576
Metropolitan,2023,"Laporte County",IN,us-in-091,0.09505948321588
Metropolitan,2023,"Madison County",IN,us-in-095,0.09518888755942
Metropolitan,2023,"Marion County",IN,us-in-097,0.12302238612572
Metropolitan,2023,"Monroe County",IN,us-in-105,0.0517303619561
Metropolitan,2023,"Morgan County",IN,us-in-109,0.09560641728156
Metropolitan,2023,"Newton County",IN,us-in-111,0.11642599277978
Metropolitan,2023,"Ohio County",IN,us-in-115,0.06522727272727
Metropolitan,2023,"Owen County",IN,us-in-119,0.12960358056266
Metropolitan,2023,"Porter County",IN,us-in-127,0.06190515463918
Metropolitan,2023,"Posey County",IN,us-in-129,0.06734739426403
Metropolitan,2023,"Shelby County",IN,us-in-145,0.09636306135357
Metropolitan,2023,"St. Joseph County",IN,us-in-141,0.08805193929931
Metropolitan,2023,"Sullivan County",IN,us-in-153,0.11904604611218
Metropolitan,2023,"Tippecanoe County",IN,us-in-157,0.08049313864988
Metropolitan,2023,"Tipton County",IN,us-in-159,0.0826686004351
Metropolitan,2023,"Vanderburgh County",IN,us-in-163,0.08628031995855
Metropolitan,2023,"Vermillion County",IN,us-in-165,0.07393749423804
Metropolitan,2023,"Vigo County",IN,us-in-167,0.09587979947091
Metropolitan,2023,"Warren County",IN,us-in-171,0.07980132450331
Metropolitan,2023,"Warrick County",IN,us-in-173,0.04505349683933
Metropolitan,2023,"Washington County",IN,us-in-175,0.11926698905574
Metropolitan,2023,"Wells County",IN,us-in-179,0.06690436241611
Metropolitan,2023,"Whitley County",IN,us-in-183,0.07906724058674
Metropolitan,2023,"Butler County",KS,us-ks-015,0.05947567207287
Metropolitan,2023,"Cherokee County",KS,us-ks-021,0.09101796407186
Metropolitan,2023,"Doniphan County",KS,us-ks-043,0.07078222400965
Metropolitan,2023,"Douglas County",KS,us-ks-045,0.04113633474127
Metropolitan,2023,"Geary County",KS,us-ks-061,0.06586000918977
Metropolitan,2023,"Harvey County",KS,us-ks-079,0.08171617161716
Metropolitan,2023,"Jackson County",KS,us-ks-085,0.06015121191906
Metropolitan,2023,"Jefferson County",KS,us-ks-087,0.04813284358739
Metropolitan,2023,"Johnson County",KS,us-ks-091,0.03529184558566
Metropolitan,2023,"Leavenworth County",KS,us-ks-103,0.06600424567851
Metropolitan,2023,"Linn County",KS,us-ks-107,0.05874692519172
Metropolitan,2023,"Miami County",KS,us-ks-121,0.05235092471116
Metropolitan,2023,"Osage County",KS,us-ks-139,0.07641286570961
Metropolitan,2023,"Pottawatomie County",KS,us-ks-149,0.03686384064132
Metropolitan,2023,"Riley County",KS,us-ks-161,0.03883924866525
Metropolitan,2023,"Sedgwick County",KS,us-ks-173,0.10494319836877
Metropolitan,2023,"Shawnee County",KS,us-ks-177,0.06546139793618
Metropolitan,2023,"Sumner County",KS,us-ks-191,0.05975070896261
Metropolitan,2023,"Wabaunsee County",KS,us-ks-197,0.03719958202717
Metropolitan,2023,"Wyandotte County",KS,us-ks-209,0.18096181046676
Metropolitan,2023,"Allen County",KY,us-ky-003,0.15045395590143
Metropolitan,2023,"Ballard County",KY,us-ky-007,0.06331640058055
Metropolitan,2023,"Boone County",KY,us-ky-015,0.06414193108154
Metropolitan,2023,"Bourbon County",KY,us-ky-017,0.1343176089305
Metropolitan,2023,"Boyd County",KY,us-ky-019,0.10952436465377
Metropolitan,2023,"Bracken County",KY,us-ky-023,0.11835334476844
Metropolitan,2023,"Bullitt County",KY,us-ky-029,0.1042636443365
Metropolitan,2023,"Butler County",KY,us-ky-031,0.18034109241761
Metropolitan,2023,"Campbell County",KY,us-ky-037,0.06891439575723
Metropolitan,2023,"Carlisle County",KY,us-ky-039,0.09090909090909
Metropolitan,2023,"Carter County",KY,us-ky-043,0.17214774281806
Metropolitan,2023,"Christian County",KY,us-ky-047,0.13119014389528
Metropolitan,2023,"Clark County",KY,us-ky-049,0.10058875591642
Metropolitan,2023,"Daviess County",KY,us-ky-059,0.09098249560227
Metropolitan,2023,"Edmonson County",KY,us-ky-061,0.15973213305522
Metropolitan,2023,"Fayette County",KY,us-ky-067,0.07616611466914
Metropolitan,2023,"Gallatin County",KY,us-ky-077,0.15558887223055
Metropolitan,2023,"Grant County",KY,us-ky-081,0.11202656173143
Metropolitan,2023,"Greenup County",KY,us-ky-089,0.09706378141048
Metropolitan,2023,"Hardin County",KY,us-ky-093,0.07578364428195
Metropolitan,2023,"Henry County",KY,us-ky-103,0.13908872901679
Metropolitan,2023,"Jefferson County",KY,us-ky-111,0.0848434284443
Metropolitan,2023,"Jessamine County",KY,us-ky-113,0.09493250719186
Metropolitan,2023,"Kenton County",KY,us-ky-117,0.07537429013939
Metropolitan,2023,"Larue County",KY,us-ky-123,0.14023054205964
Metropolitan,2023,"Lawrence County",KY,us-ky-127,0.20204262877442
Metropolitan,2023,"Livingston County",KY,us-ky-139,0.10478995504573
Metropolitan,2023,"Mccracken County",KY,us-ky-145,0.07159663865546
Metropolitan,2023,"Mclean County",KY,us-ky-149,0.0790426704456
Metropolitan,2023,"Meade County",KY,us-ky-163,0.09420186113099
Metropolitan,2023,"Nelson County",KY,us-ky-179,0.08103602630198
Metropolitan,2023,"Oldham County",KY,us-ky-185,0.05859485902728
Metropolitan,2023,"Pendleton County",KY,us-ky-191,0.1525507189285
Metropolitan,2023,"Scott County",KY,us-ky-209,0.05699711110533
Metropolitan,2023,"Shelby County",KY,us-ky-211,0.1182725630165
Metropolitan,2023,"Spencer County",KY,us-ky-215,0.06730217889908
Metropolitan,2023,"Trigg County",KY,us-ky-221,0.12461826421042
Metropolitan,2023,"Warren County",KY,us-ky-227,0.11075180934106
Metropolitan,2023,"Woodford County",KY,us-ky-239,0.08613154247948
Metropolitan,2023,"Acadia Parish",LA,us-la-001,0.19317429638063
Metropolitan,2023,"Ascension Parish",LA,us-la-005,0.11332944661915
Metropolitan,2023,"Assumption Parish",LA,us-la-007,0.21782245466277
Metropolitan,2023,"Bossier Parish",LA,us-la-015,0.0930865541644
Metropolitan,2023,"Caddo Parish",LA,us-la-017,0.12497488699146
Metropolitan,2023,"Calcasieu Parish",LA,us-la-019,0.10605668062812
Metropolitan,2023,"Cameron Parish",LA,us-la-023,0.11867219917012
Metropolitan,2023,"De Soto Parish",LA,us-la-031,0.14996480970169
Metropolitan,2023,"East Baton Rouge Parish",LA,us-la-033,0.09175165453226
Metropolitan,2023,"East Feliciana Parish",LA,us-la-037,0.15308607612553
Metropolitan,2023,"Grant Parish",LA,us-la-043,0.18513100992114
Metropolitan,2023,"Iberville Parish",LA,us-la-047,0.18974141185353
Metropolitan,2023,"Jefferson Davis Parish",LA,us-la-053,0.17259570494865
Metropolitan,2023,"Jefferson Parish",LA,us-la-051,0.13449510402909
Metropolitan,2023,"Lafayette Parish",LA,us-la-055,0.10083643402906
Metropolitan,2023,"Lafourche Parish",LA,us-la-057,0.17149883117277
Metropolitan,2023,"Livingston Parish",LA,us-la-063,0.12441363277845
Metropolitan,2023,"Morehouse Parish",LA,us-la-067,0.1692899408284
Metropolitan,2023,"Orleans Parish",LA,us-la-071,0.10853618494694
Metropolitan,2023,"Ouachita Parish",LA,us-la-073,0.12046714096688
Metropolitan,2023,"Plaquemines Parish",LA,us-la-075,0.1435884144366
Metropolitan,2023,"Pointe Coupee Parish",LA,us-la-077,0.18462603878116
Metropolitan,2023,"Rapides Parish",LA,us-la-079,0.12582410529878
Metropolitan,2023,"Richland Parish",LA,us-la-083,0.20486394305628
Metropolitan,2023,"St. Bernard Parish",LA,us-la-087,0.18731978580255
Metropolitan,2023,"St. Charles Parish",LA,us-la-089,0.10934206778696
Metropolitan,2023,"St. Helena Parish",LA,us-la-091,0.1889837289944
Metropolitan,2023,"St. James Parish",LA,us-la-093,0.11377072819034
Metropolitan,2023,"St. John The Baptist Parish",LA,us-la-095,0.13262156371428
Metropolitan,2023,"St. Martin Parish",LA,us-la-099,0.17121397479302
Metropolitan,2023,"St. Tammany Parish",LA,us-la-103,0.08595870780745
Metropolitan,2023,"Tangipahoa Parish",LA,us-la-105,0.16130052287434
Metropolitan,2023,"Terrebonne Parish",LA,us-la-109,0.16734248720602
Metropolitan,2023,"Union Parish",LA,us-la-111,0.13611859838275
Metropolitan,2023,"Vermilion Parish",LA,us-la-113,0.15932980320873
Metropolitan,2023,"West Baton Rouge Parish",LA,us-la-121,0.10597798127379
Metropolitan,2023,"West Feliciana Parish",LA,us-la-125,0.15405057865409
Metropolitan,2023,"Barnstable County",MA,us-ma-001,0.0361734391139
Metropolitan,2023,"Berkshire County",MA,us-ma-003,0.06304104925702
Metropolitan,2023,"Bristol County",MA,us-ma-005,0.13752098591653
Metropolitan,2023,"Essex County",MA,us-ma-009,0.0985987795993
Metropolitan,2023,"Hampden County",MA,us-ma-013,0.12822701154815
Metropolitan,2023,"Hampshire County",MA,us-ma-015,0.04515361228898
Metropolitan,2023,"Middlesex County",MA,us-ma-017,0.06564039901899
Metropolitan,2023,"Norfolk County",MA,us-ma-021,0.05640597638928
Metropolitan,2023,"Plymouth County",MA,us-ma-023,0.06764512758893
Metropolitan,2023,"Suffolk County",MA,us-ma-025,0.12392798607494
Metropolitan,2023,"Worcester County",MA,us-ma-027,0.0868994321134
Metropolitan,2023,"Anne Arundel County",MD,us-md-003,0.06220528326835
Metropolitan,2023,"Baltimore City",MD,us-md-510,0.1279718031165
Metropolitan,2023,"Baltimore County",MD,us-md-005,0.08301364458774
Metropolitan,2023,"Calvert County",MD,us-md-009,0.05091813253849
Metropolitan,2023,"Carroll County",MD,us-md-013,0.05125945932593
Metropolitan,2023,"Cecil County",MD,us-md-015,0.08458045842993
Metropolitan,2023,"Charles County",MD,us-md-017,0.05675528933726
Metropolitan,2023,"Frederick County",MD,us-md-021,0.06582939502337
Metropolitan,2023,"Harford County",MD,us-md-025,0.0537201108709
Metropolitan,2023,"Howard County",MD,us-md-027,0.04748813456438
Metropolitan,2023,"Montgomery County",MD,us-md-031,0.08752052903529
Metropolitan,2023,"Prince George's County",MD,us-md-033,0.1326143417495
Metropolitan,2023,"Queen Anne's County",MD,us-md-035,0.06406441927119
Metropolitan,2023,"Somerset County",MD,us-md-039,0.15046745457753
Metropolitan,2023,"St. Mary's County",MD,us-md-037,0.07630595314067
Metropolitan,2023,"Washington County",MD,us-md-043,0.11324577722927
Metropolitan,2023,"Wicomico County",MD,us-md-045,0.10602157706528
Metropolitan,2023,"Androscoggin County",ME,us-me-001,0.07534903958128
Metropolitan,2023,"Cumberland County",ME,us-me-005,0.03498426798279
Metropolitan,2023,"Penobscot County",ME,us-me-019,0.05468799336022
Metropolitan,2023,"Sagadahoc County",ME,us-me-023,0.05226283570999
Metropolitan,2023,"York County",ME,us-me-031,0.04903735498118
Metropolitan,2023,"Barry County",MI,us-mi-015,0.06915610676732
Metropolitan,2023,"Bay County",MI,us-mi-017,0.08170543460904
Metropolitan,2023,"Benzie County",MI,us-mi-019,0.06082341127528
Metropolitan,2023,"Berrien County",MI,us-mi-021,0.07677413377802
Metropolitan,2023,"Calhoun County",MI,us-mi-025,0.09085754165576
Metropolitan,2023,"Cass County",MI,us-mi-027,0.0980508611846
Metropolitan,2023,"Clinton County",MI,us-mi-037,0.0448342729917
Metropolitan,2023,"Eaton County",MI,us-mi-045,0.05487789186546
Metropolitan,2023,"Genesee County",MI,us-mi-049,0.09108612842937
Metropolitan,2023,"Grand Traverse County",MI,us-mi-055,0.04874130388008
Metropolitan,2023,"Ingham County",MI,us-mi-065,0.06500834686364
Metropolitan,2023,"Ionia County",MI,us-mi-067,0.08634421759945
Metropolitan,2023,"Jackson County",MI,us-mi-075,0.07211825115021
Metropolitan,2023,"Kalamazoo County",MI,us-mi-077,0.05670683601631
Metropolitan,2023,"Kalkaska County",MI,us-mi-079,0.10072540426175
Metropolitan,2023,"Kent County",MI,us-mi-081,0.07716930275367
Metropolitan,2023,"Lapeer County",MI,us-mi-087,0.07667701717977
Metropolitan,2023,"Leelanau County",MI,us-mi-089,0.03417124901807
Metropolitan,2023,"Livingston County",MI,us-mi-093,0.03848903888229
Metropolitan,2023,"Macomb County",MI,us-mi-099,0.09244757970473
Metropolitan,2023,"Midland County",MI,us-mi-111,0.04965575146935
Metropolitan,2023,"Monroe County",MI,us-mi-115,0.08244733839271
Metropolitan,2023,"Montcalm County",MI,us-mi-117,0.11743615549126
Metropolitan,2023,"Muskegon County",MI,us-mi-121,0.07506033325371
Metropolitan,2023,"Oakland County",MI,us-mi-125,0.05068500366535
Metropolitan,2023,"Ottawa County",MI,us-mi-139,0.05895876516451
Metropolitan,2023,"Saginaw County",MI,us-mi-145,0.08932343901342
Metropolitan,2023,"St. Clair County",MI,us-mi-147,0.07907979245791
Metropolitan,2023,"Washtenaw County",MI,us-mi-161,0.04230103365752
Metropolitan,2023,"Wayne County",MI,us-mi-163,0.12100506284133
Metropolitan,2023,"Anoka County",MN,us-mn-003,0.05784381533863
Metropolitan,2023,"Benton County",MN,us-mn-009,0.0767723677527
Metropolitan,2023,"Blue Earth County",MN,us-mn-013,0.0502094099782
Metropolitan,2023,"Carlton County",MN,us-mn-017,0.06478109259977
Metropolitan,2023,"Carver County",MN,us-mn-019,0.03688104408546
Metropolitan,2023,"Chisago County",MN,us-mn-025,0.04433924853772
Metropolitan,2023,"Clay County",MN,us-mn-027,0.04999626707812
Metropolitan,2023,"Dakota County",MN,us-mn-037,0.04501061007077
Metropolitan,2023,"Dodge County",MN,us-mn-039,0.05045675135598
Metropolitan,2023,"Fillmore County",MN,us-mn-045,0.07170119956379
Metropolitan,2023,"Hennepin County",MN,us-mn-053,0.06035065467049
Metropolitan,2023,"Houston County",MN,us-mn-055,0.05568773234201
Metropolitan,2023,"Isanti County",MN,us-mn-059,0.0770655417224
Metropolitan,2023,"Le Sueur County",MN,us-mn-079,0.0497051390059
Metropolitan,2023,"Mille Lacs County",MN,us-mn-095,0.08702624685946
Metropolitan,2023,"Nicollet County",MN,us-mn-103,0.05040035587189
Metropolitan,2023,"Olmsted County",MN,us-mn-109,0.04966809769472
Metropolitan,2023,"Polk County",MN,us-mn-119,0.06786091633849
Metropolitan,2023,"Ramsey County",MN,us-mn-123,0.08525447979832
Metropolitan,2023,"Rock County",MN,us-mn-133,0.06658521686011
Metropolitan,2023,"Scott County",MN,us-mn-139,0.05046915552006
Metropolitan,2023,"Sherburne County",MN,us-mn-141,0.05615861593815
Metropolitan,2023,"St. Louis County",MN,us-mn-137,0.050157102935
Metropolitan,2023,"Stearns County",MN,us-mn-145,0.0721261980507
Metropolitan,2023,"Wabasha County",MN,us-mn-157,0.0509702457956
Metropolitan,2023,"Washington County",MN,us-mn-163,0.03745178951911
Metropolitan,2023,"Wright County",MN,us-mn-171,0.05050653973336
Metropolitan,2023,"Andrew County",MO,us-mo-003,0.05994978028876
Metropolitan,2023,"Bates County",MO,us-mo-013,0.10994529638597
Metropolitan,2023,"Bollinger County",MO,us-mo-017,0.137634123725
Metropolitan,2023,"Boone County",MO,us-mo-019,0.05416703569214
Metropolitan,2023,"Buchanan County",MO,us-mo-021,0.10199300699301
Metropolitan,2023,"Caldwell County",MO,us-mo-025,0.09193892628468
Metropolitan,2023,"Callaway County",MO,us-mo-027,0.09306227815424
Metropolitan,2023,"Cape Girardeau County",MO,us-mo-031,0.07173695820215
Metropolitan,2023,"Cass County",MO,us-mo-037,0.06334853662753
Metropolitan,2023,"Christian County",MO,us-mo-043,0.06654266073595
Metropolitan,2023,"Clay County",MO,us-mo-047,0.05576029482455
Metropolitan,2023,"Clinton County",MO,us-mo-049,0.06279148360933
Metropolitan,2023,"Cole County",MO,us-mo-051,0.0639612401645
Metropolitan,2023,"Cooper County",MO,us-mo-053,0.09314997405293
Metropolitan,2023,"Dallas County",MO,us-mo-059,0.09689471936234
Metropolitan,2023,"Dekalb County",MO,us-mo-063,0.11073295247356
Metropolitan,2023,"Franklin County",MO,us-mo-071,0.08951257541862
Metropolitan,2023,"Greene County",MO,us-mo-077,0.06655329596796
Metropolitan,2023,"Howard County",MO,us-mo-089,0.1040258143823
Metropolitan,2023,"Jackson County",MO,us-mo-095,0.08316162312696
Metropolitan,2023,"Jasper County",MO,us-mo-097,0.11235733720744
Metropolitan,2023,"Jefferson County",MO,us-mo-099,0.08548910174221
Metropolitan,2023,"Lafayette County",MO,us-mo-107,0.09198554699404
Metropolitan,2023,"Lincoln County",MO,us-mo-113,0.08913106235566
Metropolitan,2023,"Moniteau County",MO,us-mo-135,0.13533980582524
Metropolitan,2023,"Newton County",MO,us-mo-145,0.10662988917052
Metropolitan,2023,"Osage County",MO,us-mo-151,0.07994699646643
Metropolitan,2023,"Platte County",MO,us-mo-165,0.03299699298363
Metropolitan,2023,"Polk County",MO,us-mo-167,0.11224586737602
Metropolitan,2023,"Ray County",MO,us-mo-177,0.0976678183613
Metropolitan,2023,"St. Charles County",MO,us-mo-183,0.04548473479308
Metropolitan,2023,"St. Louis City",MO,us-mo-510,0.09525643434154
Metropolitan,2023,"St. Louis County",MO,us-mo-189,0.05576535114004
Metropolitan,2023,"Warren County",MO,us-mo-219,0.10761582819646
Metropolitan,2023,"Webster County",MO,us-mo-225,0.11519626894675
Metropolitan,2023,"Benton County",MS,us-ms-009,0.19058996507995
Metropolitan,2023,"Copiah County",MS,us-ms-029,0.13652395680721
Metropolitan,2023,"Desoto County",MS,us-ms-033,0.08565580349976
Metropolitan,2023,"Forrest County",MS,us-ms-035,0.09161867392359
Metropolitan,2023,"Hancock County",MS,us-ms-045,0.10257320319432
Metropolitan,2023,"Harrison County",MS,us-ms-047,0.10836181104037
Metropolitan,2023,"Hinds County",MS,us-ms-049,0.11544551605009
Metropolitan,2023,"Holmes County",MS,us-ms-051,0.17567440548924
Metropolitan,2023,"Jackson County",MS,us-ms-059,0.11237732825956
Metropolitan,2023,"Lamar County",MS,us-ms-073,0.08622814625462
Metropolitan,2023,"Madison County",MS,us-ms-089,0.078207464399
Metropolitan,2023,"Marshall County",MS,us-ms-093,0.18407664914363
Metropolitan,2023,"Perry County",MS,us-ms-111,0.11260974678712
Metropolitan,2023,"Rankin County",MS,us-ms-121,0.09661739185739
Metropolitan,2023,"Scott County",MS,us-ms-123,0.21347675146548
Metropolitan,2023,"Simpson County",MS,us-ms-127,0.1825992944122
Metropolitan,2023,"Stone County",MS,us-ms-131,0.12033160961996
Metropolitan,2023,"Tate County",MS,us-ms-137,0.15517806423421
Metropolitan,2023,"Tunica County",MS,us-ms-143,0.18122815776335
Metropolitan,2023,"Yazoo County",MS,us-ms-163,0.25318079760505
Metropolitan,2023,"Broadwater County",MT,us-mt-007,0.09031318281136
Metropolitan,2023,"Carbon County",MT,us-mt-009,0.03285936193094
Metropolitan,2023,"Cascade County",MT,us-mt-013,0.06102219927723
Metropolitan,2023,"Gallatin County",MT,us-mt-031,0.02835849175772
Metropolitan,2023,"Jefferson County",MT,us-mt-043,0.06021341463415
Metropolitan,2023,"Lewis And Clark County",MT,us-mt-049,0.0514955647431
Metropolitan,2023,"Mineral County",MT,us-mt-061,0.06679654884498
Metropolitan,2023,"Missoula County",MT,us-mt-063,0.03421877658152
Metropolitan,2023,"Stillwater County",MT,us-mt-095,0.0692634131555
Metropolitan,2023,"Yellowstone County",MT,us-mt-111,0.0473179278998
Metropolitan,2023,"Alamance County",NC,us-nc-001,0.11458200301397
Metropolitan,2023,"Alexander County",NC,us-nc-003,0.14425335252671
Metropolitan,2023,"Anson County",NC,us-nc-007,0.17575175943698
Metropolitan,2023,"Brunswick County",NC,us-nc-019,0.06670587032113
Metropolitan,2023,"Buncombe County",NC,us-nc-021,0.07695047565337
Metropolitan,2023,"Burke County",NC,us-nc-023,0.14877810966833
Metropolitan,2023,"Cabarrus County",NC,us-nc-025,0.08189060425399
Metropolitan,2023,"Caldwell County",NC,us-nc-027,0.17218826510521
Metropolitan,2023,"Camden County",NC,us-nc-029,0.07019671247642
Metropolitan,2023,"Catawba County",NC,us-nc-035,0.12501215985567
Metropolitan,2023,"Chatham County",NC,us-nc-037,0.09613351588361
Metropolitan,2023,"Cumberland County",NC,us-nc-051,0.07399905636548
Metropolitan,2023,"Currituck County",NC,us-nc-053,0.06097045422519
Metropolitan,2023,"Davidson County",NC,us-nc-057,0.12300173941854
Metropolitan,2023,"Davie County",NC,us-nc-059,0.09269563539288
Metropolitan,2023,"Durham County",NC,us-nc-063,0.0928832556205
Metropolitan,2023,"Edgecombe County",NC,us-nc-065,0.15614304260592
Metropolitan,2023,"Forsyth County",NC,us-nc-067,0.10077757984525
Metropolitan,2023,"Franklin County",NC,us-nc-069,0.12336062316191
Metropolitan,2023,"Gaston County",NC,us-nc-071,0.11947903462332
Metropolitan,2023,"Gates County",NC,us-nc-073,0.10391845379931
Metropolitan,2023,"Guilford County",NC,us-nc-081,0.09722025106512
Metropolitan,2023,"Henderson County",NC,us-nc-089,0.08883764469508
Metropolitan,2023,"Hoke County",NC,us-nc-093,0.11137592280416
Metropolitan,2023,"Iredell County",NC,us-nc-097,0.08785949670461
Metropolitan,2023,"Johnston County",NC,us-nc-101,0.1052287624844
Metropolitan,2023,"Lincoln County",NC,us-nc-109,0.10005830724851
Metropolitan,2023,"Madison County",NC,us-nc-115,0.09145760558908
Metropolitan,2023,"Mecklenburg County",NC,us-nc-119,0.09205017101384
Metropolitan,2023,"Moore County",NC,us-nc-125,0.07265430764242
Metropolitan,2023,"Nash County",NC,us-nc-127,0.13601262019231
Metropolitan,2023,"New Hanover County",NC,us-nc-129,0.06435336320643
Metropolitan,2023,"Onslow County",NC,us-nc-133,0.06773035218368
Metropolitan,2023,"Orange County",NC,us-nc-135,0.06777862341755
Metropolitan,2023,"Pender County",NC,us-nc-141,0.09466938537722
Metropolitan,2023,"Person County",NC,us-nc-145,0.10914285714286
Metropolitan,2023,"Pitt County",NC,us-nc-147,0.09086382171111
Metropolitan,2023,"Randolph County",NC,us-nc-151,0.16040112680527
Metropolitan,2023,"Rockingham County",NC,us-nc-157,0.156118844168
Metropolitan,2023,"Rowan County",NC,us-nc-159,0.11935401980121
Metropolitan,2023,"Stokes County",NC,us-nc-169,0.10097788476004
Metropolitan,2023,"Union County",NC,us-nc-179,0.09558317170096
Metropolitan,2023,"Wake County",NC,us-nc-183,0.06049982849273
Metropolitan,2023,"Wayne County",NC,us-nc-191,0.13591960619277
Metropolitan,2023,"Yadkin County",NC,us-nc-197,0.13488232873125
Metropolitan,2023,"Burleigh County",ND,us-nd-015,0.04805807079249
Metropolitan,2023,"Cass County",ND,us-nd-017,0.04171101482555
Metropolitan,2023,"Grand Forks County",ND,us-nd-035,0.04278606965174
Metropolitan,2023,"Mchenry County",ND,us-nd-049,0.08575268817204
Metropolitan,2023,"Morton County",ND,us-nd-059,0.05529534218059
Metropolitan,2023,"Oliver County",ND,us-nd-065,0.05435651478817
Metropolitan,2023,"Renville County",ND,us-nd-075,0.0796178343949
Metropolitan,2023,"Ward County",ND,us-nd-101,0.0491998829646
Metropolitan,2023,"Cass County",NE,us-ne-025,0.04212051295809
Metropolitan,2023,"Dakota County",NE,us-ne-043,0.18909671532847
Metropolitan,2023,"Douglas County",NE,us-ne-055,0.08519183026308
Metropolitan,2023,"Hall County",NE,us-ne-079,0.15304208657381
Metropolitan,2023,"Howard County",NE,us-ne-093,0.04755495737999
Metropolitan,2023,"Lancaster County",NE,us-ne-109,0.0651269298008
Metropolitan,2023,"Merrick County",NE,us-ne-121,0.07597042513863
Metropolitan,2023,"Sarpy County",NE,us-ne-153,0.04326590354066
Metropolitan,2023,"Saunders County",NE,us-ne-155,0.03910973883957
Metropolitan,2023,"Seward County",NE,us-ne-159,0.05082144791479
Metropolitan,2023,"Washington County",NE,us-ne-177,0.04050950093965
Metropolitan,2023,"Hillsborough County",NH,us-nh-011,0.07014328338634
Metropolitan,2023,"Rockingham County",NH,us-nh-015,0.03895590018508
Metropolitan,2023,"Strafford County",NH,us-nh-017,0.05343048647678
Metropolitan,2023,"Atlantic County",NJ,us-nj-001,0.1114367219917
Metropolitan,2023,"Bergen County",NJ,us-nj-003,0.07085893233901
Metropolitan,2023,"Burlington County",NJ,us-nj-005,0.05599959043053
Metropolitan,2023,"Camden County",NJ,us-nj-007,0.10165238205544
Metropolitan,2023,"Cape May County",NJ,us-nj-009,0.05361225108106
Metropolitan,2023,"Cumberland County",NJ,us-nj-011,0.1872840225199
Metropolitan,2023,"Essex County",NJ,us-nj-013,0.13203400070835
Metropolitan,2023,"Gloucester County",NJ,us-nj-015,0.06003673576489
Metropolitan,2023,"Hudson County",NJ,us-nj-017,0.12110837577211
Metropolitan,2023,"Hunterdon County",NJ,us-nj-019,0.04195648485877
Metropolitan,2023,"Mercer County",NJ,us-nj-021,0.10074404016507
Metropolitan,2023,"Middlesex County",NJ,us-nj-023,0.10699386957319
Metropolitan,2023,"Monmouth County",NJ,us-nj-025,0.05814895565055
Metropolitan,2023,"Morris County",NJ,us-nj-027,0.0489282372974
Metropolitan,2023,"Ocean County",NJ,us-nj-029,0.06658090885039
Metropolitan,2023,"Passaic County",NJ,us-nj-031,0.14892759232382
Metropolitan,2023,"Salem County",NJ,us-nj-033,0.0990895663867
Metropolitan,2023,"Somerset County",NJ,us-nj-035,0.06150579340141
Metropolitan,2023,"Sussex County",NJ,us-nj-037,0.0457866444579
Metropolitan,2023,"Union County",NJ,us-nj-039,0.13724209976495
Metropolitan,2023,"Warren County",NJ,us-nj-041,0.06013148685131
Metropolitan,2023,"Bernalillo County",NM,us-nm-001,0.09590970825744
Metropolitan,2023,"Dona Ana County",NM,us-nm-013,0.17345464315018
Metropolitan,2023,"San Juan County",NM,us-nm-045,0.13554649001335
Metropolitan,2023,"Sandoval County",NM,us-nm-043,0.07386662656943
Metropolitan,2023,"Santa Fe County",NM,us-nm-049,0.08556897219556
Metropolitan,2023,"Torrance County",NM,us-nm-057,0.13460655587182
Metropolitan,2023,"Valencia County",NM,us-nm-061,0.14080768144592
Metropolitan,2023,"Carson City",NV,us-nv-510,0.10906115867106
Metropolitan,2023,"Clark County",NV,us-nv-003,0.13186110048871
Metropolitan,2023,"Lyon County",NV,us-nv-019,0.12330041992963
Metropolitan,2023,"Storey County",NV,us-nv-029,0.10125448028674
Metropolitan,2023,"Washoe County",NV,us-nv-031,0.11311141107564
Metropolitan,2023,"Albany County",NY,us-ny-001,0.06842307981362
Metropolitan,2023,"Bronx County",NY,us-ny-005,0.24700365606738
Metropolitan,2023,"Broome County",NY,us-ny-007,0.08988386308068
Metropolitan,2023,"Chemung County",NY,us-ny-015,0.09115171422706
Metropolitan,2023,"Dutchess County",NY,us-ny-027,0.08192355000473
Metropolitan,2023,"Erie County",NY,us-ny-029,0.07564461220647
Metropolitan,2023,"Herkimer County",NY,us-ny-043,0.08299934756268
Metropolitan,2023,"Jefferson County",NY,us-ny-045,0.08696176415423
Metropolitan,2023,"Kings County",NY,us-ny-047,0.15816235740437
Metropolitan,2023,"Livingston County",NY,us-ny-051,0.0742285837589
Metropolitan,2023,"Madison County",NY,us-ny-053,0.06718895809371
Metropolitan,2023,"Monroe County",NY,us-ny-055,0.08224741308045
Metropolitan,2023,"Nassau County",NY,us-ny-059,0.07854121142537
Metropolitan,2023,"New York County",NY,us-ny-061,0.1082679851606
Metropolitan,2023,"Niagara County",NY,us-ny-063,0.07968428097156
Metropolitan,2023,"Oneida County",NY,us-ny-065,0.11068152814188
Metropolitan,2023,"Onondaga County",NY,us-ny-067,0.08255736614566
Metropolitan,2023,"Ontario County",NY,us-ny-069,0.06673784045485
Metropolitan,2023,"Orange County",NY,us-ny-071,0.10323548516812
Metropolitan,2023,"Orleans County",NY,us-ny-073,0.13274791616643
Metropolitan,2023,"Oswego County",NY,us-ny-075,0.09993400819295
Metropolitan,2023,"Putnam County",NY,us-ny-079,0.06733755920674
Metropolitan,2023,"Queens County",NY,us-ny-081,0.17308030926821
Metropolitan,2023,"Rensselaer County",NY,us-ny-083,0.072752920432
Metropolitan,2023,"Richmond County",NY,us-ny-085,0.11463701319005
Metropolitan,2023,"Rockland County",NY,us-ny-087,0.12300449677364
Metropolitan,2023,"Saratoga County",NY,us-ny-091,0.05772688778292
Metropolitan,2023,"Schenectady County",NY,us-ny-093,0.08156638013372
Metropolitan,2023,"Schoharie County",NY,us-ny-095,0.08019108575669
Metropolitan,2023,"Suffolk County",NY,us-ny-103,0.09516339698301
Metropolitan,2023,"Tioga County",NY,us-ny-107,0.08010985834056
Metropolitan,2023,"Tompkins County",NY,us-ny-109,0.04121013102708
Metropolitan,2023,"Ulster County",NY,us-ny-111,0.08252372975991
Metropolitan,2023,"Warren County",NY,us-ny-113,0.08117185287096
Metropolitan,2023,"Washington County",NY,us-ny-115,0.09684405940594
Metropolitan,2023,"Wayne County",NY,us-ny-117,0.09006914275225
Metropolitan,2023,"Westchester County",NY,us-ny-119,0.10645408360848
Metropolitan,2023,"Allen County",OH,us-oh-003,0.07607074989037
Metropolitan,2023,"Ashtabula County",OH,us-oh-007,0.12481049562682
Metropolitan,2023,"Belmont County",OH,us-oh-013,0.07950811201819
Metropolitan,2023,"Brown County",OH,us-oh-015,0.12233676975945
Metropolitan,2023,"Butler County",OH,us-oh-017,0.08817891882004
Metropolitan,2023,"Carroll County",OH,us-oh-019,0.10225798079419
Metropolitan,2023,"Clark County",OH,us-oh-023,0.1073741583841
Metropolitan,2023,"Clermont County",OH,us-oh-025,0.08145919877763
Metropolitan,2023,"Cuyahoga County",OH,us-oh-035,0.08755747395021
Metropolitan,2023,"Delaware County",OH,us-oh-041,0.02926302785113
Metropolitan,2023,"Erie County",OH,us-oh-043,0.07569200169432
Metropolitan,2023,"Fairfield County",OH,us-oh-045,0.05980099774732
Metropolitan,2023,"Franklin County",OH,us-oh-049,0.08777054630491
Metropolitan,2023,"Fulton County",OH,us-oh-051,0.05241784117667
Metropolitan,2023,"Geauga County",OH,us-oh-055,0.08779694697859
Metropolitan,2023,"Greene County",OH,us-oh-057,0.05539243957427
Metropolitan,2023,"Hamilton County",OH,us-oh-061,0.07542817795363
Metropolitan,2023,"Hocking County",OH,us-oh-073,0.11900801451686
Metropolitan,2023,"Jefferson County",OH,us-oh-081,0.07125797906987
Metropolitan,2023,"Lake County",OH,us-oh-085,0.06138797937155
Metropolitan,2023,"Lawrence County",OH,us-oh-087,0.09968954812004
Metropolitan,2023,"Licking County",OH,us-oh-089,0.06856005200715
Metropolitan,2023,"Lorain County",OH,us-oh-093,0.08536070493061
Metropolitan,2023,"Lucas County",OH,us-oh-095,0.09033341771979
Metropolitan,2023,"Madison County",OH,us-oh-097,0.11070814444271
Metropolitan,2023,"Mahoning County",OH,us-oh-099,0.08386596701465
Metropolitan,2023,"Medina County",OH,us-oh-103,0.05478607379317
Metropolitan,2023,"Miami County",OH,us-oh-109,0.07193413260147
Metropolitan,2023,"Montgomery County",OH,us-oh-113,0.07918047178863
Metropolitan,2023,"Morrow County",OH,us-oh-117,0.08608021841249
Metropolitan,2023,"Ottawa County",OH,us-oh-123,0.05884086444008
Metropolitan,2023,"Perry County",OH,us-oh-127,0.11748177709004
Metropolitan,2023,"Pickaway County",OH,us-oh-129,0.1160215674947
Metropolitan,2023,"Portage County",OH,us-oh-133,0.07069936252385
Metropolitan,2023,"Richland County",OH,us-oh-139,0.10530279689158
Metropolitan,2023,"Stark County",OH,us-oh-151,0.07214142924723
Metropolitan,2023,"Summit County",OH,us-oh-153,0.07111328313859
Metropolitan,2023,"Trumbull County",OH,us-oh-155,0.09977077721068
Metropolitan,2023,"Union County",OH,us-oh-159,0.047739992358
Metropolitan,2023,"Warren County",OH,us-oh-165,0.04973976498363
Metropolitan,2023,"Wood County",OH,us-oh-173,0.04825219300877
Metropolitan,2023,"Canadian County",OK,us-ok-017,0.07834336427624
Metropolitan,2023,"Cleveland County",OK,us-ok-027,0.07728882356326
Metropolitan,2023,"Comanche County",OK,us-ok-031,0.09427403644142
Metropolitan,2023,"Cotton County",OK,us-ok-033,0.1470893970894
Metropolitan,2023,"Creek County",OK,us-ok-037,0.09519199741852
Metropolitan,2023,"Garfield County",OK,us-ok-047,0.12476173973315
Metropolitan,2023,"Grady County",OK,us-ok-051,0.09509638681133
Metropolitan,2023,"Lincoln County",OK,us-ok-081,0.10955860359783
Metropolitan,2023,"Logan County",OK,us-ok-083,0.08256479103432
Metropolitan,2023,"Mcclain County",OK,us-ok-087,0.11353101567825
Metropolitan,2023,"Oklahoma County",OK,us-ok-109,0.11508127408946
Metropolitan,2023,"Okmulgee County",OK,us-ok-111,0.11818402132644
Metropolitan,2023,"Osage County",OK,us-ok-113,0.10448581019225
Metropolitan,2023,"Pawnee County",OK,us-ok-117,0.12141016200295
Metropolitan,2023,"Rogers County",OK,us-ok-131,0.07829106280193
Metropolitan,2023,"Sequoyah County",OK,us-ok-135,0.15520432336393
Metropolitan,2023,"Tulsa County",OK,us-ok-143,0.10209907488818
Metropolitan,2023,"Wagoner County",OK,us-ok-145,0.08273617890401
Metropolitan,2023,"Benton County",OR,us-or-003,0.03986811560071
Metropolitan,2023,"Clackamas County",OR,us-or-005,0.05329453844096
Metropolitan,2023,"Columbia County",OR,us-or-009,0.09603978347018
Metropolitan,2023,"Crook County",OR,us-or-013,0.08866917765223
Metropolitan,2023,"Deschutes County",OR,us-or-017,0.05242039951373
Metropolitan,2023,"Jackson County",OR,us-or-029,0.0870677103426
Metropolitan,2023,"Jefferson County",OR,us-or-031,0.11287356321839
Metropolitan,2023,"Josephine County",OR,us-or-033,0.09763372137259
Metropolitan,2023,"Lane County",OR,us-or-039,0.06857209230873
Metropolitan,2023,"Linn County",OR,us-or-043,0.08716603367654
Metropolitan,2023,"Marion County",OR,us-or-047,0.1395
Metropolitan,2023,"Multnomah County",OR,us-or-051,0.07746749943099
Metropolitan,2023,"Polk County",OR,us-or-053,0.08192899144537
Metropolitan,2023,"Washington County",OR,us-or-067,0.07091376754523
Metropolitan,2023,"Yamhill County",OR,us-or-071,0.10249699847563
Metropolitan,2023,"Adams County",PA,us-pa-001,0.09277250064181
Metropolitan,2023,"Allegheny County",PA,us-pa-003,0.0453021680593
Metropolitan,2023,"Armstrong County",PA,us-pa-005,0.06938144329897
Metropolitan,2023,"Beaver County",PA,us-pa-007,0.04919807864528
Metropolitan,2023,"Berks County",PA,us-pa-011,0.11620313525684
Metropolitan,2023,"Blair County",PA,us-pa-013,0.06782403157701
Metropolitan,2023,"Bucks County",PA,us-pa-017,0.05107825438141
Metropolitan,2023,"Butler County",PA,us-pa-019,0.04327015397745
Metropolitan,2023,"Cambria County",PA,us-pa-021,0.07118942916216
Metropolitan,2023,"Carbon County",PA,us-pa-025,0.09739801635058
Metropolitan,2023,"Centre County",PA,us-pa-027,0.05427437630098
Metropolitan,2023,"Chester County",PA,us-pa-029,0.0508696213703
Metropolitan,2023,"Cumberland County",PA,us-pa-041,0.06548262800063
Metropolitan,2023,"Dauphin County",PA,us-pa-043,0.08520406373264
Metropolitan,2023,"Delaware County",PA,us-pa-045,0.06405873323371
Metropolitan,2023,"Erie County",PA,us-pa-049,0.07418034765166
Metropolitan,2023,"Fayette County",PA,us-pa-051,0.10042511375531
Metropolitan,2023,"Franklin County",PA,us-pa-055,0.09335384336968
Metropolitan,2023,"Lackawanna County",PA,us-pa-069,0.08356688566984
Metropolitan,2023,"Lancaster County",PA,us-pa-071,0.12851686452754
Metropolitan,2023,"Lawrence County",PA,us-pa-073,0.07620796697492
Metropolitan,2023,"Lebanon County",PA,us-pa-075,0.11954382600797
Metropolitan,2023,"Lehigh County",PA,us-pa-077,0.09706650522549
Metropolitan,2023,"Luzerne County",PA,us-pa-079,0.09324688193352
Metropolitan,2023,"Lycoming County",PA,us-pa-081,0.08863940390313
Metropolitan,2023,"Montgomery County",PA,us-pa-091,0.05096745532923
Metropolitan,2023,"Northampton County",PA,us-pa-095,0.07344986465732
Metropolitan,2023,"Perry County",PA,us-pa-099,0.10133140550636
Metropolitan,2023,"Philadelphia County",PA,us-pa-101,0.1260348090717
Metropolitan,2023,"Washington County",PA,us-pa-125,0.05955560233118
Metropolitan,2023,"Westmoreland County",PA,us-pa-129,0.0460537559675
Metropolitan,2023,"Wyoming County",PA,us-pa-131,0.07565929391748
Metropolitan,2023,"York County",PA,us-pa-133,0.08630413796743
Metropolitan,2023,"Bristol County",RI,us-ri-001,0.06478984041358
Metropolitan,2023,"Kent County",RI,us-ri-003,0.07212685161938
Metropolitan,2023,"Newport County",RI,us-ri-005,0.04661927850743
Metropolitan,2023,"Providence County",RI,us-ri-007,0.13717241845781
Metropolitan,2023,"Washington County",RI,us-ri-009,0.04744713205772
Metropolitan,2023,"Aiken County",SC,us-sc-003,0.10173250856396
Metropolitan,2023,"Anderson County",SC,us-sc-007,0.12179374960611
Metropolitan,2023,"Beaufort County",SC,us-sc-013,0.05807787485481
Metropolitan,2023,"Berkeley County",SC,us-sc-015,0.09435318531853
Metropolitan,2023,"Calhoun County",SC,us-sc-017,0.11699716713881
Metropolitan,2023,"Charleston County",SC,us-sc-019,0.0709770211058
Metropolitan,2023,"Chester County",SC,us-sc-023,0.15611271355669
Metropolitan,2023,"Darlington County",SC,us-sc-031,0.13481845127825
Metropolitan,2023,"Dorchester County",SC,us-sc-035,0.0873649054002
Metropolitan,2023,"Edgefield County",SC,us-sc-037,0.18189220825487
Metropolitan,2023,"Fairfield County",SC,us-sc-039,0.15431214174049
Metropolitan,2023,"Florence County",SC,us-sc-041,0.12266931539682
Metropolitan,2023,"Greenville County",SC,us-sc-045,0.095075287769
Metropolitan,2023,"Horry County",SC,us-sc-051,0.08621866770701
Metropolitan,2023,"Jasper County",SC,us-sc-053,0.09835186922149
Metropolitan,2023,"Kershaw County",SC,us-sc-055,0.10841322848217
Metropolitan,2023,"Lancaster County",SC,us-sc-057,0.10958490566038
Metropolitan,2023,"Laurens County",SC,us-sc-059,0.16283447911158
Metropolitan,2023,"Lexington County",SC,us-sc-063,0.08485095761532
Metropolitan,2023,"Pickens County",SC,us-sc-077,0.12748178831595
Metropolitan,2023,"Richland County",SC,us-sc-079,0.08032161741367
Metropolitan,2023,"Saluda County",SC,us-sc-081,0.15963990997749
Metropolitan,2023,"Spartanburg County",SC,us-sc-083,0.12156347067073
Metropolitan,2023,"Sumter County",SC,us-sc-085,0.10876693416171
Metropolitan,2023,"Union County",SC,us-sc-087,0.19267285861713
Metropolitan,2023,"York County",SC,us-sc-091,0.07460267297361
Metropolitan,2023,"Custer County",SD,us-sd-033,0.04991610738255
Metropolitan,2023,"Lincoln County",SD,us-sd-083,0.04084144567528
Metropolitan,2023,"Mccook County",SD,us-sd-087,0.06468858593959
Metropolitan,2023,"Meade County",SD,us-sd-093,0.05393302180685
Metropolitan,2023,"Minnehaha County",SD,us-sd-099,0.06941889569072
Metropolitan,2023,"Pennington County",SD,us-sd-103,0.05318122773398
Metropolitan,2023,"Turner County",SD,us-sd-125,0.08263912029324
Metropolitan,2023,"Union County",SD,us-sd-127,0.05084455114465
Metropolitan,2023,"Anderson County",TN,us-tn-001,0.08661403226095
Metropolitan,2023,"Blount County",TN,us-tn-009,0.09302488398144
Metropolitan,2023,"Bradley County",TN,us-tn-011,0.11596511488989
Metropolitan,2023,"Campbell County",TN,us-tn-013,0.17120106171201
Metropolitan,2023,"Cannon County",TN,us-tn-015,0.1578339905742
Metropolitan,2023,"Carter County",TN,us-tn-019,0.11343866924049
Metropolitan,2023,"Cheatham County",TN,us-tn-021,0.09674478287297
Metropolitan,2023,"Chester County",TN,us-tn-023,0.14280701754386
Metropolitan,2023,"Crockett County",TN,us-tn-033,0.14043532858937
Metropolitan,2023,"Davidson County",TN,us-tn-037,0.09659984754861
Metropolitan,2023,"Dickson County",TN,us-tn-043,0.1079903524469
Metropolitan,2023,"Fayette County",TN,us-tn-047,0.0910568597418
Metropolitan,2023,"Gibson County",TN,us-tn-053,0.11641686998954
Metropolitan,2023,"Grainger County",TN,us-tn-057,0.16165413533835
Metropolitan,2023,"Hamblen County",TN,us-tn-063,0.12860430485989
Metropolitan,2023,"Hamilton County",TN,us-tn-065,0.08866834939575
Metropolitan,2023,"Hawkins County",TN,us-tn-073,0.13596678529063
Metropolitan,2023,"Hickman County",TN,us-tn-081,0.15406783418311
Metropolitan,2023,"Jefferson County",TN,us-tn-089,0.11067449263828
Metropolitan,2023,"Knox County",TN,us-tn-093,0.07667482410523
Metropolitan,2023,"Loudon County",TN,us-tn-105,0.11084144301232
Metropolitan,2023,"Macon County",TN,us-tn-111,0.18383425736796
Metropolitan,2023,"Madison County",TN,us-tn-113,0.09687101373152
Metropolitan,2023,"Marion County",TN,us-tn-115,0.17702547404712
Metropolitan,2023,"Maury County",TN,us-tn-119,0.07470139962512
Metropolitan,2023,"Montgomery County",TN,us-tn-125,0.05653665621251
Metropolitan,2023,"Morgan County",TN,us-tn-129,0.16564772507883
Metropolitan,2023,"Polk County",TN,us-tn-139,0.14340549669891
Metropolitan,2023,"Roane County",TN,us-tn-145,0.10678125154344
Metropolitan,2023,"Robertson County",TN,us-tn-147,0.11145389165078
Metropolitan,2023,"Rutherford County",TN,us-tn-149,0.07629509547523
Metropolitan,2023,"Sequatchie County",TN,us-tn-153,0.18285810412987
Metropolitan,2023,"Shelby County",TN,us-tn-157,0.10168326865561
Metropolitan,2023,"Smith County",TN,us-tn-159,0.12658674188999
Metropolitan,2023,"Stewart County",TN,us-tn-161,0.10094891984656
Metropolitan,2023,"Sullivan County",TN,us-tn-163,0.10365166621142
Metropolitan,2023,"Sumner County",TN,us-tn-165,0.08201487637888
Metropolitan,2023,"Tipton County",TN,us-tn-167,0.10746533183244
Metropolitan,2023,"Trousdale County",TN,us-tn-169,0.14958775029446
Metropolitan,2023,"Unicoi County",TN,us-tn-171,0.12023393589549
Metropolitan,2023,"Union County",TN,us-tn-173,0.16665502061351
Metropolitan,2023,"Washington County",TN,us-tn-179,0.08860964122902
Metropolitan,2023,"Williamson County",TN,us-tn-187,0.04068726882234
Metropolitan,2023,"Wilson County",TN,us-tn-189,0.06454933514657
Metropolitan,2023,"Aransas County",TX,us-tx-007,0.08553282315581
Metropolitan,2023,"Archer County",TX,us-tx-009,0.09001797091978
Metropolitan,2023,"Armstrong County",TX,us-tx-011,0.05973622963538
Metropolitan,2023,"Atascosa County",TX,us-tx-013,0.19122033055797
Metropolitan,2023,"Austin County",TX,us-tx-015,0.1154334038055
Metropolitan,2023,"Bandera County",TX,us-tx-019,0.08089335967906
Metropolitan,2023,"Bastrop County",TX,us-tx-021,0.18137914536049
Metropolitan,2023,"Bell County",TX,us-tx-027,0.08991353727476
Metropolitan,2023,"Bexar County",TX,us-tx-029,0.1357302515813
Metropolitan,2023,"Bosque County",TX,us-tx-035,0.11811551056862
Metropolitan,2023,"Bowie County",TX,us-tx-037,0.0998669722565
Metropolitan,2023,"Brazoria County",TX,us-tx-039,0.10818887986884
Metropolitan,2023,"Brazos County",TX,us-tx-041,0.10994959126987
Metropolitan,2023,"Burleson County",TX,us-tx-051,0.1488471197017
Metropolitan,2023,"Caldwell County",TX,us-tx-055,0.19680243623906
Metropolitan,2023,"Callahan County",TX,us-tx-059,0.06925744594043
Metropolitan,2023,"Cameron County",TX,us-tx-061,0.28357932853151
Metropolitan,2023,"Carson County",TX,us-tx-065,0.06436263461057
Metropolitan,2023,"Chambers County",TX,us-tx-071,0.10504121142419
Metropolitan,2023,"Clay County",TX,us-tx-077,0.07221063607925
Metropolitan,2023,"Cochran County",TX,us-tx-079,0.28285887341005
Metropolitan,2023,"Collin County",TX,us-tx-085,0.05527433116492
Metropolitan,2023,"Comal County",TX,us-tx-091,0.05795108775241
Metropolitan,2023,"Coryell County",TX,us-tx-099,0.09343708981811
Metropolitan,2023,"Crosby County",TX,us-tx-107,0.21565059144677
Metropolitan,2023,"Dallas County",TX,us-tx-113,0.18318777279682
Metropolitan,2023,"Denton County",TX,us-tx-121,0.06589551382147
Metropolitan,2023,"Ector County",TX,us-tx-135,0.22374042765808
Metropolitan,2023,"El Paso County",TX,us-tx-141,0.19352556295247
Metropolitan,2023,"Ellis County",TX,us-tx-139,0.12353672590526
Metropolitan,2023,"Falls County",TX,us-tx-145,0.1511886156124
Metropolitan,2023,"Fort Bend County",TX,us-tx-157,0.08067697592032
Metropolitan,2023,"Galveston County",TX,us-tx-167,0.10154366656137
Metropolitan,2023,"Garza County",TX,us-tx-169,0.31937033084312
Metropolitan,2023,"Goliad County",TX,us-tx-175,0.15980769230769
Metropolitan,2023,"Grayson County",TX,us-tx-181,0.09535193686927
Metropolitan,2023,"Gregg County",TX,us-tx-183,0.13244195276841
Metropolitan,2023,"Guadalupe County",TX,us-tx-187,0.10698350629167
Metropolitan,2023,"Hardin County",TX,us-tx-199,0.10094873717137
Metropolitan,2023,"Harris County",TX,us-tx-201,0.17518668721847
Metropolitan,2023,"Harrison County",TX,us-tx-203,0.10846647103576
Metropolitan,2023,"Hays County",TX,us-tx-209,0.08513325040522
Metropolitan,2023,"Hidalgo County",TX,us-tx-215,0.30651379569695
Metropolitan,2023,"Hockley County",TX,us-tx-219,0.20109529025192
Metropolitan,2023,"Hudspeth County",TX,us-tx-229,0.4008226691042
Metropolitan,2023,"Hunt County",TX,us-tx-231,0.13682293247756
Metropolitan,2023,"Irion County",TX,us-tx-235,0.10777881911903
Metropolitan,2023,"Jefferson County",TX,us-tx-245,0.15116059522545
Metropolitan,2023,"Johnson County",TX,us-tx-251,0.13077527352829
Metropolitan,2023,"Jones County",TX,us-tx-253,0.18913616992491
Metropolitan,2023,"Kaufman County",TX,us-tx-257,0.13663315541787
Metropolitan,2023,"Kendall County",TX,us-tx-259,0.06442198396363
Metropolitan,2023,"Lampasas County",TX,us-tx-281,0.09723284876307
Metropolitan,2023,"Liberty County",TX,us-tx-291,0.21921723471394
Metropolitan,2023,"Lubbock County",TX,us-tx-303,0.11185503392676
Metropolitan,2023,"Lynn County",TX,us-tx-305,0.17233009708738
Metropolitan,2023,"Martin County",TX,us-tx-317,0.16230529595016
Metropolitan,2023,"Maverick County",TX,us-tx-323,0.32273735980327
Metropolitan,2023,"Mclennan County",TX,us-tx-309,0.11905040923193
Metropolitan,2023,"Medina County",TX,us-tx-325,0.14046503800522
Metropolitan,2023,"Midland County",TX,us-tx-329,0.13760956249361
Metropolitan,2023,"Montgomery County",TX,us-tx-339,0.09840082928591
Metropolitan,2023,"Nueces County",TX,us-tx-355,0.14736734030356
Metropolitan,2023,"Oldham County",TX,us-tx-359,0.12189254210104
Metropolitan,2023,"Orange County",TX,us-tx-361,0.09013512320057
Metropolitan,2023,"Parker County",TX,us-tx-367,0.09481373538094
Metropolitan,2023,"Potter County",TX,us-tx-375,0.22596115204287
Metropolitan,2023,"Randall County",TX,us-tx-381,0.06352089019526
Metropolitan,2023,"Robertson County",TX,us-tx-395,0.1523201656029
Metropolitan,2023,"Rockwall County",TX,us-tx-397,0.05809204670402
Metropolitan,2023,"Rusk County",TX,us-tx-401,0.15123593025822
Metropolitan,2023,"San Jacinto County",TX,us-tx-407,0.15562003665241
Metropolitan,2023,"San Patricio County",TX,us-tx-409,0.16114795134162
Metropolitan,2023,"Smith County",TX,us-tx-423,0.12001676424643
Metropolitan,2023,"Tarrant County",TX,us-tx-439,0.12880216109751
Metropolitan,2023,"Taylor County",TX,us-tx-441,0.09434409573267
Metropolitan,2023,"Tom Green County",TX,us-tx-451,0.12842091820446
Metropolitan,2023,"Travis County",TX,us-tx-453,0.08462116211849
Metropolitan,2023,"Upshur County",TX,us-tx-459,0.13157435521586
Metropolitan,2023,"Victoria County",TX,us-tx-469,0.14945670288647
Metropolitan,2023,"Waller County",TX,us-tx-473,0.16056625802685
Metropolitan,2023,"Webb County",TX,us-tx-479,0.30211436746158
Metropolitan,2023,"Wichita County",TX,us-tx-485,0.11962218304826
Metropolitan,2023,"Williamson County",TX,us-tx-491,0.05840286875185
Metropolitan,2023,"Wilson County",TX,us-tx-493,0.10392328798122
Metropolitan,2023,"Wise County",TX,us-tx-497,0.1336123303052
Metropolitan,2023,"Cache County",UT,us-ut-005,0.06008529145956
Metropolitan,2023,"Davis County",UT,us-ut-011,0.03967921070149
Metropolitan,2023,"Juab County",UT,us-ut-023,0.07539341917024
Metropolitan,2023,"Morgan County",UT,us-ut-029,0.02419918869772
Metropolitan,2023,"Salt Lake County",UT,us-ut-035,0.08291081634741
Metropolitan,2023,"Tooele County",UT,us-ut-045,0.07276809297412
Metropolitan,2023,"Utah County",UT,us-ut-049,0.04618639694499
Metropolitan,2023,"Washington County",UT,us-ut-053,0.05679351296131
Metropolitan,2023,"Weber County",UT,us-ut-057,0.07653252320113
Metropolitan,2023,"Albemarle County",VA,us-va-003,0.05550994227069
Metropolitan,2023,"Alexandria City",VA,us-va-510,0.0714369787463
Metropolitan,2023,"Amelia County",VA,us-va-007,0.14438502673797
Metropolitan,2023,"Amherst County",VA,us-va-009,0.11425374804207
Metropolitan,2023,"Appomattox County",VA,us-va-011,0.07952884532714
Metropolitan,2023,"Arlington County",VA,us-va-013,0.04574921923257
Metropolitan,2023,"Augusta County",VA,us-va-015,0.09199297843127
Metropolitan,2023,"Bedford County",VA,us-va-019,0.07721698193665
Metropolitan,2023,"Botetourt County",VA,us-va-023,0.05606584754861
Metropolitan,2023,"Bristol City",VA,us-va-520,0.10446662303665
Metropolitan,2023,"Campbell County",VA,us-va-031,0.09461077844311
Metropolitan,2023,"Charles City County",VA,us-va-036,0.11827343601445
Metropolitan,2023,"Charlottesville City",VA,us-va-540,0.07361139789387
Metropolitan,2023,"Chesapeake City",VA,us-va-550,0.06563804298556
Metropolitan,2023,"Chesterfield County",VA,us-va-041,0.07111849637451
Metropolitan,2023,"Clarke County",VA,us-va-043,0.07212967131923
Metropolitan,2023,"Colonial Heights City",VA,us-va-570,0.08165680473373
Metropolitan,2023,"Craig County",VA,us-va-045,0.13070175438596
Metropolitan,2023,"Culpeper County",VA,us-va-047,0.11904364748401
Metropolitan,2023,"Dinwiddie County",VA,us-va-053,0.08728400531679
Metropolitan,2023,"Fairfax City",VA,us-va-600,0.08169552091676
Metropolitan,2023,"Fairfax County",VA,us-va-059,0.06768552834346
Metropolitan,2023,"Falls Church City",VA,us-va-610,0.02630777044185
Metropolitan,2023,"Fauquier County",VA,us-va-061,0.08100234247357
Metropolitan,2023,"Floyd County",VA,us-va-063,0.08440445586975
Metropolitan,2023,"Fluvanna County",VA,us-va-065,0.06150464093796
Metropolitan,2023,"Franklin County",VA,us-va-067,0.09430431853903
Metropolitan,2023,"Frederick County",VA,us-va-069,0.1087688029132
Metropolitan,2023,"Fredericksburg City",VA,us-va-630,0.07351895734597
Metropolitan,2023,"Giles County",VA,us-va-071,0.08799538600972
Metropolitan,2023,"Gloucester County",VA,us-va-073,0.0880186253388
Metropolitan,2023,"Goochland County",VA,us-va-075,0.04985065403234
Metropolitan,2023,"Greene County",VA,us-va-079,0.10137457044674
Metropolitan,2023,"Hampton City",VA,us-va-650,0.07279565848154
Metropolitan,2023,"Hanover County",VA,us-va-085,0.05654811527658
Metropolitan,2023,"Harrisonburg City",VA,us-va-660,0.16748259772049
Metropolitan,2023,"Henrico County",VA,us-va-087,0.06980516016134
Metropolitan,2023,"Hopewell City",VA,us-va-670,0.12299143010177
Metropolitan,2023,"Isle Of Wight County",VA,us-va-093,0.07823658346885
Metropolitan,2023,"James City County",VA,us-va-095,0.04768223186187
Metropolitan,2023,"King And Queen County",VA,us-va-097,0.09980842911877
Metropolitan,2023,"King William County",VA,us-va-101,0.06434400502197
Metropolitan,2023,"Loudoun County",VA,us-va-107,0.05866277879723
Metropolitan,2023,"Lynchburg City",VA,us-va-680,0.0957652236393
Metropolitan,2023,"Manassas City",VA,us-va-683,0.18306851496616
Metropolitan,2023,"Manassas Park City",VA,us-va-685,0.21121846484165
Metropolitan,2023,"Mathews County",VA,us-va-115,0.08719596145021
Metropolitan,2023,"Montgomery County",VA,us-va-121,0.0433420551432
Metropolitan,2023,"Nelson County",VA,us-va-125,0.11278735632184
Metropolitan,2023,"New Kent County",VA,us-va-127,0.0540252454418
Metropolitan,2023,"Newport News City",VA,us-va-700,0.08160247250008
Metropolitan,2023,"Norfolk City",VA,us-va-710,0.10378979947977
Metropolitan,2023,"Petersburg City",VA,us-va-730,0.13047082951521
Metropolitan,2023,"Poquoson City",VA,us-va-735,0.02831798021153
Metropolitan,2023,"Portsmouth City",VA,us-va-740,0.10784715580453
Metropolitan,2023,"Powhatan County",VA,us-va-145,0.08474504128714
Metropolitan,2023,"Prince George County",VA,us-va-149,0.09430611431264
Metropolitan,2023,"Prince William County",VA,us-va-153,0.09779576428434
Metropolitan,2023,"Pulaski County",VA,us-va-155,0.09274462819657
Metropolitan,2023,"Radford City",VA,us-va-750,0.06760411032991
Metropolitan,2023,"Rappahannock County",VA,us-va-157,0.0815284381053
Metropolitan,2023,"Richmond City",VA,us-va-760,0.1073090423384
Metropolitan,2023,"Roanoke City",VA,us-va-770,0.10411296162201
Metropolitan,2023,"Roanoke County",VA,us-va-161,0.06213589473983
Metropolitan,2023,"Rockingham County",VA,us-va-165,0.12983925156355
Metropolitan,2023,"Salem City",VA,us-va-775,0.05784836540691
Metropolitan,2023,"Scott County",VA,us-va-169,0.16031195840555
Metropolitan,2023,"Spotsylvania County",VA,us-va-177,0.09267404195428
Metropolitan,2023,"Stafford County",VA,us-va-179,0.0718954248366
Metropolitan,2023,"Staunton City",VA,us-va-790,0.06342838555784
Metropolitan,2023,"Suffolk City",VA,us-va-800,0.08229743217494
Metropolitan,2023,"Surry County",VA,us-va-181,0.10018288965657
Metropolitan,2023,"Sussex County",VA,us-va-183,0.15408843125379
Metropolitan,2023,"Virginia Beach City",VA,us-va-810,0.05331862242888
Metropolitan,2023,"Warren County",VA,us-va-187,0.11025923124527
Metropolitan,2023,"Washington County",VA,us-va-191,0.09881167977375
Metropolitan,2023,"Waynesboro City",VA,us-va-820,0.10964720574461
Metropolitan,2023,"Williamsburg City",VA,us-va-830,0.06897459523496
Metropolitan,2023,"Winchester City",VA,us-va-840,0.13459776927636
Metropolitan,2023,"York County",VA,us-va-199,0.04313651905596
Metropolitan,2023,"Chittenden County",VT,us-vt-007,0.04499076435922
Metropolitan,2023,"Franklin County",VT,us-vt-011,0.07027465912591
Metropolitan,2023,"Grand Isle County",VT,us-vt-013,0.03296897038082
Metropolitan,2023,"Asotin County",WA,us-wa-003,0.08040017080461
Metropolitan,2023,"Benton County",WA,us-wa-005,0.10143202447805
Metropolitan,2023,"Chelan County",WA,us-wa-007,0.14157368497319
Metropolitan,2023,"Clark County",WA,us-wa-011,0.07237237151777
Metropolitan,2023,"Cowlitz County",WA,us-wa-015,0.10055522074192
Metropolitan,2023,"Douglas County",WA,us-wa-017,0.17460916072408
Metropolitan,2023,"Franklin County",WA,us-wa-021,0.23391607778499
Metropolitan,2023,"King County",WA,us-wa-033,0.06218518140098
Metropolitan,2023,"Kitsap County",WA,us-wa-035,0.04686290880951
Metropolitan,2023,"Pierce County",WA,us-wa-053,0.07530829632081
Metropolitan,2023,"Skagit County",WA,us-wa-057,0.09166167536579
Metropolitan,2023,"Skamania County",WA,us-wa-059,0.06837425910246
Metropolitan,2023,"Snohomish County",WA,us-wa-061,0.06924040173437
Metropolitan,2023,"Spokane County",WA,us-wa-063,0.05488045775255
Metropolitan,2023,"Stevens County",WA,us-wa-065,0.07973962571196
Metropolitan,2023,"Thurston County",WA,us-wa-067,0.0552948966561
Metropolitan,2023,"Walla Walla County",WA,us-wa-071,0.10760975609756
Metropolitan,2023,"Whatcom County",WA,us-wa-073,0.06231940949721
Metropolitan,2023,"Yakima County",WA,us-wa-077,0.23683004455761
Metropolitan,2023,"Brown County",WI,us-wi-009,0.06713114438585
Metropolitan,2023,"Calumet County",WI,us-wi-015,0.05240850925096
Metropolitan,2023,"Chippewa County",WI,us-wi-017,0.06519227941949
Metropolitan,2023,"Columbia County",WI,us-wi-021,0.06172046082072
Metropolitan,2023,"Dane County",WI,us-wi-025,0.03720432568823
Metropolitan,2023,"Douglas County",WI,us-wi-031,0.0536719629676
Metropolitan,2023,"Eau Claire County",WI,us-wi-035,0.0399184918052
Metropolitan,2023,"Fond Du Lac County",WI,us-wi-039,0.06989652573152
Metropolitan,2023,"Green County",WI,us-wi-045,0.06132627999244
Metropolitan,2023,"Iowa County",WI,us-wi-049,0.04501966308622
Metropolitan,2023,"Kenosha County",WI,us-wi-059,0.08543246816505
Metropolitan,2023,"Kewaunee County",WI,us-wi-061,0.06399837464445
Metropolitan,2023,"La Crosse County",WI,us-wi-063,0.03524707445449
Metropolitan,2023,"Marathon County",WI,us-wi-073,0.06911979452551
Metropolitan,2023,"Milwaukee County",WI,us-wi-079,0.10424634348028
Metropolitan,2023,"Oconto County",WI,us-wi-083,0.06893470790378
Metropolitan,2023,"Outagamie County",WI,us-wi-087,0.05246746513986
Metropolitan,2023,"Ozaukee County",WI,us-wi-089,0.0217371238693
Metropolitan,2023,"Pierce County",WI,us-wi-093,0.04330896668258
Metropolitan,2023,"Racine County",WI,us-wi-101,0.08415360132029
Metropolitan,2023,"Rock County",WI,us-wi-105,0.07385353164456
Metropolitan,2023,"Sheboygan County",WI,us-wi-117,0.06458105977931
Metropolitan,2023,"St. Croix County",WI,us-wi-109,0.03674839822573
Metropolitan,2023,"Vernon County",WI,us-wi-123,0.09526105192113
Metropolitan,2023,"Washington County",WI,us-wi-131,0.04408047617106
Metropolitan,2023,"Waukesha County",WI,us-wi-133,0.028595299975
Metropolitan,2023,"Winnebago County",WI,us-wi-139,0.054868545003
Metropolitan,2023,"Berkeley County",WV,us-wv-003,0.09428421245086
Metropolitan,2023,"Boone County",WV,us-wv-005,0.15222222222222
Metropolitan,2023,"Brooke County",WV,us-wv-009,0.07581675035646
Metropolitan,2023,"Cabell County",WV,us-wv-011,0.09984231190062
Metropolitan,2023,"Clay County",WV,us-wv-015,0.15912836476836
Metropolitan,2023,"Fayette County",WV,us-wv-019,0.13931323974677
Metropolitan,2023,"Hampshire County",WV,us-wv-027,0.11325054118719
Metropolitan,2023,"Hancock County",WV,us-wv-029,0.10092861832849
Metropolitan,2023,"Jefferson County",WV,us-wv-037,0.10007797650958
Metropolitan,2023,"Kanawha County",WV,us-wv-039,0.09253842225008
Metropolitan,2023,"Marshall County",WV,us-wv-051,0.07294589178357
Metropolitan,2023,"Monongalia County",WV,us-wv-061,0.0596365070696
Metropolitan,2023,"Morgan County",WV,us-wv-065,0.12127869100826
Metropolitan,2023,"Ohio County",WV,us-wv-069,0.07397501438873
Metropolitan,2023,"Preston County",WV,us-wv-077,0.1417280123983
Metropolitan,2023,"Putnam County",WV,us-wv-079,0.06853567205361
Metropolitan,2023,"Raleigh County",WV,us-wv-081,0.14484021051026
Metropolitan,2023,"Wayne County",WV,us-wv-099,0.14708005486176
Metropolitan,2023,"Wirt County",WV,us-wv-105,0.11123023318145
Metropolitan,2023,"Wood County",WV,us-wv-107,0.09480234260615
Metropolitan,2023,"Laramie County",WY,us-wy-021,0.05524196473917
Metropolitan,2023,"Natrona County",WY,us-wy-025,0.06247472705216
Nonmetropolitan,2013,"Litchfield County",CT,us-ct-005,0.08699684250039
Nonmetropolitan,2013,"Aleutians East Borough",AK,us-ak-013,0.21480878763222
Nonmetropolitan,2013,"Aleutians West Census Area",AK,us-ak-016,0.1719557195572
Nonmetropolitan,2013,"Bethel Census Area",AK,us-ak-050,0.20500937879289
Nonmetropolitan,2013,"Bristol Bay Borough",AK,us-ak-060,0.08252427184466
Nonmetropolitan,2013,"Denali Borough",AK,us-ak-068,0.11223021582734
Nonmetropolitan,2013,"Dillingham Census Area",AK,us-ak-070,0.16293577981651
Nonmetropolitan,2013,"Haines Borough",AK,us-ak-100,0.03593429158111
Nonmetropolitan,2013,"Hoonah-Angoon Census Area",AK,us-ak-105,0.11596958174905
Nonmetropolitan,2013,"Juneau City And Borough",AK,us-ak-110,0.0459945453705
Nonmetropolitan,2013,"Kenai Peninsula Borough",AK,us-ak-122,0.07198891271377
Nonmetropolitan,2013,"Ketchikan Gateway Borough",AK,us-ak-130,0.06500706598543
Nonmetropolitan,2013,"Kodiak Island Borough",AK,us-ak-150,0.10401721664275
Nonmetropolitan,2013,"Lake And Peninsula Borough",AK,us-ak-164,0.13358302122347
Nonmetropolitan,2013,"Nome Census Area",AK,us-ak-180,0.15899581589958
Nonmetropolitan,2013,"North Slope Borough",AK,us-ak-185,0.14095175366376
Nonmetropolitan,2013,"Northwest Arctic Borough",AK,us-ak-188,0.21311893823379
Nonmetropolitan,2013,"Petersburg Census Area",AK,us-ak-195,0.04191394658754
Nonmetropolitan,2013,"Prince Of Wales-Hyder Census Area",AK,us-ak-198,0.0901231333508
Nonmetropolitan,2013,"Sitka City And Borough",AK,us-ak-220,0.08798424162837
Nonmetropolitan,2013,"Skagway Municipality",AK,us-ak-230,0.04642409033877
Nonmetropolitan,2013,"Southeast Fairbanks Census Area",AK,us-ak-240,0.06896551724138
Nonmetropolitan,2013,"Valdez-Cordova Census Area",AK,us-ak-261,0.08998926874138
Nonmetropolitan,2013,"Wade Hampton Census Area",AK,us-ak-158,0.23393691588785
Nonmetropolitan,2013,"Wrangell City And Borough",AK,us-ak-275,0.11018826135105
Nonmetropolitan,2013,"Yakutat City And Borough",AK,us-ak-282,0.06818181818182
Nonmetropolitan,2013,"Yukon-Koyukuk Census Area",AK,us-ak-290,0.19790783149562
Nonmetropolitan,2013,"Barbour County",AL,us-al-005,0.26300821571519
Nonmetropolitan,2013,"Bullock County",AL,us-al-011,0.3219707057257
Nonmetropolitan,2013,"Butler County",AL,us-al-013,0.23700284090909
Nonmetropolitan,2013,"Chambers County",AL,us-al-017,0.24797945782118
Nonmetropolitan,2013,"Cherokee County",AL,us-al-019,0.21702082334771
Nonmetropolitan,2013,"Choctaw County",AL,us-al-023,0.24804748516089
Nonmetropolitan,2013,"Clarke County",AL,us-al-025,0.2170079470967
Nonmetropolitan,2013,"Clay County",AL,us-al-027,0.23497040805731
Nonmetropolitan,2013,"Cleburne County",AL,us-al-029,0.23896231032795
Nonmetropolitan,2013,"Coffee County",AL,us-al-031,0.17600023517653
Nonmetropolitan,2013,"Conecuh County",AL,us-al-035,0.22803884362094
Nonmetropolitan,2013,"Coosa County",AL,us-al-037,0.25
Nonmetropolitan,2013,"Covington County",AL,us-al-039,0.21698615548456
Nonmetropolitan,2013,"Crenshaw County",AL,us-al-041,0.23301174496644
Nonmetropolitan,2013,"Cullman County",AL,us-al-043,0.20200902975467
Nonmetropolitan,2013,"Dale County",AL,us-al-045,0.15899417393667
Nonmetropolitan,2013,"Dallas County",AL,us-al-047,0.22400976765899
Nonmetropolitan,2013,"Dekalb County",AL,us-al-049,0.29400374499957
Nonmetropolitan,2013,"Escambia County",AL,us-al-053,0.23799709945806
Nonmetropolitan,2013,"Fayette County",AL,us-al-057,0.25196258560214
Nonmetropolitan,2013,"Franklin County",AL,us-al-059,0.27500237439453
Nonmetropolitan,2013,"Greene County",AL,us-al-063,0.2380714879468
Nonmetropolitan,2013,"Jackson County",AL,us-al-071,0.25299776346636
Nonmetropolitan,2013,"Lamar County",AL,us-al-075,0.23898071625344
Nonmetropolitan,2013,"Macon County",AL,us-al-087,0.20001572450664
Nonmetropolitan,2013,"Marengo County",AL,us-al-091,0.16301703163017
Nonmetropolitan,2013,"Marion County",AL,us-al-093,0.25401130982484
Nonmetropolitan,2013,"Marshall County",AL,us-al-095,0.23800096571704
Nonmetropolitan,2013,"Monroe County",AL,us-al-099,0.24002093966758
Nonmetropolitan,2013,"Perry County",AL,us-al-105,0.29797903054247
Nonmetropolitan,2013,"Pike County",AL,us-al-109,0.19001869547154
Nonmetropolitan,2013,"Randolph County",AL,us-al-111,0.2729912875121
Nonmetropolitan,2013,"Sumter County",AL,us-al-119,0.24504352030948
Nonmetropolitan,2013,"Talladega County",AL,us-al-121,0.21099933889614
Nonmetropolitan,2013,"Tallapoosa County",AL,us-al-123,0.2080016540887
Nonmetropolitan,2013,"Washington County",AL,us-al-129,0.19500820450816
Nonmetropolitan,2013,"Wilcox County",AL,us-al-131,0.23896519535938
Nonmetropolitan,2013,"Winston County",AL,us-al-133,0.2729737525238
Nonmetropolitan,2013,"Arkansas County",AR,us-ar-001,0.15900121432908
Nonmetropolitan,2013,"Ashley County",AR,us-ar-003,0.15799877308977
Nonmetropolitan,2013,"Baxter County",AR,us-ar-005,0.12401122735392
Nonmetropolitan,2013,"Boone County",AR,us-ar-009,0.14599930050907
Nonmetropolitan,2013,"Bradley County",AR,us-ar-011,0.23997421018698
Nonmetropolitan,2013,"Calhoun County",AR,us-ar-013,0.19602198377388
Nonmetropolitan,2013,"Carroll County",AR,us-ar-015,0.15398569503473
Nonmetropolitan,2013,"Chicot County",AR,us-ar-017,0.2579469782636
Nonmetropolitan,2013,"Clark County",AR,us-ar-019,0.13798530954879
Nonmetropolitan,2013,"Clay County",AR,us-ar-021,0.23901123595506
Nonmetropolitan,2013,"Cleburne County",AR,us-ar-023,0.15497492742148
Nonmetropolitan,2013,"Columbia County",AR,us-ar-027,0.14600406477414
Nonmetropolitan,2013,"Conway County",AR,us-ar-029,0.1550322983955
Nonmetropolitan,2013,"Cross County",AR,us-ar-037,0.21001169981615
Nonmetropolitan,2013,"Dallas County",AR,us-ar-039,0.17895308820866
Nonmetropolitan,2013,"Desha County",AR,us-ar-041,0.2299671977507
Nonmetropolitan,2013,"Drew County",AR,us-ar-043,0.18804144725667
Nonmetropolitan,2013,"Franklin County",AR,us-ar-047,0.17903608542672
Nonmetropolitan,2013,"Fulton County",AR,us-ar-049,0.16195056481378
Nonmetropolitan,2013,"Greene County",AR,us-ar-055,0.17201695941853
Nonmetropolitan,2013,"Hempstead County",AR,us-ar-057,0.18301267010793
Nonmetropolitan,2013,"Hot Spring County",AR,us-ar-059,0.16598889326162
Nonmetropolitan,2013,"Howard County",AR,us-ar-061,0.23998672272627
Nonmetropolitan,2013,"Independence County",AR,us-ar-063,0.1749898497767
Nonmetropolitan,2013,"Izard County",AR,us-ar-065,0.20201720557698
Nonmetropolitan,2013,"Jackson County",AR,us-ar-067,0.24400854227636
Nonmetropolitan,2013,"Johnson County",AR,us-ar-071,0.20402076000716
Nonmetropolitan,2013,"Lafayette County",AR,us-ar-073,0.22403733955659
Nonmetropolitan,2013,"Lawrence County",AR,us-ar-075,0.22598047610892
Nonmetropolitan,2013,"Lee County",AR,us-ar-077,0.30001417836382
Nonmetropolitan,2013,"Logan County",AR,us-ar-083,0.18701935826041
Nonmetropolitan,2013,"Marion County",AR,us-ar-089,0.16499486612432
Nonmetropolitan,2013,"Mississippi County",AR,us-ar-093,0.22300891068592
Nonmetropolitan,2013,"Monroe County",AR,us-ar-095,0.24601039985655
Nonmetropolitan,2013,"Montgomery County",AR,us-ar-097,0.17704337562703
Nonmetropolitan,2013,"Nevada County",AR,us-ar-099,0.17893710385178
Nonmetropolitan,2013,"Newton County",AR,us-ar-101,0.20192632646164
Nonmetropolitan,2013,"Ouachita County",AR,us-ar-103,0.15301443532409
Nonmetropolitan,2013,"Phillips County",AR,us-ar-107,0.272
Nonmetropolitan,2013,"Pike County",AR,us-ar-109,0.19794682811266
Nonmetropolitan,2013,"Polk County",AR,us-ar-113,0.14903203097501
Nonmetropolitan,2013,"Pope County",AR,us-ar-115,0.18099953820104
Nonmetropolitan,2013,"Prairie County",AR,us-ar-117,0.21402994791667
Nonmetropolitan,2013,"Randolph County",AR,us-ar-121,0.19602434077079
Nonmetropolitan,2013,"Scott County",AR,us-ar-127,0.22894344228943
Nonmetropolitan,2013,"Searcy County",AR,us-ar-129,0.25895409450143
Nonmetropolitan,2013,"Sevier County",AR,us-ar-133,0.33698865261753
Nonmetropolitan,2013,"Sharp County",AR,us-ar-135,0.17001209189843
Nonmetropolitan,2013,"St. Francis County",AR,us-ar-123,0.23998310721639
Nonmetropolitan,2013,"Stone County",AR,us-ar-137,0.21103712899221
Nonmetropolitan,2013,"Union County",AR,us-ar-139,0.17598262603247
Nonmetropolitan,2013,"Van Buren County",AR,us-ar-141,0.18501320951085
Nonmetropolitan,2013,"White County",AR,us-ar-145,0.17400177820886
Nonmetropolitan,2013,"Woodruff County",AR,us-ar-147,0.26397453749751
Nonmetropolitan,2013,"Yell County",AR,us-ar-149,0.28701298701299
Nonmetropolitan,2013,"Apache County",AZ,us-az-001,0.25500011806654
Nonmetropolitan,2013,"Gila County",AZ,us-az-007,0.15799864914013
Nonmetropolitan,2013,"Graham County",AZ,us-az-009,0.15602042644687
Nonmetropolitan,2013,"Greenlee County",AZ,us-az-011,0.15707881957415
Nonmetropolitan,2013,"La Paz County",AZ,us-az-012,0.24801152376777
Nonmetropolitan,2013,"Navajo County",AZ,us-az-017,0.19400626120787
Nonmetropolitan,2013,"Santa Cruz County",AZ,us-az-023,0.274983466184
Nonmetropolitan,2013,"Alpine County",CA,us-ca-003,0.0958230958231
Nonmetropolitan,2013,"Amador County",CA,us-ca-005,0.11900471305794
Nonmetropolitan,2013,"Calaveras County",CA,us-ca-009,0.07199069933822
Nonmetropolitan,2013,"Colusa County",CA,us-ca-011,0.30497751352999
Nonmetropolitan,2013,"Del Norte County",CA,us-ca-015,0.21001177253417
Nonmetropolitan,2013,"Glenn County",CA,us-ca-021,0.27799380107072
Nonmetropolitan,2013,"Humboldt County",CA,us-ca-023,0.09700156881808
Nonmetropolitan,2013,"Inyo County",CA,us-ca-027,0.11897995812145
Nonmetropolitan,2013,"Lake County",CA,us-ca-033,0.14600017409471
Nonmetropolitan,2013,"Lassen County",CA,us-ca-035,0.2060078858583
Nonmetropolitan,2013,"Mariposa County",CA,us-ca-043,0.12396391109807
Nonmetropolitan,2013,"Mendocino County",CA,us-ca-045,0.1479965426703
Nonmetropolitan,2013,"Modoc County",CA,us-ca-049,0.15204936095196
Nonmetropolitan,2013,"Mono County",CA,us-ca-051,0.16298116298116
Nonmetropolitan,2013,"Nevada County",CA,us-ca-057,0.05699587915837
Nonmetropolitan,2013,"Plumas County",CA,us-ca-063,0.10097034674628
Nonmetropolitan,2013,"Sierra County",CA,us-ca-091,0.10602994738972
Nonmetropolitan,2013,"Siskiyou County",CA,us-ca-093,0.10998723973733
Nonmetropolitan,2013,"Tehama County",CA,us-ca-103,0.18900009486766
Nonmetropolitan,2013,"Trinity County",CA,us-ca-105,0.08695652173913
Nonmetropolitan,2013,"Tuolumne County",CA,us-ca-109,0.10899873257288
Nonmetropolitan,2013,"Alamosa County",CO,us-co-003,0.15297510949685
Nonmetropolitan,2013,"Archuleta County",CO,us-co-007,0.0829945799458
Nonmetropolitan,2013,"Baca County",CO,us-co-009,0.12700729927007
Nonmetropolitan,2013,"Bent County",CO,us-co-011,0.20602384438402
Nonmetropolitan,2013,"Chaffee County",CO,us-co-015,0.08898997796574
Nonmetropolitan,2013,"Cheyenne County",CO,us-co-017,0.12990527740189
Nonmetropolitan,2013,"Conejos County",CO,us-co-021,0.17397939717665
Nonmetropolitan,2013,"Costilla County",CO,us-co-023,0.23515532835234
Nonmetropolitan,2013,"Crowley County",CO,us-co-025,0.24698492462312
Nonmetropolitan,2013,"Custer County",CO,us-co-027,0.05398230088496
Nonmetropolitan,2013,"Delta County",CO,us-co-029,0.12201314894582
Nonmetropolitan,2013,"Dolores County",CO,us-co-033,0.11196911196911
Nonmetropolitan,2013,"Eagle County",CO,us-co-037,0.11300555114988
Nonmetropolitan,2013,"Fremont County",CO,us-co-043,0.15901119091365
Nonmetropolitan,2013,"Garfield County",CO,us-co-045,0.14799566630553
Nonmetropolitan,2013,"Grand County",CO,us-co-049,0.0560242677031
Nonmetropolitan,2013,"Gunnison County",CO,us-co-051,0.06696428571429
Nonmetropolitan,2013,"Hinsdale County",CO,us-co-053,0.06195965417867
Nonmetropolitan,2013,"Huerfano County",CO,us-co-055,0.15295256534366
Nonmetropolitan,2013,"Jackson County",CO,us-co-057,0.1126213592233
Nonmetropolitan,2013,"Kiowa County",CO,us-co-061,0.07828004410143
Nonmetropolitan,2013,"Kit Carson County",CO,us-co-063,0.15991620111732
Nonmetropolitan,2013,"La Plata County",CO,us-co-067,0.05799860041987
Nonmetropolitan,2013,"Lake County",CO,us-co-065,0.13205997124666
Nonmetropolitan,2013,"Las Animas County",CO,us-co-071,0.15702247191011
Nonmetropolitan,2013,"Lincoln County",CO,us-co-073,0.18612064737616
Nonmetropolitan,2013,"Logan County",CO,us-co-075,0.11297155537624
Nonmetropolitan,2013,"Mineral County",CO,us-co-079,0.03534609720177
Nonmetropolitan,2013,"Moffat County",CO,us-co-081,0.10705624206028
Nonmetropolitan,2013,"Montezuma County",CO,us-co-083,0.10099533262104
Nonmetropolitan,2013,"Montrose County",CO,us-co-085,0.1429978888107
Nonmetropolitan,2013,"Morgan County",CO,us-co-087,0.21199000832639
Nonmetropolitan,2013,"Otero County",CO,us-co-089,0.16997302015553
Nonmetropolitan,2013,"Ouray County",CO,us-co-091,0.0159217877095
Nonmetropolitan,2013,"Phillips County",CO,us-co-095,0.14484195901355
Nonmetropolitan,2013,"Pitkin County",CO,us-co-097,0.03997879912168
Nonmetropolitan,2013,"Prowers County",CO,us-co-099,0.20905035054175
Nonmetropolitan,2013,"Rio Blanco County",CO,us-co-103,0.08701472556894
Nonmetropolitan,2013,"Rio Grande County",CO,us-co-105,0.15905669844456
Nonmetropolitan,2013,"Routt County",CO,us-co-107,0.03101991550996
Nonmetropolitan,2013,"Saguache County",CO,us-co-109,0.21992087502909
Nonmetropolitan,2013,"San Juan County",CO,us-co-111,0.05588822355289
Nonmetropolitan,2013,"San Miguel County",CO,us-co-113,0.0389704549574
Nonmetropolitan,2013,"Sedgwick County",CO,us-co-115,0.13185459026494
Nonmetropolitan,2013,"Summit County",CO,us-co-117,0.04298219730501
Nonmetropolitan,2013,"Washington County",CO,us-co-121,0.09594314480308
Nonmetropolitan,2013,"Yuma County",CO,us-co-125,0.11895910780669
Nonmetropolitan,2013,"Bradford County",FL,us-fl-007,0.24500771873911
Nonmetropolitan,2013,"Calhoun County",FL,us-fl-013,0.26497784627239
Nonmetropolitan,2013,"Columbia County",FL,us-fl-023,0.173995501257
Nonmetropolitan,2013,"Desoto County",FL,us-fl-027,0.28598525671423
Nonmetropolitan,2013,"Dixie County",FL,us-fl-029,0.21502109704641
Nonmetropolitan,2013,"Franklin County",FL,us-fl-037,0.20698650334581
Nonmetropolitan,2013,"Glades County",FL,us-fl-043,0.22000629789021
Nonmetropolitan,2013,"Hamilton County",FL,us-fl-047,0.24900255754476
Nonmetropolitan,2013,"Hardee County",FL,us-fl-049,0.35899527944519
Nonmetropolitan,2013,"Hendry County",FL,us-fl-051,0.357018029922
Nonmetropolitan,2013,"Holmes County",FL,us-fl-059,0.24498965836959
Nonmetropolitan,2013,"Jackson County",FL,us-fl-063,0.22000736189371
Nonmetropolitan,2013,"Lafayette County",FL,us-fl-067,0.21594798083504
Nonmetropolitan,2013,"Levy County",FL,us-fl-075,0.1900152650569
Nonmetropolitan,2013,"Liberty County",FL,us-fl-077,0.24392895976803
Nonmetropolitan,2013,"Madison County",FL,us-fl-079,0.21799698795181
Nonmetropolitan,2013,"Monroe County",FL,us-fl-087,0.10199321089738
Nonmetropolitan,2013,"Okeechobee County",FL,us-fl-093,0.32201229569651
Nonmetropolitan,2013,"Putnam County",FL,us-fl-107,0.22500585343011
Nonmetropolitan,2013,"Suwannee County",FL,us-fl-121,0.20200964359173
Nonmetropolitan,2013,"Taylor County",FL,us-fl-123,0.23598045204643
Nonmetropolitan,2013,"Union County",FL,us-fl-125,0.26097832128961
Nonmetropolitan,2013,"Washington County",FL,us-fl-133,0.19699412645399
Nonmetropolitan,2013,"Appling County",GA,us-ga-001,0.2320392317123
Nonmetropolitan,2013,"Atkinson County",GA,us-ga-003,0.35391740640679
Nonmetropolitan,2013,"Bacon County",GA,us-ga-005,0.27797249932596
Nonmetropolitan,2013,"Baldwin County",GA,us-ga-009,0.18199109962676
Nonmetropolitan,2013,"Banks County",GA,us-ga-011,0.24495959513509
Nonmetropolitan,2013,"Ben Hill County",GA,us-ga-017,0.23095623987034
Nonmetropolitan,2013,"Berrien County",GA,us-ga-019,0.23201186202591
Nonmetropolitan,2013,"Bleckley County",GA,us-ga-023,0.20404271548436
Nonmetropolitan,2013,"Bulloch County",GA,us-ga-031,0.14100075487976
Nonmetropolitan,2013,"Calhoun County",GA,us-ga-037,0.31390728476821
Nonmetropolitan,2013,"Camden County",GA,us-ga-039,0.09599636032757
Nonmetropolitan,2013,"Candler County",GA,us-ga-043,0.21498510004257
Nonmetropolitan,2013,"Charlton County",GA,us-ga-049,0.25694741342454
Nonmetropolitan,2013,"Chattooga County",GA,us-ga-055,0.30997350171957
Nonmetropolitan,2013,"Clay County",GA,us-ga-061,0.22098105876639
Nonmetropolitan,2013,"Clinch County",GA,us-ga-065,0.28899609464737
Nonmetropolitan,2013,"Coffee County",GA,us-ga-069,0.24399764324643
Nonmetropolitan,2013,"Colquitt County",GA,us-ga-071,0.27900858487953
Nonmetropolitan,2013,"Cook County",GA,us-ga-075,0.25204054175262
Nonmetropolitan,2013,"Crisp County",GA,us-ga-081,0.20397299402753
Nonmetropolitan,2013,"Decatur County",GA,us-ga-087,0.21499558303887
Nonmetropolitan,2013,"Dodge County",GA,us-ga-091,0.19798634576926
Nonmetropolitan,2013,"Dooly County",GA,us-ga-093,0.29102564102564
Nonmetropolitan,2013,"Early County",GA,us-ga-099,0.23294485503127
Nonmetropolitan,2013,"Elbert County",GA,us-ga-105,0.21601639704268
Nonmetropolitan,2013,"Emanuel County",GA,us-ga-107,0.23402089835799
Nonmetropolitan,2013,"Evans County",GA,us-ga-109,0.23697621744054
Nonmetropolitan,2013,"Fannin County",GA,us-ga-111,0.21001296724362
Nonmetropolitan,2013,"Franklin County",GA,us-ga-119,0.27700059669827
Nonmetropolitan,2013,"Gilmer County",GA,us-ga-123,0.23501139629373
Nonmetropolitan,2013,"Glascock County",GA,us-ga-125,0.21791187739464
Nonmetropolitan,2013,"Gordon County",GA,us-ga-129,0.2670026599468
Nonmetropolitan,2013,"Grady County",GA,us-ga-131,0.2739800543971
Nonmetropolitan,2013,"Greene County",GA,us-ga-133,0.21301172074061
Nonmetropolitan,2013,"Habersham County",GA,us-ga-137,0.22099466528997
Nonmetropolitan,2013,"Hancock County",GA,us-ga-141,0.24294646942199
Nonmetropolitan,2013,"Hart County",GA,us-ga-147,0.19599476588724
Nonmetropolitan,2013,"Irwin County",GA,us-ga-155,0.18898356664638
Nonmetropolitan,2013,"Jackson County",GA,us-ga-157,0.18900404004918
Nonmetropolitan,2013,"Jeff Davis County",GA,us-ga-161,0.20396866840731
Nonmetropolitan,2013,"Jefferson County",GA,us-ga-163,0.26202717590892
Nonmetropolitan,2013,"Jenkins County",GA,us-ga-165,0.27396551724138
Nonmetropolitan,2013,"Johnson County",GA,us-ga-167,0.24195402298851
Nonmetropolitan,2013,"Laurens County",GA,us-ga-175,0.20199924556771
Nonmetropolitan,2013,"Lumpkin County",GA,us-ga-187,0.15002098195552
Nonmetropolitan,2013,"Macon County",GA,us-ga-193,0.29501797637391
Nonmetropolitan,2013,"Miller County",GA,us-ga-201,0.20189045079981
Nonmetropolitan,2013,"Mitchell County",GA,us-ga-205,0.27698351365276
Nonmetropolitan,2013,"Montgomery County",GA,us-ga-209,0.17792449636025
Nonmetropolitan,2013,"Pierce County",GA,us-ga-229,0.22299991861317
Nonmetropolitan,2013,"Polk County",GA,us-ga-233,0.27301742264944
Nonmetropolitan,2013,"Putnam County",GA,us-ga-237,0.15496845425868
Nonmetropolitan,2013,"Quitman County",GA,us-ga-239,0.27693282636248
Nonmetropolitan,2013,"Rabun County",GA,us-ga-241,0.14801806322127
Nonmetropolitan,2013,"Randolph County",GA,us-ga-243,0.27706525839306
Nonmetropolitan,2013,"Schley County",GA,us-ga-249,0.27003326277593
Nonmetropolitan,2013,"Screven County",GA,us-ga-251,0.21101491603213
Nonmetropolitan,2013,"Seminole County",GA,us-ga-253,0.18797741614082
Nonmetropolitan,2013,"Stephens County",GA,us-ga-257,0.1959874753566
Nonmetropolitan,2013,"Stewart County",GA,us-ga-259,0.36892079666512
Nonmetropolitan,2013,"Sumter County",GA,us-ga-261,0.23799413608331
Nonmetropolitan,2013,"Talbot County",GA,us-ga-263,0.23299535276722
Nonmetropolitan,2013,"Taliaferro County",GA,us-ga-265,0.31703341483293
Nonmetropolitan,2013,"Tattnall County",GA,us-ga-267,0.24899808328977
Nonmetropolitan,2013,"Taylor County",GA,us-ga-269,0.23601945119833
Nonmetropolitan,2013,"Telfair County",GA,us-ga-271,0.26102632902901
Nonmetropolitan,2013,"Thomas County",GA,us-ga-275,0.18200293176972
Nonmetropolitan,2013,"Tift County",GA,us-ga-277,0.22499206097174
Nonmetropolitan,2013,"Toombs County",GA,us-ga-279,0.20799299883314
Nonmetropolitan,2013,"Towns County",GA,us-ga-281,0.13297463489623
Nonmetropolitan,2013,"Treutlen County",GA,us-ga-283,0.25605152120808
Nonmetropolitan,2013,"Troup County",GA,us-ga-285,0.18200390008357
Nonmetropolitan,2013,"Turner County",GA,us-ga-287,0.27896314582966
Nonmetropolitan,2013,"Union County",GA,us-ga-291,0.15298370297758
Nonmetropolitan,2013,"Upson County",GA,us-ga-293,0.22301214043531
Nonmetropolitan,2013,"Ware County",GA,us-ga-299,0.19601480926827
Nonmetropolitan,2013,"Warren County",GA,us-ga-301,0.26801226366888
Nonmetropolitan,2013,"Washington County",GA,us-ga-303,0.23798724309001
Nonmetropolitan,2013,"Wayne County",GA,us-ga-305,0.18697747614832
Nonmetropolitan,2013,"Webster County",GA,us-ga-307,0.22520107238606
Nonmetropolitan,2013,"Wheeler County",GA,us-ga-309,0.25191881289442
Nonmetropolitan,2013,"White County",GA,us-ga-311,0.14900574924838
Nonmetropolitan,2013,"Wilcox County",GA,us-ga-315,0.24095833969174
Nonmetropolitan,2013,"Wilkes County",GA,us-ga-317,0.23805578569456
Nonmetropolitan,2013,"Wilkinson County",GA,us-ga-319,0.20297805642633
Nonmetropolitan,2013,"Hawaii County",HI,us-hi-001,0.09000363729231
Nonmetropolitan,2013,"Kauai County",HI,us-hi-007,0.09999160087351
Nonmetropolitan,2013,"Adair County",IA,us-ia-001,0.09304891504229
Nonmetropolitan,2013,"Adams County",IA,us-ia-003,0.09700973574409
Nonmetropolitan,2013,"Allamakee County",IA,us-ia-005,0.1089692369157
Nonmetropolitan,2013,"Appanoose County",IA,us-ia-007,0.11803097345133
Nonmetropolitan,2013,"Audubon County",IA,us-ia-009,0.09802571166208
Nonmetropolitan,2013,"Boone County",IA,us-ia-015,0.07901125579342
Nonmetropolitan,2013,"Buchanan County",IA,us-ia-019,0.09400722021661
Nonmetropolitan,2013,"Buena Vista County",IA,us-ia-021,0.21303063287203
Nonmetropolitan,2013,"Butler County",IA,us-ia-023,0.09202219246222
Nonmetropolitan,2013,"Calhoun County",IA,us-ia-025,0.09497361843932
Nonmetropolitan,2013,"Carroll County",IA,us-ia-027,0.08702075272599
Nonmetropolitan,2013,"Cass County",IA,us-ia-029,0.0720173088811
Nonmetropolitan,2013,"Cedar County",IA,us-ia-031,0.0790271194343
Nonmetropolitan,2013,"Cerro Gordo County",IA,us-ia-033,0.07999614321527
Nonmetropolitan,2013,"Cherokee County",IA,us-ia-035,0.08498780912574
Nonmetropolitan,2013,"Chickasaw County",IA,us-ia-037,0.11201676758267
Nonmetropolitan,2013,"Clarke County",IA,us-ia-039,0.12697905005597
Nonmetropolitan,2013,"Clay County",IA,us-ia-041,0.06798283261803
Nonmetropolitan,2013,"Clayton County",IA,us-ia-043,0.08401704007573
Nonmetropolitan,2013,"Clinton County",IA,us-ia-045,0.09999701679544
Nonmetropolitan,2013,"Crawford County",IA,us-ia-047,0.21097274860134
Nonmetropolitan,2013,"Davis County",IA,us-ia-051,0.14592739750768
Nonmetropolitan,2013,"Decatur County",IA,us-ia-053,0.15009596928983
Nonmetropolitan,2013,"Delaware County",IA,us-ia-055,0.09003561666529
Nonmetropolitan,2013,"Des Moines County",IA,us-ia-057,0.08901087073512
Nonmetropolitan,2013,"Dickinson County",IA,us-ia-059,0.06698488464598
Nonmetropolitan,2013,"Emmet County",IA,us-ia-063,0.11595667870036
Nonmetropolitan,2013,"Fayette County",IA,us-ia-065,0.11000639159151
Nonmetropolitan,2013,"Floyd County",IA,us-ia-067,0.09399034162046
Nonmetropolitan,2013,"Franklin County",IA,us-ia-069,0.14694041867955
Nonmetropolitan,2013,"Fremont County",IA,us-ia-071,0.08205327629788
Nonmetropolitan,2013,"Greene County",IA,us-ia-073,0.11199877093255
Nonmetropolitan,2013,"Hamilton County",IA,us-ia-079,0.10300548990416
Nonmetropolitan,2013,"Hancock County",IA,us-ia-081,0.09305242036619
Nonmetropolitan,2013,"Hardin County",IA,us-ia-083,0.08402593085106
Nonmetropolitan,2013,"Henry County",IA,us-ia-087,0.087007214166
Nonmetropolitan,2013,"Howard County",IA,us-ia-089,0.12906691221608
Nonmetropolitan,2013,"Humboldt County",IA,us-ia-091,0.09495896834701
Nonmetropolitan,2013,"Ida County",IA,us-ia-093,0.10607579707239
Nonmetropolitan,2013,"Iowa County",IA,us-ia-095,0.06800631800632
Nonmetropolitan,2013,"Jackson County",IA,us-ia-097,0.10802223987292
Nonmetropolitan,2013,"Jasper County",IA,us-ia-099,0.08498123137649
Nonmetropolitan,2013,"Jefferson County",IA,us-ia-101,0.05001250312578
Nonmetropolitan,2013,"Keokuk County",IA,us-ia-107,0.11803458687895
Nonmetropolitan,2013,"Kossuth County",IA,us-ia-109,0.07796210678996
Nonmetropolitan,2013,"Lee County",IA,us-ia-111,0.1000119441016
Nonmetropolitan,2013,"Louisa County",IA,us-ia-115,0.16605456453305
Nonmetropolitan,2013,"Lucas County",IA,us-ia-117,0.10107597000326
Nonmetropolitan,2013,"Lyon County",IA,us-ia-119,0.10899470899471
Nonmetropolitan,2013,"Mahaska County",IA,us-ia-123,0.09598930481283
Nonmetropolitan,2013,"Marion County",IA,us-ia-125,0.07599205432623
Nonmetropolitan,2013,"Marshall County",IA,us-ia-127,0.14799216816284
Nonmetropolitan,2013,"Mitchell County",IA,us-ia-131,0.09006336793852
Nonmetropolitan,2013,"Monona County",IA,us-ia-133,0.10300105564772
Nonmetropolitan,2013,"Monroe County",IA,us-ia-135,0.13305500090761
Nonmetropolitan,2013,"Montgomery County",IA,us-ia-137,0.1249500998004
Nonmetropolitan,2013,"Muscatine County",IA,us-ia-139,0.15501198364585
Nonmetropolitan,2013,"O'brien County",IA,us-ia-141,0.08799838904551
Nonmetropolitan,2013,"Osceola County",IA,us-ia-143,0.13707865168539
Nonmetropolitan,2013,"Page County",IA,us-ia-145,0.10700749228735
Nonmetropolitan,2013,"Palo Alto County",IA,us-ia-147,0.10004675081814
Nonmetropolitan,2013,"Pocahontas County",IA,us-ia-151,0.0739456961294
Nonmetropolitan,2013,"Poweshiek County",IA,us-ia-157,0.07301483241826
Nonmetropolitan,2013,"Ringgold County",IA,us-ia-159,0.11495222034851
Nonmetropolitan,2013,"Sac County",IA,us-ia-161,0.0860024533188
Nonmetropolitan,2013,"Shelby County",IA,us-ia-165,0.09099415204678
Nonmetropolitan,2013,"Sioux County",IA,us-ia-167,0.11397838851335
Nonmetropolitan,2013,"Tama County",IA,us-ia-171,0.10101683613936
Nonmetropolitan,2013,"Taylor County",IA,us-ia-173,0.10002242655304
Nonmetropolitan,2013,"Union County",IA,us-ia-175,0.08503401360544
Nonmetropolitan,2013,"Van Buren County",IA,us-ia-177,0.12804532577904
Nonmetropolitan,2013,"Wapello County",IA,us-ia-179,0.15498354783623
Nonmetropolitan,2013,"Wayne County",IA,us-ia-185,0.11605723370429
Nonmetropolitan,2013,"Webster County",IA,us-ia-187,0.11199175715305
Nonmetropolitan,2013,"Winnebago County",IA,us-ia-189,0.08096571962118
Nonmetropolitan,2013,"Winneshiek County",IA,us-ia-191,0.06196931327275
Nonmetropolitan,2013,"Worth County",IA,us-ia-195,0.07403953748601
Nonmetropolitan,2013,"Wright County",IA,us-ia-197,0.11301107091965
Nonmetropolitan,2013,"Adams County",ID,us-id-003,0.07315436241611
Nonmetropolitan,2013,"Bear Lake County",ID,us-id-007,0.09405815423515
Nonmetropolitan,2013,"Benewah County",ID,us-id-009,0.12599283600685
Nonmetropolitan,2013,"Bingham County",ID,us-id-011,0.15298590919257
Nonmetropolitan,2013,"Blaine County",ID,us-id-013,0.09403085177733
Nonmetropolitan,2013,"Bonner County",ID,us-id-017,0.09400006752878
Nonmetropolitan,2013,"Boundary County",ID,us-id-021,0.15105901158918
Nonmetropolitan,2013,"Camas County",ID,us-id-025,0.15717539863326
Nonmetropolitan,2013,"Caribou County",ID,us-id-029,0.11305518169583
Nonmetropolitan,2013,"Cassia County",ID,us-id-031,0.21997041420118
Nonmetropolitan,2013,"Clark County",ID,us-id-033,0.2993762993763
Nonmetropolitan,2013,"Clearwater County",ID,us-id-035,0.15194824732962
Nonmetropolitan,2013,"Custer County",ID,us-id-037,0.10310864881502
Nonmetropolitan,2013,"Elmore County",ID,us-id-039,0.15999242041435
Nonmetropolitan,2013,"Fremont County",ID,us-id-043,0.12098252474643
Nonmetropolitan,2013,"Gooding County",ID,us-id-047,0.25494919870116
Nonmetropolitan,2013,"Idaho County",ID,us-id-049,0.11101752021563
Nonmetropolitan,2013,"Jerome County",ID,us-id-053,0.29797297297297
Nonmetropolitan,2013,"Latah County",ID,us-id-057,0.04700285442436
Nonmetropolitan,2013,"Lemhi County",ID,us-id-059,0.09696458684654
Nonmetropolitan,2013,"Lewis County",ID,us-id-061,0.1170136396267
Nonmetropolitan,2013,"Lincoln County",ID,us-id-063,0.25508556667743
Nonmetropolitan,2013,"Madison County",ID,us-id-065,0.05103134208411
Nonmetropolitan,2013,"Minidoka County",ID,us-id-067,0.24402676011469
Nonmetropolitan,2013,"Oneida County",ID,us-id-071,0.06902848794741
Nonmetropolitan,2013,"Payette County",ID,us-id-075,0.14602690334212
Nonmetropolitan,2013,"Power County",ID,us-id-077,0.19701492537313
Nonmetropolitan,2013,"Shoshone County",ID,us-id-079,0.15194651137712
Nonmetropolitan,2013,"Teton County",ID,us-id-081,0.12207076121918
Nonmetropolitan,2013,"Twin Falls County",ID,us-id-083,0.16300533479381
Nonmetropolitan,2013,"Valley County",ID,us-id-085,0.07602176035709
Nonmetropolitan,2013,"Washington County",ID,us-id-087,0.18195825745903
Nonmetropolitan,2013,"Adams County",IL,us-il-001,0.10300270199599
Nonmetropolitan,2013,"Brown County",IL,us-il-009,0.18604651162791
Nonmetropolitan,2013,"Bureau County",IL,us-il-011,0.10799884493214
Nonmetropolitan,2013,"Carroll County",IL,us-il-015,0.11098088712586
Nonmetropolitan,2013,"Cass County",IL,us-il-017,0.14002192982456
Nonmetropolitan,2013,"Christian County",IL,us-il-021,0.11701556629093
Nonmetropolitan,2013,"Clark County",IL,us-il-023,0.10501151053657
Nonmetropolitan,2013,"Clay County",IL,us-il-025,0.12298620617037
Nonmetropolitan,2013,"Coles County",IL,us-il-029,0.1
Nonmetropolitan,2013,"Crawford County",IL,us-il-033,0.10801444043321
Nonmetropolitan,2013,"Cumberland County",IL,us-il-035,0.11193732572036
Nonmetropolitan,2013,"Douglas County",IL,us-il-041,0.1630336058129
Nonmetropolitan,2013,"Edgar County",IL,us-il-045,0.13999385655045
Nonmetropolitan,2013,"Edwards County",IL,us-il-047,0.13207950416756
Nonmetropolitan,2013,"Effingham County",IL,us-il-049,0.08998213429779
Nonmetropolitan,2013,"Fayette County",IL,us-il-051,0.15803300774672
Nonmetropolitan,2013,"Franklin County",IL,us-il-055,0.12901106122002
Nonmetropolitan,2013,"Fulton County",IL,us-il-057,0.13600760456274
Nonmetropolitan,2013,"Gallatin County",IL,us-il-059,0.18699596774194
Nonmetropolitan,2013,"Greene County",IL,us-il-061,0.11303080766028
Nonmetropolitan,2013,"Hamilton County",IL,us-il-065,0.16206136633328
Nonmetropolitan,2013,"Hancock County",IL,us-il-067,0.09401078206927
Nonmetropolitan,2013,"Hardin County",IL,us-il-069,0.1691270860077
Nonmetropolitan,2013,"Henderson County",IL,us-il-071,0.11594477019103
Nonmetropolitan,2013,"Iroquois County",IL,us-il-075,0.11702075702076
Nonmetropolitan,2013,"Jasper County",IL,us-il-079,0.08502202643172
Nonmetropolitan,2013,"Jefferson County",IL,us-il-081,0.13100193251078
Nonmetropolitan,2013,"Jo Daviess County",IL,us-il-085,0.08102874432678
Nonmetropolitan,2013,"Johnson County",IL,us-il-087,0.16599674090168
Nonmetropolitan,2013,"Knox County",IL,us-il-095,0.14099302421009
Nonmetropolitan,2013,"Lasalle County",IL,us-il-099,0.1150003206567
Nonmetropolitan,2013,"Lawrence County",IL,us-il-101,0.23897419144071
Nonmetropolitan,2013,"Lee County",IL,us-il-103,0.13599005733071
Nonmetropolitan,2013,"Livingston County",IL,us-il-105,0.13898591756444
Nonmetropolitan,2013,"Logan County",IL,us-il-107,0.14199639434481
Nonmetropolitan,2013,"Marion County",IL,us-il-121,0.13300731670897
Nonmetropolitan,2013,"Mason County",IL,us-il-125,0.14604032024694
Nonmetropolitan,2013,"Massac County",IL,us-il-127,0.16601197156753
Nonmetropolitan,2013,"Mcdonough County",IL,us-il-109,0.08300965486627
Nonmetropolitan,2013,"Montgomery County",IL,us-il-135,0.14899037554256
Nonmetropolitan,2013,"Morgan County",IL,us-il-137,0.11999175597692
Nonmetropolitan,2013,"Moultrie County",IL,us-il-139,0.15001485295574
Nonmetropolitan,2013,"Ogle County",IL,us-il-141,0.11100283980177
Nonmetropolitan,2013,"Perry County",IL,us-il-145,0.15503167243519
Nonmetropolitan,2013,"Pike County",IL,us-il-149,0.13895781637717
Nonmetropolitan,2013,"Pope County",IL,us-il-151,0.12515527950311
Nonmetropolitan,2013,"Pulaski County",IL,us-il-153,0.19806763285024
Nonmetropolitan,2013,"Putnam County",IL,us-il-155,0.11202635914333
Nonmetropolitan,2013,"Randolph County",IL,us-il-157,0.17899811360302
Nonmetropolitan,2013,"Richland County",IL,us-il-159,0.09500221141088
Nonmetropolitan,2013,"Saline County",IL,us-il-165,0.15100924902565
Nonmetropolitan,2013,"Schuyler County",IL,us-il-169,0.11104972375691
Nonmetropolitan,2013,"Scott County",IL,us-il-171,0.10192464082407
Nonmetropolitan,2013,"Shelby County",IL,us-il-173,0.10299637381513
Nonmetropolitan,2013,"Stephenson County",IL,us-il-177,0.10600096887489
Nonmetropolitan,2013,"Union County",IL,us-il-181,0.16101355143934
Nonmetropolitan,2013,"Wabash County",IL,us-il-185,0.1069648717637
Nonmetropolitan,2013,"Warren County",IL,us-il-187,0.12199774559958
Nonmetropolitan,2013,"Washington County",IL,us-il-189,0.10202303746007
Nonmetropolitan,2013,"Wayne County",IL,us-il-191,0.13595737366793
Nonmetropolitan,2013,"White County",IL,us-il-193,0.145016261718
Nonmetropolitan,2013,"Whiteside County",IL,us-il-195,0.12599860195726
Nonmetropolitan,2013,"Adams County",IN,us-in-001,0.15699625971037
Nonmetropolitan,2013,"Blackford County",IN,us-in-009,0.1400566572238
Nonmetropolitan,2013,"Cass County",IN,us-in-017,0.16900810497877
Nonmetropolitan,2013,"Clinton County",IN,us-in-023,0.15300064929042
Nonmetropolitan,2013,"Crawford County",IN,us-in-025,0.1910280883556
Nonmetropolitan,2013,"Daviess County",IN,us-in-027,0.22500881301304
Nonmetropolitan,2013,"Decatur County",IN,us-in-031,0.12798713235294
Nonmetropolitan,2013,"Dekalb County",IN,us-in-033,0.12099376209938
Nonmetropolitan,2013,"Dubois County",IN,us-in-037,0.12998528071774
Nonmetropolitan,2013,"Fayette County",IN,us-in-041,0.22698907956318
Nonmetropolitan,2013,"Fountain County",IN,us-in-045,0.1449694085656
Nonmetropolitan,2013,"Franklin County",IN,us-in-047,0.14598634196624
Nonmetropolitan,2013,"Fulton County",IN,us-in-049,0.15898454119983
Nonmetropolitan,2013,"Gibson County",IN,us-in-051,0.09898767605634
Nonmetropolitan,2013,"Grant County",IN,us-in-053,0.14299587278466
Nonmetropolitan,2013,"Greene County",IN,us-in-055,0.15398144484017
Nonmetropolitan,2013,"Henry County",IN,us-in-065,0.14100100387208
Nonmetropolitan,2013,"Huntington County",IN,us-in-069,0.11501132319638
Nonmetropolitan,2013,"Jackson County",IN,us-in-071,0.13799289336599
Nonmetropolitan,2013,"Jay County",IN,us-in-075,0.15901262916188
Nonmetropolitan,2013,"Jefferson County",IN,us-in-077,0.16098095629538
Nonmetropolitan,2013,"Jennings County",IN,us-in-079,0.14701608997471
Nonmetropolitan,2013,"Knox County",IN,us-in-083,0.13799175571297
Nonmetropolitan,2013,"Kosciusko County",IN,us-in-085,0.14199062586159
Nonmetropolitan,2013,"Lagrange County",IN,us-in-087,0.37798477469384
Nonmetropolitan,2013,"Lawrence County",IN,us-in-093,0.15898624729802
Nonmetropolitan,2013,"Marshall County",IN,us-in-099,0.1559961000975
Nonmetropolitan,2013,"Martin County",IN,us-in-101,0.17106741573034
Nonmetropolitan,2013,"Miami County",IN,us-in-103,0.16800127484961
Nonmetropolitan,2013,"Montgomery County",IN,us-in-107,0.12200787401575
Nonmetropolitan,2013,"Noble County",IN,us-in-113,0.16798393366157
Nonmetropolitan,2013,"Orange County",IN,us-in-117,0.19596520173991
Nonmetropolitan,2013,"Parke County",IN,us-in-121,0.17199504337051
Nonmetropolitan,2013,"Perry County",IN,us-in-123,0.16000877963126
Nonmetropolitan,2013,"Pike County",IN,us-in-125,0.142
Nonmetropolitan,2013,"Pulaski County",IN,us-in-131,0.14702630997126
Nonmetropolitan,2013,"Randolph County",IN,us-in-135,0.14799797263051
Nonmetropolitan,2013,"Ripley County",IN,us-in-137,0.1360138212659
Nonmetropolitan,2013,"Rush County",IN,us-in-139,0.12999317173097
Nonmetropolitan,2013,"Spencer County",IN,us-in-147,0.13498868235133
Nonmetropolitan,2013,"Starke County",IN,us-in-149,0.17799659155463
Nonmetropolitan,2013,"Steuben County",IN,us-in-151,0.11300471945464
Nonmetropolitan,2013,"Switzerland County",IN,us-in-155,0.17503566333809
Nonmetropolitan,2013,"Tipton County",IN,us-in-159,0.11298876404494
Nonmetropolitan,2013,"Wabash County",IN,us-in-169,0.13899105480634
Nonmetropolitan,2013,"Warren County",IN,us-in-171,0.17600404994938
Nonmetropolitan,2013,"Wayne County",IN,us-in-177,0.16599025102536
Nonmetropolitan,2013,"White County",IN,us-in-181,0.10801208029845
Nonmetropolitan,2013,"Allen County",KS,us-ks-001,0.11405363302548
Nonmetropolitan,2013,"Anderson County",KS,us-ks-003,0.12497706001101
Nonmetropolitan,2013,"Atchison County",KS,us-ks-005,0.08301886792453
Nonmetropolitan,2013,"Barber County",KS,us-ks-007,0.08
Nonmetropolitan,2013,"Barton County",KS,us-ks-009,0.13997821350763
Nonmetropolitan,2013,"Bourbon County",KS,us-ks-011,0.1239753061431
Nonmetropolitan,2013,"Brown County",KS,us-ks-013,0.09097622212376
Nonmetropolitan,2013,"Chase County",KS,us-ks-017,0.09804928131417
Nonmetropolitan,2013,"Chautauqua County",KS,us-ks-019,0.1289592760181
Nonmetropolitan,2013,"Cherokee County",KS,us-ks-021,0.14002623765794
Nonmetropolitan,2013,"Cheyenne County",KS,us-ks-023,0.10787172011662
Nonmetropolitan,2013,"Clark County",KS,us-ks-025,0.07922769640479
Nonmetropolitan,2013,"Clay County",KS,us-ks-027,0.04797172193233
Nonmetropolitan,2013,"Cloud County",KS,us-ks-029,0.10301981755269
Nonmetropolitan,2013,"Coffey County",KS,us-ks-031,0.07892074198988
Nonmetropolitan,2013,"Comanche County",KS,us-ks-033,0.07882882882883
Nonmetropolitan,2013,"Cowley County",KS,us-ks-035,0.11998978810314
Nonmetropolitan,2013,"Crawford County",KS,us-ks-037,0.09798984430736
Nonmetropolitan,2013,"Decatur County",KS,us-ks-039,0.09882455376578
Nonmetropolitan,2013,"Dickinson County",KS,us-ks-041,0.09298153823156
Nonmetropolitan,2013,"Edwards County",KS,us-ks-047,0.14412728123538
Nonmetropolitan,2013,"Elk County",KS,us-ks-049,0.10779595765159
Nonmetropolitan,2013,"Ellis County",KS,us-ks-051,0.07302722658053
Nonmetropolitan,2013,"Ellsworth County",KS,us-ks-053,0.10307725414246
Nonmetropolitan,2013,"Finney County",KS,us-ks-055,0.29399634437831
Nonmetropolitan,2013,"Ford County",KS,us-ks-057,0.30299678197908
Nonmetropolitan,2013,"Franklin County",KS,us-ks-059,0.09300551578453
Nonmetropolitan,2013,"Geary County",KS,us-ks-061,0.09100724973006
Nonmetropolitan,2013,"Gove County",KS,us-ks-063,0.07203179334327
Nonmetropolitan,2013,"Graham County",KS,us-ks-065,0.06195147134744
Nonmetropolitan,2013,"Grant County",KS,us-ks-067,0.23900293255132
Nonmetropolitan,2013,"Gray County",KS,us-ks-069,0.22693333333333
Nonmetropolitan,2013,"Greeley County",KS,us-ks-071,0.08323959505062
Nonmetropolitan,2013,"Greenwood County",KS,us-ks-073,0.09493264913406
Nonmetropolitan,2013,"Hamilton County",KS,us-ks-075,0.18094701240135
Nonmetropolitan,2013,"Harper County",KS,us-ks-077,0.12394298139647
Nonmetropolitan,2013,"Haskell County",KS,us-ks-081,0.27300970873786
Nonmetropolitan,2013,"Hodgeman County",KS,us-ks-083,0.09090909090909
Nonmetropolitan,2013,"Jewell County",KS,us-ks-089,0.08221549112938
Nonmetropolitan,2013,"Kearny County",KS,us-ks-093,0.21086261980831
Nonmetropolitan,2013,"Kiowa County",KS,us-ks-097,0.0857310628303
Nonmetropolitan,2013,"Labette County",KS,us-ks-099,0.10299887892377
Nonmetropolitan,2013,"Lane County",KS,us-ks-101,0.09059534081104
Nonmetropolitan,2013,"Lincoln County",KS,us-ks-105,0.07805088400172
Nonmetropolitan,2013,"Logan County",KS,us-ks-109,0.09095607235142
Nonmetropolitan,2013,"Lyon County",KS,us-ks-111,0.13200241375842
Nonmetropolitan,2013,"Marion County",KS,us-ks-115,0.11104603490688
Nonmetropolitan,2013,"Marshall County",KS,us-ks-117,0.07105816398038
Nonmetropolitan,2013,"Mcpherson County",KS,us-ks-113,0.11498520042141
Nonmetropolitan,2013,"Meade County",KS,us-ks-119,0.14089347079038
Nonmetropolitan,2013,"Mitchell County",KS,us-ks-123,0.06589147286822
Nonmetropolitan,2013,"Montgomery County",KS,us-ks-125,0.1190014228431
Nonmetropolitan,2013,"Morris County",KS,us-ks-127,0.1069997643177
Nonmetropolitan,2013,"Morton County",KS,us-ks-129,0.15019193857965
Nonmetropolitan,2013,"Nemaha County",KS,us-ks-131,0.09994189424753
Nonmetropolitan,2013,"Neosho County",KS,us-ks-133,0.10204267736641
Nonmetropolitan,2013,"Ness County",KS,us-ks-135,0.09083119108826
Nonmetropolitan,2013,"Norton County",KS,us-ks-137,0.12404580152672
Nonmetropolitan,2013,"Osborne County",KS,us-ks-141,0.11508220157255
Nonmetropolitan,2013,"Ottawa County",KS,us-ks-143,0.07706991171558
Nonmetropolitan,2013,"Pawnee County",KS,us-ks-145,0.10008022462896
Nonmetropolitan,2013,"Phillips County",KS,us-ks-147,0.08197139938713
Nonmetropolitan,2013,"Pratt County",KS,us-ks-151,0.11402132998745
Nonmetropolitan,2013,"Rawlins County",KS,us-ks-153,0.08587398373984
Nonmetropolitan,2013,"Reno County",KS,us-ks-155,0.11199574143079
Nonmetropolitan,2013,"Republic County",KS,us-ks-157,0.05501089324619
Nonmetropolitan,2013,"Rice County",KS,us-ks-159,0.1009541397353
Nonmetropolitan,2013,"Rooks County",KS,us-ks-163,0.08506564551422
Nonmetropolitan,2013,"Rush County",KS,us-ks-165,0.09388097233864
Nonmetropolitan,2013,"Russell County",KS,us-ks-167,0.0939041231012
Nonmetropolitan,2013,"Saline County",KS,us-ks-169,0.11000904183906
Nonmetropolitan,2013,"Scott County",KS,us-ks-171,0.13703703703704
Nonmetropolitan,2013,"Seward County",KS,us-ks-175,0.36698582918422
Nonmetropolitan,2013,"Sheridan County",KS,us-ks-179,0.09223847019123
Nonmetropolitan,2013,"Sherman County",KS,us-ks-181,0.11194909262314
Nonmetropolitan,2013,"Smith County",KS,us-ks-183,0.10808926080893
Nonmetropolitan,2013,"Stafford County",KS,us-ks-185,0.12015758371635
Nonmetropolitan,2013,"Stanton County",KS,us-ks-187,0.23071104387292
Nonmetropolitan,2013,"Stevens County",KS,us-ks-189,0.1939427618783
Nonmetropolitan,2013,"Thomas County",KS,us-ks-193,0.08400483481064
Nonmetropolitan,2013,"Trego County",KS,us-ks-195,0.09818875119161
Nonmetropolitan,2013,"Wallace County",KS,us-ks-199,0.1246511627907
Nonmetropolitan,2013,"Washington County",KS,us-ks-201,0.09593023255814
Nonmetropolitan,2013,"Wichita County",KS,us-ks-203,0.22714681440443
Nonmetropolitan,2013,"Wilson County",KS,us-ks-205,0.18005323312979
Nonmetropolitan,2013,"Woodson County",KS,us-ks-207,0.09200666111574
Nonmetropolitan,2013,"Adair County",KY,us-ky-001,0.2619797979798
Nonmetropolitan,2013,"Anderson County",KY,us-ky-005,0.12698849941464
Nonmetropolitan,2013,"Ballard County",KY,us-ky-007,0.15599931728964
Nonmetropolitan,2013,"Barren County",KY,us-ky-009,0.20698850256268
Nonmetropolitan,2013,"Bath County",KY,us-ky-011,0.26100190234623
Nonmetropolitan,2013,"Bell County",KY,us-ky-013,0.3169899699608
Nonmetropolitan,2013,"Boyle County",KY,us-ky-021,0.15200413757435
Nonmetropolitan,2013,"Breathitt County",KY,us-ky-025,0.36201093815734
Nonmetropolitan,2013,"Breckinridge County",KY,us-ky-027,0.23403480667006
Nonmetropolitan,2013,"Caldwell County",KY,us-ky-033,0.16
Nonmetropolitan,2013,"Calloway County",KY,us-ky-035,0.13900752939104
Nonmetropolitan,2013,"Carlisle County",KY,us-ky-039,0.17104891150693
Nonmetropolitan,2013,"Carroll County",KY,us-ky-041,0.251953125
Nonmetropolitan,2013,"Carter County",KY,us-ky-043,0.2449997289826
Nonmetropolitan,2013,"Casey County",KY,us-ky-045,0.30401234567901
Nonmetropolitan,2013,"Clay County",KY,us-ky-051,0.36396985259788
Nonmetropolitan,2013,"Clinton County",KY,us-ky-053,0.3229300270771
Nonmetropolitan,2013,"Crittenden County",KY,us-ky-055,0.21006463527239
Nonmetropolitan,2013,"Cumberland County",KY,us-ky-057,0.27005459890802
Nonmetropolitan,2013,"Elliott County",KY,us-ky-063,0.2990277013392
Nonmetropolitan,2013,"Estill County",KY,us-ky-065,0.27297454828055
Nonmetropolitan,2013,"Fleming County",KY,us-ky-069,0.23997960224375
Nonmetropolitan,2013,"Floyd County",KY,us-ky-071,0.26400291917533
Nonmetropolitan,2013,"Franklin County",KY,us-ky-073,0.13900298454537
Nonmetropolitan,2013,"Fulton County",KY,us-ky-075,0.23495762711864
Nonmetropolitan,2013,"Garrard County",KY,us-ky-079,0.19399949148233
Nonmetropolitan,2013,"Graves County",KY,us-ky-083,0.19299426083515
Nonmetropolitan,2013,"Grayson County",KY,us-ky-085,0.24001375436988
Nonmetropolitan,2013,"Green County",KY,us-ky-087,0.23704728370221
Nonmetropolitan,2013,"Harlan County",KY,us-ky-095,0.2900245996285
Nonmetropolitan,2013,"Harrison County",KY,us-ky-097,0.2
Nonmetropolitan,2013,"Hart County",KY,us-ky-099,0.28701817292804
Nonmetropolitan,2013,"Hickman County",KY,us-ky-105,0.21004304160689
Nonmetropolitan,2013,"Hopkins County",KY,us-ky-107,0.1740066428835
Nonmetropolitan,2013,"Jackson County",KY,us-ky-109,0.30699383850395
Nonmetropolitan,2013,"Johnson County",KY,us-ky-115,0.25799494731653
Nonmetropolitan,2013,"Knott County",KY,us-ky-119,0.29496985512463
Nonmetropolitan,2013,"Knox County",KY,us-ky-121,0.32799696869227
Nonmetropolitan,2013,"Laurel County",KY,us-ky-125,0.25101002543768
Nonmetropolitan,2013,"Lawrence County",KY,us-ky-127,0.27096595626903
Nonmetropolitan,2013,"Lee County",KY,us-ky-129,0.2950491445213
Nonmetropolitan,2013,"Leslie County",KY,us-ky-131,0.36903851058403
Nonmetropolitan,2013,"Letcher County",KY,us-ky-133,0.2519856445255
Nonmetropolitan,2013,"Lewis County",KY,us-ky-135,0.26097021993055
Nonmetropolitan,2013,"Lincoln County",KY,us-ky-137,0.23199285075961
Nonmetropolitan,2013,"Livingston County",KY,us-ky-139,0.1779698256921
Nonmetropolitan,2013,"Logan County",KY,us-ky-141,0.23700997764571
Nonmetropolitan,2013,"Lyon County",KY,us-ky-143,0.16593356590323
Nonmetropolitan,2013,"Madison County",KY,us-ky-151,0.14800954024549
Nonmetropolitan,2013,"Magoffin County",KY,us-ky-153,0.34401160843844
Nonmetropolitan,2013,"Marion County",KY,us-ky-155,0.18202679695018
Nonmetropolitan,2013,"Marshall County",KY,us-ky-157,0.1489841986456
Nonmetropolitan,2013,"Martin County",KY,us-ky-159,0.28495595211204
Nonmetropolitan,2013,"Mason County",KY,us-ky-161,0.19798799560402
Nonmetropolitan,2013,"Mccracken County",KY,us-ky-145,0.13099318783356
Nonmetropolitan,2013,"Mccreary County",KY,us-ky-147,0.30097008892482
Nonmetropolitan,2013,"Menifee County",KY,us-ky-165,0.27708333333333
Nonmetropolitan,2013,"Mercer County",KY,us-ky-167,0.1610175224951
Nonmetropolitan,2013,"Metcalfe County",KY,us-ky-169,0.30694785497617
Nonmetropolitan,2013,"Monroe County",KY,us-ky-171,0.26694017998941
Nonmetropolitan,2013,"Montgomery County",KY,us-ky-173,0.21200729725247
Nonmetropolitan,2013,"Morgan County",KY,us-ky-175,0.29296954833436
Nonmetropolitan,2013,"Muhlenberg County",KY,us-ky-177,0.22199369258193
Nonmetropolitan,2013,"Nelson County",KY,us-ky-179,0.13098349381018
Nonmetropolitan,2013,"Nicholas County",KY,us-ky-181,0.20508646998983
Nonmetropolitan,2013,"Ohio County",KY,us-ky-183,0.22601464564975
Nonmetropolitan,2013,"Owen County",KY,us-ky-187,0.15895562770563
Nonmetropolitan,2013,"Owsley County",KY,us-ky-189,0.38608338226659
Nonmetropolitan,2013,"Perry County",KY,us-ky-193,0.31000961976609
Nonmetropolitan,2013,"Pike County",KY,us-ky-195,0.28099301784329
Nonmetropolitan,2013,"Powell County",KY,us-ky-197,0.29103053435115
Nonmetropolitan,2013,"Pulaski County",KY,us-ky-199,0.2
Nonmetropolitan,2013,"Robertson County",KY,us-ky-201,0.27278645833333
Nonmetropolitan,2013,"Rockcastle County",KY,us-ky-203,0.24800204046931
Nonmetropolitan,2013,"Rowan County",KY,us-ky-205,0.22999332492769
Nonmetropolitan,2013,"Russell County",KY,us-ky-207,0.26203469903071
Nonmetropolitan,2013,"Simpson County",KY,us-ky-213,0.17099957099957
Nonmetropolitan,2013,"Taylor County",KY,us-ky-217,0.204021398266
Nonmetropolitan,2013,"Todd County",KY,us-ky-219,0.23795712484237
Nonmetropolitan,2013,"Union County",KY,us-ky-225,0.17498427343259
Nonmetropolitan,2013,"Washington County",KY,us-ky-229,0.19397267271102
Nonmetropolitan,2013,"Wayne County",KY,us-ky-231,0.30200509887687
Nonmetropolitan,2013,"Webster County",KY,us-ky-233,0.2270182992465
Nonmetropolitan,2013,"Whitley County",KY,us-ky-235,0.26501384562132
Nonmetropolitan,2013,"Wolfe County",KY,us-ky-237,0.33809523809524
Nonmetropolitan,2013,"Allen Parish",LA,us-la-003,0.23400022735023
Nonmetropolitan,2013,"Assumption Parish",LA,us-la-007,0.28699464826875
Nonmetropolitan,2013,"Avoyelles Parish",LA,us-la-009,0.29700854700855
Nonmetropolitan,2013,"Beauregard Parish",LA,us-la-011,0.15400211193242
Nonmetropolitan,2013,"Bienville Parish",LA,us-la-013,0.2
Nonmetropolitan,2013,"Caldwell Parish",LA,us-la-021,0.25293180831041
Nonmetropolitan,2013,"Catahoula Parish",LA,us-la-025,0.30693773102076
Nonmetropolitan,2013,"Claiborne Parish",LA,us-la-027,0.24903507299883
Nonmetropolitan,2013,"Concordia Parish",LA,us-la-029,0.2569742880035
Nonmetropolitan,2013,"East Carroll Parish",LA,us-la-035,0.34206784481008
Nonmetropolitan,2013,"Evangeline Parish",LA,us-la-039,0.32199282285501
Nonmetropolitan,2013,"Franklin Parish",LA,us-la-041,0.29400969020702
Nonmetropolitan,2013,"Jackson Parish",LA,us-la-049,0.17295653729208
Nonmetropolitan,2013,"Jefferson Davis Parish",LA,us-la-053,0.21900544959128
Nonmetropolitan,2013,"Lasalle Parish",LA,us-la-059,0.20003951397807
Nonmetropolitan,2013,"Lincoln Parish",LA,us-la-061,0.14799968560874
Nonmetropolitan,2013,"Madison Parish",LA,us-la-065,0.25504633743811
Nonmetropolitan,2013,"Morehouse Parish",LA,us-la-067,0.22998046875
Nonmetropolitan,2013,"Natchitoches Parish",LA,us-la-069,0.18500296886928
Nonmetropolitan,2013,"Red River Parish",LA,us-la-081,0.23694846749747
Nonmetropolitan,2013,"Richland Parish",LA,us-la-083,0.23900475667764
Nonmetropolitan,2013,"Sabine Parish",LA,us-la-085,0.20002443046479
Nonmetropolitan,2013,"St. Landry Parish",LA,us-la-097,0.23600754984956
Nonmetropolitan,2013,"St. Mary Parish",LA,us-la-101,0.26900271063926
Nonmetropolitan,2013,"Tensas Parish",LA,us-la-107,0.258
Nonmetropolitan,2013,"Vernon Parish",LA,us-la-115,0.13600669412976
Nonmetropolitan,2013,"Washington Parish",LA,us-la-117,0.22899888588254
Nonmetropolitan,2013,"West Carroll Parish",LA,us-la-123,0.28604561267878
Nonmetropolitan,2013,"Winn Parish",LA,us-la-127,0.256971542781
Nonmetropolitan,2013,"Dukes County",MA,us-ma-007,0.06600765306122
Nonmetropolitan,2013,"Franklin County",MA,us-ma-011,0.08000618106662
Nonmetropolitan,2013,"Nantucket County",MA,us-ma-019,0.06006449879065
Nonmetropolitan,2013,"Caroline County",MD,us-md-011,0.17297939416092
Nonmetropolitan,2013,"Dorchester County",MD,us-md-019,0.16700575732652
Nonmetropolitan,2013,"Garrett County",MD,us-md-023,0.1319888273446
Nonmetropolitan,2013,"Kent County",MD,us-md-029,0.13297150610583
Nonmetropolitan,2013,"Talbot County",MD,us-md-041,0.11000927445245
Nonmetropolitan,2013,"Aroostook County",ME,us-me-003,0.14899102487061
Nonmetropolitan,2013,"Franklin County",ME,us-me-007,0.08498144407385
Nonmetropolitan,2013,"Hancock County",ME,us-me-009,0.07499011662384
Nonmetropolitan,2013,"Kennebec County",ME,us-me-011,0.08699536999431
Nonmetropolitan,2013,"Knox County",ME,us-me-013,0.07300280130953
Nonmetropolitan,2013,"Lincoln County",ME,us-me-015,0.07001004559153
Nonmetropolitan,2013,"Oxford County",ME,us-me-017,0.10299932491079
Nonmetropolitan,2013,"Piscataquis County",ME,us-me-021,0.12300770228018
Nonmetropolitan,2013,"Somerset County",ME,us-me-025,0.12801044330776
Nonmetropolitan,2013,"Waldo County",ME,us-me-027,0.08900071890726
Nonmetropolitan,2013,"Washington County",ME,us-me-029,0.12800033628988
Nonmetropolitan,2013,"Alcona County",MI,us-mi-001,0.13100837444075
Nonmetropolitan,2013,"Alger County",MI,us-mi-003,0.10600027461211
Nonmetropolitan,2013,"Allegan County",MI,us-mi-005,0.09999461526035
Nonmetropolitan,2013,"Alpena County",MI,us-mi-007,0.12001129518072
Nonmetropolitan,2013,"Antrim County",MI,us-mi-009,0.09297341134218
Nonmetropolitan,2013,"Arenac County",MI,us-mi-011,0.15603939865215
Nonmetropolitan,2013,"Baraga County",MI,us-mi-013,0.1800388465561
Nonmetropolitan,2013,"Benzie County",MI,us-mi-019,0.09702939579617
Nonmetropolitan,2013,"Branch County",MI,us-mi-023,0.1359906992194
Nonmetropolitan,2013,"Charlevoix County",MI,us-mi-029,0.0839755940912
Nonmetropolitan,2013,"Cheboygan County",MI,us-mi-031,0.12299437382788
Nonmetropolitan,2013,"Chippewa County",MI,us-mi-033,0.10198522277782
Nonmetropolitan,2013,"Clare County",MI,us-mi-035,0.16198968045623
Nonmetropolitan,2013,"Crawford County",MI,us-mi-039,0.14601557243103
Nonmetropolitan,2013,"Delta County",MI,us-mi-041,0.08601585095594
Nonmetropolitan,2013,"Dickinson County",MI,us-mi-043,0.06100079428118
Nonmetropolitan,2013,"Emmet County",MI,us-mi-047,0.06300918703415
Nonmetropolitan,2013,"Gladwin County",MI,us-mi-051,0.1610151531207
Nonmetropolitan,2013,"Gogebic County",MI,us-mi-053,0.08402328059677
Nonmetropolitan,2013,"Grand Traverse County",MI,us-mi-055,0.06700505973069
Nonmetropolitan,2013,"Gratiot County",MI,us-mi-057,0.1229887902684
Nonmetropolitan,2013,"Hillsdale County",MI,us-mi-059,0.12999614445444
Nonmetropolitan,2013,"Houghton County",MI,us-mi-061,0.08900134639491
Nonmetropolitan,2013,"Huron County",MI,us-mi-063,0.13099014860578
Nonmetropolitan,2013,"Ionia County",MI,us-mi-067,0.12199503604775
Nonmetropolitan,2013,"Iosco County",MI,us-mi-069,0.12699790634734
Nonmetropolitan,2013,"Iron County",MI,us-mi-071,0.10795703638755
Nonmetropolitan,2013,"Isabella County",MI,us-mi-073,0.09899305458704
Nonmetropolitan,2013,"Kalkaska County",MI,us-mi-079,0.14098765432099
Nonmetropolitan,2013,"Keweenaw County",MI,us-mi-083,0.07209847596717
Nonmetropolitan,2013,"Lake County",MI,us-mi-085,0.19594902139281
Nonmetropolitan,2013,"Leelanau County",MI,us-mi-089,0.05801088086069
Nonmetropolitan,2013,"Lenawee County",MI,us-mi-091,0.10900121838876
Nonmetropolitan,2013,"Luce County",MI,us-mi-095,0.14196157735086
Nonmetropolitan,2013,"Mackinac County",MI,us-mi-097,0.1169972680841
Nonmetropolitan,2013,"Manistee County",MI,us-mi-101,0.11100715465052
Nonmetropolitan,2013,"Marquette County",MI,us-mi-103,0.06500883332961
Nonmetropolitan,2013,"Mason County",MI,us-mi-105,0.10498264143563
Nonmetropolitan,2013,"Mecosta County",MI,us-mi-107,0.10200342999688
Nonmetropolitan,2013,"Menominee County",MI,us-mi-109,0.09801006404392
Nonmetropolitan,2013,"Missaukee County",MI,us-mi-113,0.1409768938286
Nonmetropolitan,2013,"Montmorency County",MI,us-mi-119,0.15097100292631
Nonmetropolitan,2013,"Newaygo County",MI,us-mi-123,0.14101032380602
Nonmetropolitan,2013,"Oceana County",MI,us-mi-127,0.15902770052286
Nonmetropolitan,2013,"Ogemaw County",MI,us-mi-129,0.14897661745137
Nonmetropolitan,2013,"Ontonagon County",MI,us-mi-131,0.11406485671192
Nonmetropolitan,2013,"Osceola County",MI,us-mi-133,0.13100464066224
Nonmetropolitan,2013,"Oscoda County",MI,us-mi-135,0.17394732692004
Nonmetropolitan,2013,"Otsego County",MI,us-mi-137,0.08999288593787
Nonmetropolitan,2013,"Presque Isle County",MI,us-mi-141,0.13201480904131
Nonmetropolitan,2013,"Roscommon County",MI,us-mi-143,0.1490187847623
Nonmetropolitan,2013,"Sanilac County",MI,us-mi-151,0.13099387499577
Nonmetropolitan,2013,"Schoolcraft County",MI,us-mi-153,0.10094384898416
Nonmetropolitan,2013,"Shiawassee County",MI,us-mi-155,0.09399582428243
Nonmetropolitan,2013,"St. Joseph County",MI,us-mi-149,0.15600227199763
Nonmetropolitan,2013,"Tuscola County",MI,us-mi-157,0.13200879535103
Nonmetropolitan,2013,"Wexford County",MI,us-mi-165,0.11999107541276
Nonmetropolitan,2013,"Aitkin County",MN,us-mn-001,0.0999838605552
Nonmetropolitan,2013,"Becker County",MN,us-mn-005,0.09599395313681
Nonmetropolitan,2013,"Beltrami County",MN,us-mn-007,0.09899168322661
Nonmetropolitan,2013,"Big Stone County",MN,us-mn-011,0.09408391972895
Nonmetropolitan,2013,"Brown County",MN,us-mn-015,0.09499372790512
Nonmetropolitan,2013,"Cass County",MN,us-mn-021,0.0920060331825
Nonmetropolitan,2013,"Chippewa County",MN,us-mn-023,0.1230084348641
Nonmetropolitan,2013,"Clearwater County",MN,us-mn-029,0.1459234608985
Nonmetropolitan,2013,"Cook County",MN,us-mn-031,0.05088550760788
Nonmetropolitan,2013,"Cottonwood County",MN,us-mn-033,0.11598355550019
Nonmetropolitan,2013,"Crow Wing County",MN,us-mn-035,0.08000182965877
Nonmetropolitan,2013,"Douglas County",MN,us-mn-041,0.0750166399123
Nonmetropolitan,2013,"Faribault County",MN,us-mn-043,0.10197751066305
Nonmetropolitan,2013,"Freeborn County",MN,us-mn-047,0.12101505298104
Nonmetropolitan,2013,"Goodhue County",MN,us-mn-049,0.08499315324287
Nonmetropolitan,2013,"Grant County",MN,us-mn-051,0.0970200970201
Nonmetropolitan,2013,"Hubbard County",MN,us-mn-057,0.07898830053425
Nonmetropolitan,2013,"Itasca County",MN,us-mn-061,0.07299224806202
Nonmetropolitan,2013,"Jackson County",MN,us-mn-063,0.08495648570245
Nonmetropolitan,2013,"Kanabec County",MN,us-mn-065,0.13498014997794
Nonmetropolitan,2013,"Kandiyohi County",MN,us-mn-067,0.11399092327329
Nonmetropolitan,2013,"Kittson County",MN,us-mn-069,0.11199510403917
Nonmetropolitan,2013,"Koochiching County",MN,us-mn-071,0.10696954052659
Nonmetropolitan,2013,"Lac Qui Parle County",MN,us-mn-073,0.08799544851128
Nonmetropolitan,2013,"Lake County",MN,us-mn-075,0.06097111247695
Nonmetropolitan,2013,"Lake Of The Woods County",MN,us-mn-077,0.10292119565217
Nonmetropolitan,2013,"Lincoln County",MN,us-mn-081,0.08705994291151
Nonmetropolitan,2013,"Lyon County",MN,us-mn-083,0.08296970069449
Nonmetropolitan,2013,"Mahnomen County",MN,us-mn-087,0.1499558953249
Nonmetropolitan,2013,"Marshall County",MN,us-mn-089,0.12103055721989
Nonmetropolitan,2013,"Martin County",MN,us-mn-091,0.11501424115014
Nonmetropolitan,2013,"Mcleod County",MN,us-mn-085,0.09201332466688
Nonmetropolitan,2013,"Meeker County",MN,us-mn-093,0.09402843601896
Nonmetropolitan,2013,"Morrison County",MN,us-mn-097,0.11401068574204
Nonmetropolitan,2013,"Mower County",MN,us-mn-099,0.12799816380399
Nonmetropolitan,2013,"Murray County",MN,us-mn-101,0.09892748519289
Nonmetropolitan,2013,"Nobles County",MN,us-mn-105,0.21297227409855
Nonmetropolitan,2013,"Norman County",MN,us-mn-107,0.1130876747141
Nonmetropolitan,2013,"Otter Tail County",MN,us-mn-111,0.1
Nonmetropolitan,2013,"Pennington County",MN,us-mn-113,0.10095338983051
Nonmetropolitan,2013,"Pine County",MN,us-mn-115,0.11598121531237
Nonmetropolitan,2013,"Pipestone County",MN,us-mn-117,0.14593928186161
Nonmetropolitan,2013,"Pope County",MN,us-mn-121,0.0790300288981
Nonmetropolitan,2013,"Red Lake County",MN,us-mn-125,0.12416461484348
Nonmetropolitan,2013,"Redwood County",MN,us-mn-127,0.11404153648226
Nonmetropolitan,2013,"Renville County",MN,us-mn-129,0.1079764749127
Nonmetropolitan,2013,"Rice County",MN,us-mn-131,0.09400979530328
Nonmetropolitan,2013,"Rock County",MN,us-mn-133,0.09995414947272
Nonmetropolitan,2013,"Roseau County",MN,us-mn-135,0.09195402298851
Nonmetropolitan,2013,"Steele County",MN,us-mn-147,0.07599309153713
Nonmetropolitan,2013,"Stevens County",MN,us-mn-149,0.08407310704961
Nonmetropolitan,2013,"Swift County",MN,us-mn-151,0.11500803741049
Nonmetropolitan,2013,"Todd County",MN,us-mn-153,0.13797846889952
Nonmetropolitan,2013,"Traverse County",MN,us-mn-155,0.10491419656786
Nonmetropolitan,2013,"Wadena County",MN,us-mn-159,0.11603085702209
Nonmetropolitan,2013,"Waseca County",MN,us-mn-161,0.0840216248686
Nonmetropolitan,2013,"Watonwan County",MN,us-mn-165,0.15493697478992
Nonmetropolitan,2013,"Wilkin County",MN,us-mn-167,0.09903804110188
Nonmetropolitan,2013,"Winona County",MN,us-mn-169,0.1010028419299
Nonmetropolitan,2013,"Yellow Medicine County",MN,us-mn-173,0.09997195737521
Nonmetropolitan,2013,"Adair County",MO,us-mo-001,0.13297910533496
Nonmetropolitan,2013,"Atchison County",MO,us-mo-005,0.10691358024691
Nonmetropolitan,2013,"Audrain County",MO,us-mo-007,0.15697943147677
Nonmetropolitan,2013,"Barry County",MO,us-mo-009,0.17798489078666
Nonmetropolitan,2013,"Barton County",MO,us-mo-011,0.1430460391874
Nonmetropolitan,2013,"Benton County",MO,us-mo-015,0.1709755256808
Nonmetropolitan,2013,"Butler County",MO,us-mo-023,0.21901487558294
Nonmetropolitan,2013,"Camden County",MO,us-mo-029,0.10700281828207
Nonmetropolitan,2013,"Carroll County",MO,us-mo-033,0.16093229744728
Nonmetropolitan,2013,"Carter County",MO,us-mo-035,0.25296630280019
Nonmetropolitan,2013,"Cedar County",MO,us-mo-039,0.15895745338416
Nonmetropolitan,2013,"Chariton County",MO,us-mo-041,0.16793893129771
Nonmetropolitan,2013,"Clark County",MO,us-mo-045,0.14799503927243
Nonmetropolitan,2013,"Cooper County",MO,us-mo-053,0.14103753690426
Nonmetropolitan,2013,"Crawford County",MO,us-mo-055,0.21899547726732
Nonmetropolitan,2013,"Dade County",MO,us-mo-057,0.14706939949658
Nonmetropolitan,2013,"Daviess County",MO,us-mo-061,0.15806568025983
Nonmetropolitan,2013,"Dent County",MO,us-mo-065,0.23196018800111
Nonmetropolitan,2013,"Douglas County",MO,us-mo-067,0.18303106107984
Nonmetropolitan,2013,"Dunklin County",MO,us-mo-069,0.27699886320576
Nonmetropolitan,2013,"Gasconade County",MO,us-mo-073,0.15902964959569
Nonmetropolitan,2013,"Gentry County",MO,us-mo-075,0.14307458143075
Nonmetropolitan,2013,"Grundy County",MO,us-mo-079,0.14601386481802
Nonmetropolitan,2013,"Harrison County",MO,us-mo-081,0.17293480045985
Nonmetropolitan,2013,"Henry County",MO,us-mo-083,0.14099700006383
Nonmetropolitan,2013,"Hickory County",MO,us-mo-085,0.1759410801964
Nonmetropolitan,2013,"Holt County",MO,us-mo-087,0.10301650540694
Nonmetropolitan,2013,"Howard County",MO,us-mo-089,0.14405105607051
Nonmetropolitan,2013,"Howell County",MO,us-mo-091,0.1739822353812
Nonmetropolitan,2013,"Iron County",MO,us-mo-093,0.22695131901006
Nonmetropolitan,2013,"Johnson County",MO,us-mo-101,0.08400862632336
Nonmetropolitan,2013,"Knox County",MO,us-mo-103,0.15098389982111
Nonmetropolitan,2013,"Laclede County",MO,us-mo-105,0.18299098196393
Nonmetropolitan,2013,"Lawrence County",MO,us-mo-109,0.1550011730664
Nonmetropolitan,2013,"Lewis County",MO,us-mo-111,0.12603899047907
Nonmetropolitan,2013,"Linn County",MO,us-mo-115,0.12498550724638
Nonmetropolitan,2013,"Livingston County",MO,us-mo-117,0.13096475479543
Nonmetropolitan,2013,"Macon County",MO,us-mo-121,0.14103042747807
Nonmetropolitan,2013,"Madison County",MO,us-mo-123,0.24997031231445
Nonmetropolitan,2013,"Maries County",MO,us-mo-125,0.17200888606791
Nonmetropolitan,2013,"Marion County",MO,us-mo-127,0.15898234683281
Nonmetropolitan,2013,"Mercer County",MO,us-mo-129,0.12307098765432
Nonmetropolitan,2013,"Miller County",MO,us-mo-131,0.15302869287991
Nonmetropolitan,2013,"Mississippi County",MO,us-mo-133,0.28300554715078
Nonmetropolitan,2013,"Monroe County",MO,us-mo-137,0.12398440038999
Nonmetropolitan,2013,"Montgomery County",MO,us-mo-139,0.19298866855524
Nonmetropolitan,2013,"Morgan County",MO,us-mo-141,0.2079834824501
Nonmetropolitan,2013,"New Madrid County",MO,us-mo-143,0.23102155576382
Nonmetropolitan,2013,"Nodaway County",MO,us-mo-147,0.08900357284637
Nonmetropolitan,2013,"Oregon County",MO,us-mo-149,0.20200181983621
Nonmetropolitan,2013,"Ozark County",MO,us-mo-153,0.17197893569845
Nonmetropolitan,2013,"Pemiscot County",MO,us-mo-155,0.275
Nonmetropolitan,2013,"Perry County",MO,us-mo-157,0.17200846328658
Nonmetropolitan,2013,"Pettis County",MO,us-mo-159,0.18099286692125
Nonmetropolitan,2013,"Phelps County",MO,us-mo-161,0.13199515614106
Nonmetropolitan,2013,"Pike County",MO,us-mo-163,0.21196929343569
Nonmetropolitan,2013,"Pulaski County",MO,us-mo-169,0.09899549213786
Nonmetropolitan,2013,"Putnam County",MO,us-mo-171,0.15309633027523
Nonmetropolitan,2013,"Ralls County",MO,us-mo-173,0.1039446366782
Nonmetropolitan,2013,"Randolph County",MO,us-mo-175,0.15402608034618
Nonmetropolitan,2013,"Reynolds County",MO,us-mo-179,0.22892579356737
Nonmetropolitan,2013,"Ripley County",MO,us-mo-181,0.2479578120153
Nonmetropolitan,2013,"Saline County",MO,us-mo-195,0.17196994446259
Nonmetropolitan,2013,"Schuyler County",MO,us-mo-197,0.14202401372213
Nonmetropolitan,2013,"Scotland County",MO,us-mo-199,0.21393998063892
Nonmetropolitan,2013,"Scott County",MO,us-mo-201,0.19698124714133
Nonmetropolitan,2013,"Shannon County",MO,us-mo-203,0.18996478873239
Nonmetropolitan,2013,"Shelby County",MO,us-mo-205,0.1050323176362
Nonmetropolitan,2013,"St. Clair County",MO,us-mo-185,0.18605633802817
Nonmetropolitan,2013,"St. Francois County",MO,us-mo-187,0.20500779038381
Nonmetropolitan,2013,"Ste. Genevieve County",MO,us-mo-186,0.1790312198262
Nonmetropolitan,2013,"Stoddard County",MO,us-mo-207,0.2020114108887
Nonmetropolitan,2013,"Stone County",MO,us-mo-209,0.15201495637723
Nonmetropolitan,2013,"Sullivan County",MO,us-mo-211,0.17899343544858
Nonmetropolitan,2013,"Taney County",MO,us-mo-213,0.15299402868464
Nonmetropolitan,2013,"Texas County",MO,us-mo-215,0.17098416606054
Nonmetropolitan,2013,"Vernon County",MO,us-mo-217,0.15097588978186
Nonmetropolitan,2013,"Washington County",MO,us-mo-221,0.28397283334301
Nonmetropolitan,2013,"Wayne County",MO,us-mo-223,0.23002070393375
Nonmetropolitan,2013,"Worth County",MO,us-mo-227,0.07081403044341
Nonmetropolitan,2013,"Wright County",MO,us-mo-229,0.23503379465723
Nonmetropolitan,2013,"Adams County",MS,us-ms-001,0.21198953576021
Nonmetropolitan,2013,"Alcorn County",MS,us-ms-003,0.214999005371
Nonmetropolitan,2013,"Amite County",MS,us-ms-005,0.25300011009578
Nonmetropolitan,2013,"Attala County",MS,us-ms-007,0.26800905330524
Nonmetropolitan,2013,"Bolivar County",MS,us-ms-011,0.26198188048632
Nonmetropolitan,2013,"Calhoun County",MS,us-ms-013,0.31798661739738
Nonmetropolitan,2013,"Carroll County",MS,us-ms-015,0.21894882434302
Nonmetropolitan,2013,"Chickasaw County",MS,us-ms-017,0.27997166637152
Nonmetropolitan,2013,"Choctaw County",MS,us-ms-019,0.21700262927257
Nonmetropolitan,2013,"Claiborne County",MS,us-ms-021,0.1910480349345
Nonmetropolitan,2013,"Clarke County",MS,us-ms-023,0.23003279851077
Nonmetropolitan,2013,"Clay County",MS,us-ms-025,0.20903072230901
Nonmetropolitan,2013,"Coahoma County",MS,us-ms-027,0.23502511915497
Nonmetropolitan,2013,"Covington County",MS,us-ms-031,0.23601947847942
Nonmetropolitan,2013,"Franklin County",MS,us-ms-037,0.18901989683125
Nonmetropolitan,2013,"George County",MS,us-ms-039,0.16198674591788
Nonmetropolitan,2013,"Greene County",MS,us-ms-041,0.24403341288783
Nonmetropolitan,2013,"Grenada County",MS,us-ms-043,0.21601463551928
Nonmetropolitan,2013,"Holmes County",MS,us-ms-051,0.28695729379384
Nonmetropolitan,2013,"Humphreys County",MS,us-ms-053,0.35892080069626
Nonmetropolitan,2013,"Issaquena County",MS,us-ms-055,0.4375
Nonmetropolitan,2013,"Itawamba County",MS,us-ms-057,0.23300032226877
Nonmetropolitan,2013,"Jasper County",MS,us-ms-061,0.23404255319149
Nonmetropolitan,2013,"Jefferson County",MS,us-ms-063,0.20397510540052
Nonmetropolitan,2013,"Jefferson Davis County",MS,us-ms-065,0.21999283410964
Nonmetropolitan,2013,"Jones County",MS,us-ms-067,0.21300809321938
Nonmetropolitan,2013,"Kemper County",MS,us-ms-069,0.24106758501937
Nonmetropolitan,2013,"Lafayette County",MS,us-ms-071,0.13701508216403
Nonmetropolitan,2013,"Lauderdale County",MS,us-ms-075,0.16000380916103
Nonmetropolitan,2013,"Lawrence County",MS,us-ms-077,0.17704532077693
Nonmetropolitan,2013,"Leake County",MS,us-ms-079,0.25001745931978
Nonmetropolitan,2013,"Lee County",MS,us-ms-081,0.17100589549233
Nonmetropolitan,2013,"Leflore County",MS,us-ms-083,0.26901936610674
Nonmetropolitan,2013,"Lincoln County",MS,us-ms-085,0.17202086163825
Nonmetropolitan,2013,"Lowndes County",MS,us-ms-087,0.18000675447484
Nonmetropolitan,2013,"Marion County",MS,us-ms-091,0.2569775357386
Nonmetropolitan,2013,"Monroe County",MS,us-ms-095,0.23301245753114
Nonmetropolitan,2013,"Montgomery County",MS,us-ms-097,0.27306859205776
Nonmetropolitan,2013,"Neshoba County",MS,us-ms-099,0.22801390002673
Nonmetropolitan,2013,"Newton County",MS,us-ms-101,0.16696434950347
Nonmetropolitan,2013,"Noxubee County",MS,us-ms-103,0.34506367246337
Nonmetropolitan,2013,"Oktibbeha County",MS,us-ms-105,0.13601767738767
Nonmetropolitan,2013,"Panola County",MS,us-ms-107,0.24200271862256
Nonmetropolitan,2013,"Pearl River County",MS,us-ms-109,0.16699634195908
Nonmetropolitan,2013,"Pike County",MS,us-ms-113,0.21799953369084
Nonmetropolitan,2013,"Pontotoc County",MS,us-ms-115,0.2360191033739
Nonmetropolitan,2013,"Prentiss County",MS,us-ms-117,0.27298033282905
Nonmetropolitan,2013,"Quitman County",MS,us-ms-119,0.31996901026535
Nonmetropolitan,2013,"Scott County",MS,us-ms-123,0.27802417119415
Nonmetropolitan,2013,"Sharkey County",MS,us-ms-125,0.22701688555347
Nonmetropolitan,2013,"Smith County",MS,us-ms-129,0.19101540746241
Nonmetropolitan,2013,"Stone County",MS,us-ms-131,0.15598475662567
Nonmetropolitan,2013,"Sunflower County",MS,us-ms-133,0.29799271065658
Nonmetropolitan,2013,"Tallahatchie County",MS,us-ms-135,0.34303065922225
Nonmetropolitan,2013,"Tippah County",MS,us-ms-139,0.24203159645233
Nonmetropolitan,2013,"Tishomingo County",MS,us-ms-141,0.23299044819985
Nonmetropolitan,2013,"Union County",MS,us-ms-145,0.23900138696255
Nonmetropolitan,2013,"Walthall County",MS,us-ms-147,0.25099522292994
Nonmetropolitan,2013,"Warren County",MS,us-ms-149,0.16601397286882
Nonmetropolitan,2013,"Washington County",MS,us-ms-151,0.24399243140965
Nonmetropolitan,2013,"Wayne County",MS,us-ms-153,0.27299107142857
Nonmetropolitan,2013,"Webster County",MS,us-ms-155,0.18697261287935
Nonmetropolitan,2013,"Wilkinson County",MS,us-ms-157,0.28098290598291
Nonmetropolitan,2013,"Winston County",MS,us-ms-159,0.20502780170726
Nonmetropolitan,2013,"Yalobusha County",MS,us-ms-161,0.2249671798544
Nonmetropolitan,2013,"Beaverhead County",MT,us-mt-001,0.06907051282051
Nonmetropolitan,2013,"Big Horn County",MT,us-mt-003,0.1549841006498
Nonmetropolitan,2013,"Blaine County",MT,us-mt-005,0.12602739726027
Nonmetropolitan,2013,"Broadwater County",MT,us-mt-007,0.10610610610611
Nonmetropolitan,2013,"Carter County",MT,us-mt-011,0.07188160676533
Nonmetropolitan,2013,"Chouteau County",MT,us-mt-015,0.08792068875554
Nonmetropolitan,2013,"Custer County",MT,us-mt-017,0.09099816289039
Nonmetropolitan,2013,"Daniels County",MT,us-mt-019,0.05576208178439
Nonmetropolitan,2013,"Dawson County",MT,us-mt-021,0.10801122194514
Nonmetropolitan,2013,"Deer Lodge County",MT,us-mt-023,0.10899910899911
Nonmetropolitan,2013,"Fallon County",MT,us-mt-025,0.07304180682364
Nonmetropolitan,2013,"Fergus County",MT,us-mt-027,0.07801418439716
Nonmetropolitan,2013,"Flathead County",MT,us-mt-029,0.06100217864924
Nonmetropolitan,2013,"Gallatin County",MT,us-mt-031,0.03899920019474
Nonmetropolitan,2013,"Garfield County",MT,us-mt-033,0.0832298136646
Nonmetropolitan,2013,"Glacier County",MT,us-mt-035,0.16403339755941
Nonmetropolitan,2013,"Granite County",MT,us-mt-039,0.1179797979798
Nonmetropolitan,2013,"Hill County",MT,us-mt-041,0.08397996267557
Nonmetropolitan,2013,"Jefferson County",MT,us-mt-043,0.05698283209546
Nonmetropolitan,2013,"Judith Basin County",MT,us-mt-045,0.06573957016435
Nonmetropolitan,2013,"Lake County",MT,us-mt-047,0.09798360063947
Nonmetropolitan,2013,"Lewis And Clark County",MT,us-mt-049,0.05300433056658
Nonmetropolitan,2013,"Liberty County",MT,us-mt-051,0.24604569420035
Nonmetropolitan,2013,"Lincoln County",MT,us-mt-053,0.13200108754758
Nonmetropolitan,2013,"Madison County",MT,us-mt-057,0.0519634394042
Nonmetropolitan,2013,"Mccone County",MT,us-mt-055,0.05601194921583
Nonmetropolitan,2013,"Meagher County",MT,us-mt-059,0.10176991150442
Nonmetropolitan,2013,"Mineral County",MT,us-mt-061,0.10809102402023
Nonmetropolitan,2013,"Musselshell County",MT,us-mt-065,0.10686131386861
Nonmetropolitan,2013,"Park County",MT,us-mt-067,0.06803770351328
Nonmetropolitan,2013,"Petroleum County",MT,us-mt-069,0.04030226700252
Nonmetropolitan,2013,"Phillips County",MT,us-mt-071,0.08311345646438
Nonmetropolitan,2013,"Pondera County",MT,us-mt-073,0.13006756756757
Nonmetropolitan,2013,"Powder River County",MT,us-mt-075,0.06934594168637
Nonmetropolitan,2013,"Powell County",MT,us-mt-077,0.09697640117994
Nonmetropolitan,2013,"Prairie County",MT,us-mt-079,0.1316648531012
Nonmetropolitan,2013,"Ravalli County",MT,us-mt-081,0.07898704680968
Nonmetropolitan,2013,"Richland County",MT,us-mt-083,0.09697572057362
Nonmetropolitan,2013,"Roosevelt County",MT,us-mt-085,0.16003236245955
Nonmetropolitan,2013,"Rosebud County",MT,us-mt-087,0.10897545906985
Nonmetropolitan,2013,"Sanders County",MT,us-mt-089,0.12703084530257
Nonmetropolitan,2013,"Sheridan County",MT,us-mt-091,0.09295993776741
Nonmetropolitan,2013,"Silver Bow County",MT,us-mt-093,0.09099841927628
Nonmetropolitan,2013,"Stillwater County",MT,us-mt-095,0.07406853209636
Nonmetropolitan,2013,"Sweet Grass County",MT,us-mt-097,0.08310573546625
Nonmetropolitan,2013,"Teton County",MT,us-mt-099,0.09594882729211
Nonmetropolitan,2013,"Toole County",MT,us-mt-101,0.1190855927698
Nonmetropolitan,2013,"Treasure County",MT,us-mt-103,0.13571428571429
Nonmetropolitan,2013,"Valley County",MT,us-mt-105,0.08993212669683
Nonmetropolitan,2013,"Wheatland County",MT,us-mt-107,0.19615639496355
Nonmetropolitan,2013,"Wibaux County",MT,us-mt-109,0.16
Nonmetropolitan,2013,"Alleghany County",NC,us-nc-005,0.2060213983578
Nonmetropolitan,2013,"Anson County",NC,us-nc-007,0.2380174291939
Nonmetropolitan,2013,"Ashe County",NC,us-nc-009,0.18599551457762
Nonmetropolitan,2013,"Avery County",NC,us-nc-011,0.1849888607206
Nonmetropolitan,2013,"Beaufort County",NC,us-nc-013,0.18299214472745
Nonmetropolitan,2013,"Bertie County",NC,us-nc-015,0.27401187794389
Nonmetropolitan,2013,"Bladen County",NC,us-nc-017,0.25199348724586
Nonmetropolitan,2013,"Camden County",NC,us-nc-029,0.13694362017804
Nonmetropolitan,2013,"Carteret County",NC,us-nc-031,0.11699169957289
Nonmetropolitan,2013,"Caswell County",NC,us-nc-033,0.26797925017685
Nonmetropolitan,2013,"Cherokee County",NC,us-nc-039,0.18100788481316
Nonmetropolitan,2013,"Chowan County",NC,us-nc-041,0.20402437844636
Nonmetropolitan,2013,"Clay County",NC,us-nc-043,0.13103624951966
Nonmetropolitan,2013,"Cleveland County",NC,us-nc-045,0.1800027293818
Nonmetropolitan,2013,"Columbus County",NC,us-nc-047,0.20700248819377
Nonmetropolitan,2013,"Dare County",NC,us-nc-055,0.083986695177
Nonmetropolitan,2013,"Duplin County",NC,us-nc-061,0.28600644204714
Nonmetropolitan,2013,"Graham County",NC,us-nc-075,0.21395193591455
Nonmetropolitan,2013,"Granville County",NC,us-nc-077,0.18899128897866
Nonmetropolitan,2013,"Greene County",NC,us-nc-079,0.24101653231316
Nonmetropolitan,2013,"Halifax County",NC,us-nc-083,0.24199843871975
Nonmetropolitan,2013,"Harnett County",NC,us-nc-085,0.15599572169345
Nonmetropolitan,2013,"Hertford County",NC,us-nc-091,0.2250132672917
Nonmetropolitan,2013,"Hyde County",NC,us-nc-095,0.21207764198418
Nonmetropolitan,2013,"Jackson County",NC,us-nc-099,0.15098786283829
Nonmetropolitan,2013,"Lee County",NC,us-nc-105,0.19801211368225
Nonmetropolitan,2013,"Lenoir County",NC,us-nc-107,0.20999281270911
Nonmetropolitan,2013,"Macon County",NC,us-nc-113,0.14299877067058
Nonmetropolitan,2013,"Martin County",NC,us-nc-117,0.18498675301737
Nonmetropolitan,2013,"Mcdowell County",NC,us-nc-111,0.19198716940784
Nonmetropolitan,2013,"Mitchell County",NC,us-nc-121,0.18695729222045
Nonmetropolitan,2013,"Montgomery County",NC,us-nc-123,0.28199001805246
Nonmetropolitan,2013,"Moore County",NC,us-nc-125,0.10299544171912
Nonmetropolitan,2013,"Northampton County",NC,us-nc-131,0.27103166893336
Nonmetropolitan,2013,"Pasquotank County",NC,us-nc-139,0.16298824421691
Nonmetropolitan,2013,"Perquimans County",NC,us-nc-143,0.16296824104235
Nonmetropolitan,2013,"Polk County",NC,us-nc-149,0.12898380355277
Nonmetropolitan,2013,"Richmond County",NC,us-nc-153,0.20000649582643
Nonmetropolitan,2013,"Robeson County",NC,us-nc-155,0.28499880753637
Nonmetropolitan,2013,"Rutherford County",NC,us-nc-161,0.18300957534507
Nonmetropolitan,2013,"Sampson County",NC,us-nc-163,0.25099422403182
Nonmetropolitan,2013,"Scotland County",NC,us-nc-165,0.22499683637744
Nonmetropolitan,2013,"Stanly County",NC,us-nc-167,0.19301015203769
Nonmetropolitan,2013,"Surry County",NC,us-nc-171,0.24800550206327
Nonmetropolitan,2013,"Swain County",NC,us-nc-173,0.17799319377127
Nonmetropolitan,2013,"Transylvania County",NC,us-nc-175,0.11601575319987
Nonmetropolitan,2013,"Tyrrell County",NC,us-nc-177,0.28508217446271
Nonmetropolitan,2013,"Vance County",NC,us-nc-181,0.24299539794261
Nonmetropolitan,2013,"Warren County",NC,us-nc-185,0.23502490240948
Nonmetropolitan,2013,"Washington County",NC,us-nc-187,0.21003738529512
Nonmetropolitan,2013,"Watauga County",NC,us-nc-189,0.10999648011264
Nonmetropolitan,2013,"Wilkes County",NC,us-nc-193,0.25899398690664
Nonmetropolitan,2013,"Wilson County",NC,us-nc-195,0.21500732064422
Nonmetropolitan,2013,"Yancey County",NC,us-nc-199,0.16803814504345
Nonmetropolitan,2013,"Adams County",ND,us-nd-001,0.07017543859649
Nonmetropolitan,2013,"Barnes County",ND,us-nd-003,0.10104752171691
Nonmetropolitan,2013,"Benson County",ND,us-nd-005,0.17003628823224
Nonmetropolitan,2013,"Billings County",ND,us-nd-007,0.10944527736132
Nonmetropolitan,2013,"Bottineau County",ND,us-nd-009,0.11906797776828
Nonmetropolitan,2013,"Bowman County",ND,us-nd-011,0.10905077262693
Nonmetropolitan,2013,"Burke County",ND,us-nd-013,0.12630117973629
Nonmetropolitan,2013,"Cavalier County",ND,us-nd-019,0.12103843560351
Nonmetropolitan,2013,"Dickey County",ND,us-nd-021,0.13296089385475
Nonmetropolitan,2013,"Divide County",ND,us-nd-023,0.09419063733785
Nonmetropolitan,2013,"Dunn County",ND,us-nd-025,0.09906542056075
Nonmetropolitan,2013,"Eddy County",ND,us-nd-027,0.1190073322053
Nonmetropolitan,2013,"Emmons County",ND,us-nd-029,0.18390357698289
Nonmetropolitan,2013,"Foster County",ND,us-nd-031,0.13585375986705
Nonmetropolitan,2013,"Golden Valley County",ND,us-nd-033,0.08828671328671
Nonmetropolitan,2013,"Grant County",ND,us-nd-037,0.13481894150418
Nonmetropolitan,2013,"Griggs County",ND,us-nd-039,0.16577825159915
Nonmetropolitan,2013,"Hettinger County",ND,us-nd-041,0.12725344644751
Nonmetropolitan,2013,"Kidder County",ND,us-nd-043,0.15989304812834
Nonmetropolitan,2013,"Lamoure County",ND,us-nd-045,0.1270611057226
Nonmetropolitan,2013,"Logan County",ND,us-nd-047,0.2310393258427
Nonmetropolitan,2013,"Mchenry County",ND,us-nd-049,0.11501996007984
Nonmetropolitan,2013,"Mcintosh County",ND,us-nd-051,0.24483233807993
Nonmetropolitan,2013,"Mckenzie County",ND,us-nd-053,0.10091159635361
Nonmetropolitan,2013,"Mclean County",ND,us-nd-055,0.09506317954746
Nonmetropolitan,2013,"Mercer County",ND,us-nd-057,0.11199095022624
Nonmetropolitan,2013,"Mountrail County",ND,us-nd-061,0.0979448250324
Nonmetropolitan,2013,"Nelson County",ND,us-nd-063,0.10605427974948
Nonmetropolitan,2013,"Pembina County",ND,us-nd-067,0.11106962852343
Nonmetropolitan,2013,"Pierce County",ND,us-nd-069,0.17708978328173
Nonmetropolitan,2013,"Ramsey County",ND,us-nd-071,0.11801321138211
Nonmetropolitan,2013,"Ransom County",ND,us-nd-073,0.12099276111686
Nonmetropolitan,2013,"Renville County",ND,us-nd-075,0.06677890011223
Nonmetropolitan,2013,"Richland County",ND,us-nd-077,0.10203302472082
Nonmetropolitan,2013,"Rolette County",ND,us-nd-079,0.18205510052122
Nonmetropolitan,2013,"Sargent County",ND,us-nd-081,0.11499272197962
Nonmetropolitan,2013,"Sheridan County",ND,us-nd-083,0.15434985968195
Nonmetropolitan,2013,"Slope County",ND,us-nd-087,0.14260249554367
Nonmetropolitan,2013,"Stark County",ND,us-nd-089,0.10700194334845
Nonmetropolitan,2013,"Steele County",ND,us-nd-091,0.08092892329346
Nonmetropolitan,2013,"Stutsman County",ND,us-nd-093,0.12802363936229
Nonmetropolitan,2013,"Towner County",ND,us-nd-095,0.06785714285714
Nonmetropolitan,2013,"Traill County",ND,us-nd-097,0.09494473636528
Nonmetropolitan,2013,"Walsh County",ND,us-nd-099,0.17006200177148
Nonmetropolitan,2013,"Ward County",ND,us-nd-101,0.07098741898589
Nonmetropolitan,2013,"Wells County",ND,us-nd-103,0.14303521346214
Nonmetropolitan,2013,"Williams County",ND,us-nd-105,0.10497503459063
Nonmetropolitan,2013,"Adams County",NE,us-ne-001,0.09400436767917
Nonmetropolitan,2013,"Antelope County",NE,us-ne-003,0.09090909090909
Nonmetropolitan,2013,"Arthur County",NE,us-ne-005,0.05538461538462
Nonmetropolitan,2013,"Banner County",NE,us-ne-007,0.08747855917667
Nonmetropolitan,2013,"Blaine County",NE,us-ne-009,0.01015228426396
Nonmetropolitan,2013,"Boone County",NE,us-ne-011,0.06995776135164
Nonmetropolitan,2013,"Box Butte County",NE,us-ne-013,0.09601593625498
Nonmetropolitan,2013,"Boyd County",NE,us-ne-015,0.08403908794788
Nonmetropolitan,2013,"Brown County",NE,us-ne-017,0.08784965034965
Nonmetropolitan,2013,"Buffalo County",NE,us-ne-019,0.07699162359651
Nonmetropolitan,2013,"Burt County",NE,us-ne-021,0.08098083659592
Nonmetropolitan,2013,"Butler County",NE,us-ne-023,0.08998096556498
Nonmetropolitan,2013,"Cedar County",NE,us-ne-027,0.0729305740988
Nonmetropolitan,2013,"Chase County",NE,us-ne-029,0.09217081850534
Nonmetropolitan,2013,"Cherry County",NE,us-ne-031,0.07495164410058
Nonmetropolitan,2013,"Cheyenne County",NE,us-ne-033,0.06699322864141
Nonmetropolitan,2013,"Clay County",NE,us-ne-035,0.12698053417836
Nonmetropolitan,2013,"Colfax County",NE,us-ne-037,0.29697525206233
Nonmetropolitan,2013,"Cuming County",NE,us-ne-039,0.11298427621981
Nonmetropolitan,2013,"Custer County",NE,us-ne-041,0.07394781696604
Nonmetropolitan,2013,"Dawes County",NE,us-ne-045,0.06498388829216
Nonmetropolitan,2013,"Dawson County",NE,us-ne-047,0.24197127937337
Nonmetropolitan,2013,"Deuel County",NE,us-ne-049,0.07433380084151
Nonmetropolitan,2013,"Dodge County",NE,us-ne-053,0.13998086277011
Nonmetropolitan,2013,"Dundy County",NE,us-ne-057,0.06326530612245
Nonmetropolitan,2013,"Fillmore County",NE,us-ne-059,0.07508450024143
Nonmetropolitan,2013,"Franklin County",NE,us-ne-061,0.08708708708709
Nonmetropolitan,2013,"Frontier County",NE,us-ne-063,0.05287094940307
Nonmetropolitan,2013,"Furnas County",NE,us-ne-065,0.11085779424337
Nonmetropolitan,2013,"Gage County",NE,us-ne-067,0.09802140771975
Nonmetropolitan,2013,"Garden County",NE,us-ne-069,0.06491002570694
Nonmetropolitan,2013,"Garfield County",NE,us-ne-071,0.05987611837577
Nonmetropolitan,2013,"Gosper County",NE,us-ne-073,0.05676855895197
Nonmetropolitan,2013,"Grant County",NE,us-ne-075,0.06388206388206
Nonmetropolitan,2013,"Greeley County",NE,us-ne-077,0.07282110091743
Nonmetropolitan,2013,"Harlan County",NE,us-ne-083,0.07904984423676
Nonmetropolitan,2013,"Hayes County",NE,us-ne-085,0.11630847029077
Nonmetropolitan,2013,"Hitchcock County",NE,us-ne-087,0.07082152974504
Nonmetropolitan,2013,"Holt County",NE,us-ne-089,0.09896542335965
Nonmetropolitan,2013,"Hooker County",NE,us-ne-091,0.04933586337761
Nonmetropolitan,2013,"Jefferson County",NE,us-ne-095,0.10893445624313
Nonmetropolitan,2013,"Johnson County",NE,us-ne-097,0.1219195849546
Nonmetropolitan,2013,"Kearney County",NE,us-ne-099,0.08706193519947
Nonmetropolitan,2013,"Keith County",NE,us-ne-101,0.08002613098154
Nonmetropolitan,2013,"Keya Paha County",NE,us-ne-103,0.08
Nonmetropolitan,2013,"Kimball County",NE,us-ne-105,0.15192235908921
Nonmetropolitan,2013,"Knox County",NE,us-ne-107,0.10995884773663
Nonmetropolitan,2013,"Lincoln County",NE,us-ne-111,0.08499938672881
Nonmetropolitan,2013,"Logan County",NE,us-ne-113,0.06864564007421
Nonmetropolitan,2013,"Loup County",NE,us-ne-115,0.07038834951456
Nonmetropolitan,2013,"Madison County",NE,us-ne-119,0.12799291878734
Nonmetropolitan,2013,"Mcpherson County",NE,us-ne-117,0.05614035087719
Nonmetropolitan,2013,"Morrill County",NE,us-ne-123,0.12790023201856
Nonmetropolitan,2013,"Nance County",NE,us-ne-125,0.11481056257176
Nonmetropolitan,2013,"Nemaha County",NE,us-ne-127,0.07795242141037
Nonmetropolitan,2013,"Nuckolls County",NE,us-ne-129,0.07008086253369
Nonmetropolitan,2013,"Otoe County",NE,us-ne-131,0.08098330241187
Nonmetropolitan,2013,"Pawnee County",NE,us-ne-133,0.12911143838979
Nonmetropolitan,2013,"Perkins County",NE,us-ne-135,0.09003831417625
Nonmetropolitan,2013,"Phelps County",NE,us-ne-137,0.05801671133533
Nonmetropolitan,2013,"Pierce County",NE,us-ne-139,0.06995716908016
Nonmetropolitan,2013,"Platte County",NE,us-ne-141,0.11398791109419
Nonmetropolitan,2013,"Polk County",NE,us-ne-143,0.06389183457052
Nonmetropolitan,2013,"Red Willow County",NE,us-ne-145,0.06305458456574
Nonmetropolitan,2013,"Richardson County",NE,us-ne-147,0.07601854918847
Nonmetropolitan,2013,"Rock County",NE,us-ne-149,0.08055555555556
Nonmetropolitan,2013,"Saline County",NE,us-ne-151,0.16603859769327
Nonmetropolitan,2013,"Scotts Bluff County",NE,us-ne-157,0.12900085189242
Nonmetropolitan,2013,"Sheridan County",NE,us-ne-161,0.1019305019305
Nonmetropolitan,2013,"Sherman County",NE,us-ne-163,0.0981514084507
Nonmetropolitan,2013,"Sioux County",NE,us-ne-165,0.08836206896552
Nonmetropolitan,2013,"Stanton County",NE,us-ne-167,0.08187853454635
Nonmetropolitan,2013,"Thayer County",NE,us-ne-169,0.08693388859969
Nonmetropolitan,2013,"Thomas County",NE,us-ne-171,0.05482041587902
Nonmetropolitan,2013,"Thurston County",NE,us-ne-173,0.13707745541656
Nonmetropolitan,2013,"Valley County",NE,us-ne-175,0.06105125693764
Nonmetropolitan,2013,"Wayne County",NE,us-ne-179,0.05996540457428
Nonmetropolitan,2013,"Webster County",NE,us-ne-181,0.09013353115727
Nonmetropolitan,2013,"Wheeler County",NE,us-ne-183,0.04841402337229
Nonmetropolitan,2013,"York County",NE,us-ne-185,0.05797101449275
Nonmetropolitan,2013,"Belknap County",NH,us-nh-001,0.09300883939846
Nonmetropolitan,2013,"Carroll County",NH,us-nh-003,0.0800022100058
Nonmetropolitan,2013,"Cheshire County",NH,us-nh-005,0.08499141208484
Nonmetropolitan,2013,"Coos County",NH,us-nh-007,0.14598659473598
Nonmetropolitan,2013,"Grafton County",NH,us-nh-009,0.08400409051923
Nonmetropolitan,2013,"Merrimack County",NH,us-nh-013,0.0790004899559
Nonmetropolitan,2013,"Sullivan County",NH,us-nh-019,0.09901524777637
Nonmetropolitan,2013,"Catron County",NM,us-nm-003,0.12010529779533
Nonmetropolitan,2013,"Chaves County",NM,us-nm-005,0.2230007129336
Nonmetropolitan,2013,"Cibola County",NM,us-nm-006,0.20102091771625
Nonmetropolitan,2013,"Colfax County",NM,us-nm-007,0.13401221995927
Nonmetropolitan,2013,"Curry County",NM,us-nm-009,0.18501344086022
Nonmetropolitan,2013,"De Baca County",NM,us-nm-011,0.19405204460967
Nonmetropolitan,2013,"Eddy County",NM,us-nm-015,0.19098669843161
Nonmetropolitan,2013,"Grant County",NM,us-nm-017,0.16298984034833
Nonmetropolitan,2013,"Guadalupe County",NM,us-nm-019,0.20598317232783
Nonmetropolitan,2013,"Harding County",NM,us-nm-021,0.1024208566108
Nonmetropolitan,2013,"Hidalgo County",NM,us-nm-023,0.22099107417667
Nonmetropolitan,2013,"Lea County",NM,us-nm-025,0.28700161095449
Nonmetropolitan,2013,"Lincoln County",NM,us-nm-027,0.14099712117247
Nonmetropolitan,2013,"Los Alamos County",NM,us-nm-028,0.0299984294016
Nonmetropolitan,2013,"Luna County",NM,us-nm-029,0.31500991571641
Nonmetropolitan,2013,"Mckinley County",NM,us-nm-031,0.26999927691677
Nonmetropolitan,2013,"Mora County",NM,us-nm-033,0.15807462261464
Nonmetropolitan,2013,"Otero County",NM,us-nm-035,0.16298954670264
Nonmetropolitan,2013,"Quay County",NM,us-nm-037,0.18506545983514
Nonmetropolitan,2013,"Rio Arriba County",NM,us-nm-039,0.20801100862838
Nonmetropolitan,2013,"Roosevelt County",NM,us-nm-041,0.19604030404808
Nonmetropolitan,2013,"San Miguel County",NM,us-nm-047,0.16100789004836
Nonmetropolitan,2013,"Sierra County",NM,us-nm-051,0.16003838362299
Nonmetropolitan,2013,"Socorro County",NM,us-nm-053,0.21301775147929
Nonmetropolitan,2013,"Taos County",NM,us-nm-055,0.12501557503011
Nonmetropolitan,2013,"Union County",NM,us-nm-059,0.22690955576862
Nonmetropolitan,2013,"Churchill County",NV,us-nv-001,0.10701582239666
Nonmetropolitan,2013,"Douglas County",NV,us-nv-005,0.07299123185281
Nonmetropolitan,2013,"Elko County",NV,us-nv-007,0.16798675582679
Nonmetropolitan,2013,"Esmeralda County",NV,us-nv-009,0.16734143049933
Nonmetropolitan,2013,"Eureka County",NV,us-nv-011,0.10773026315789
Nonmetropolitan,2013,"Humboldt County",NV,us-nv-013,0.17098880597015
Nonmetropolitan,2013,"Lander County",NV,us-nv-015,0.18896777717094
Nonmetropolitan,2013,"Lincoln County",NV,us-nv-017,0.17314062029509
Nonmetropolitan,2013,"Lyon County",NV,us-nv-019,0.15700360604012
Nonmetropolitan,2013,"Mineral County",NV,us-nv-021,0.11803000283046
Nonmetropolitan,2013,"Nye County",NV,us-nv-023,0.16701559228822
Nonmetropolitan,2013,"Pershing County",NV,us-nv-027,0.21099820681411
Nonmetropolitan,2013,"White Pine County",NV,us-nv-033,0.14002029279606
Nonmetropolitan,2013,"Allegany County",NY,us-ny-003,0.11700631317261
Nonmetropolitan,2013,"Cattaraugus County",NY,us-ny-009,0.12600511184493
Nonmetropolitan,2013,"Cayuga County",NY,us-ny-011,0.13700080768195
Nonmetropolitan,2013,"Chautauqua County",NY,us-ny-013,0.12599629748695
Nonmetropolitan,2013,"Chenango County",NY,us-ny-017,0.13299524202969
Nonmetropolitan,2013,"Clinton County",NY,us-ny-019,0.15499125921387
Nonmetropolitan,2013,"Columbia County",NY,us-ny-021,0.12900595106899
Nonmetropolitan,2013,"Cortland County",NY,us-ny-023,0.09899295728296
Nonmetropolitan,2013,"Delaware County",NY,us-ny-025,0.13300551333631
Nonmetropolitan,2013,"Essex County",NY,us-ny-031,0.12599813336099
Nonmetropolitan,2013,"Franklin County",NY,us-ny-033,0.16399034861469
Nonmetropolitan,2013,"Fulton County",NY,us-ny-035,0.14599273514182
Nonmetropolitan,2013,"Genesee County",NY,us-ny-037,0.09600714561607
Nonmetropolitan,2013,"Greene County",NY,us-ny-039,0.1360121001113
Nonmetropolitan,2013,"Hamilton County",NY,us-ny-041,0.09989287627209
Nonmetropolitan,2013,"Lewis County",NY,us-ny-049,0.12398584263545
Nonmetropolitan,2013,"Montgomery County",NY,us-ny-057,0.16698757220375
Nonmetropolitan,2013,"Otsego County",NY,us-ny-077,0.10399840958227
Nonmetropolitan,2013,"Schuyler County",NY,us-ny-097,0.10903568716781
Nonmetropolitan,2013,"Seneca County",NY,us-ny-099,0.15299995970504
Nonmetropolitan,2013,"St. Lawrence County",NY,us-ny-089,0.128996183793
Nonmetropolitan,2013,"Steuben County",NY,us-ny-101,0.11800278204847
Nonmetropolitan,2013,"Sullivan County",NY,us-ny-105,0.15499410917659
Nonmetropolitan,2013,"Wyoming County",NY,us-ny-121,0.13699723876376
Nonmetropolitan,2013,"Adams County",OH,us-oh-001,0.23300767984954
Nonmetropolitan,2013,"Ashland County",OH,us-oh-005,0.1289862513549
Nonmetropolitan,2013,"Ashtabula County",OH,us-oh-007,0.14799982713666
Nonmetropolitan,2013,"Athens County",OH,us-oh-009,0.10700696598958
Nonmetropolitan,2013,"Auglaize County",OH,us-oh-011,0.08599754569528
Nonmetropolitan,2013,"Champaign County",OH,us-oh-021,0.12601489130841
Nonmetropolitan,2013,"Clinton County",OH,us-oh-027,0.12299793918797
Nonmetropolitan,2013,"Columbiana County",OH,us-oh-029,0.13499644746191
Nonmetropolitan,2013,"Coshocton County",OH,us-oh-031,0.14998807725936
Nonmetropolitan,2013,"Crawford County",OH,us-oh-033,0.13201462765957
Nonmetropolitan,2013,"Darke County",OH,us-oh-037,0.13100412191908
Nonmetropolitan,2013,"Defiance County",OH,us-oh-039,0.11599907385969
Nonmetropolitan,2013,"Erie County",OH,us-oh-043,0.10799335425512
Nonmetropolitan,2013,"Fayette County",OH,us-oh-047,0.16598840166853
Nonmetropolitan,2013,"Gallia County",OH,us-oh-053,0.1869918699187
Nonmetropolitan,2013,"Guernsey County",OH,us-oh-059,0.15100548446069
Nonmetropolitan,2013,"Hancock County",OH,us-oh-063,0.08199664831219
Nonmetropolitan,2013,"Hardin County",OH,us-oh-065,0.13200350497397
Nonmetropolitan,2013,"Harrison County",OH,us-oh-067,0.14297131693455
Nonmetropolitan,2013,"Henry County",OH,us-oh-069,0.09700510553187
Nonmetropolitan,2013,"Highland County",OH,us-oh-071,0.17898391310326
Nonmetropolitan,2013,"Holmes County",OH,us-oh-075,0.44801032301032
Nonmetropolitan,2013,"Huron County",OH,us-oh-077,0.12299627744435
Nonmetropolitan,2013,"Jackson County",OH,us-oh-079,0.18499033229911
Nonmetropolitan,2013,"Knox County",OH,us-oh-083,0.11900035628849
Nonmetropolitan,2013,"Logan County",OH,us-oh-091,0.13900617083469
Nonmetropolitan,2013,"Marion County",OH,us-oh-101,0.14500888561397
Nonmetropolitan,2013,"Meigs County",OH,us-oh-105,0.1660091047041
Nonmetropolitan,2013,"Mercer County",OH,us-oh-107,0.09198802085259
Nonmetropolitan,2013,"Monroe County",OH,us-oh-111,0.1350014270764
Nonmetropolitan,2013,"Morgan County",OH,us-oh-115,0.14404432132964
Nonmetropolitan,2013,"Muskingum County",OH,us-oh-119,0.12900702315555
Nonmetropolitan,2013,"Noble County",OH,us-oh-121,0.1990215083541
Nonmetropolitan,2013,"Ottawa County",OH,us-oh-123,0.08600231366716
Nonmetropolitan,2013,"Paulding County",OH,us-oh-125,0.1139635865011
Nonmetropolitan,2013,"Pike County",OH,us-oh-131,0.22498830622109
Nonmetropolitan,2013,"Preble County",OH,us-oh-135,0.12200807124965
Nonmetropolitan,2013,"Putnam County",OH,us-oh-137,0.08099057019477
Nonmetropolitan,2013,"Ross County",OH,us-oh-141,0.158998895841
Nonmetropolitan,2013,"Sandusky County",OH,us-oh-143,0.11400959162912
Nonmetropolitan,2013,"Scioto County",OH,us-oh-145,0.18799580901063
Nonmetropolitan,2013,"Seneca County",OH,us-oh-147,0.10599661026069
Nonmetropolitan,2013,"Shelby County",OH,us-oh-149,0.11800297877622
Nonmetropolitan,2013,"Tuscarawas County",OH,us-oh-157,0.13300422909428
Nonmetropolitan,2013,"Van Wert County",OH,us-oh-161,0.09198234267529
Nonmetropolitan,2013,"Vinton County",OH,us-oh-163,0.19701822197681
Nonmetropolitan,2013,"Washington County",OH,us-oh-167,0.11200590719247
Nonmetropolitan,2013,"Wayne County",OH,us-oh-169,0.14000322867059
Nonmetropolitan,2013,"Williams County",OH,us-oh-171,0.10701761146865
Nonmetropolitan,2013,"Wyandot County",OH,us-oh-175,0.10401601239669
Nonmetropolitan,2013,"Adair County",OK,us-ok-001,0.22500348626412
Nonmetropolitan,2013,"Alfalfa County",OK,us-ok-003,0.13911430558776
Nonmetropolitan,2013,"Atoka County",OK,us-ok-005,0.16904489115717
Nonmetropolitan,2013,"Beaver County",OK,us-ok-007,0.16188959660297
Nonmetropolitan,2013,"Beckham County",OK,us-ok-009,0.17998927038627
Nonmetropolitan,2013,"Blaine County",OK,us-ok-011,0.17296918767507
Nonmetropolitan,2013,"Bryan County",OK,us-ok-013,0.17001594896332
Nonmetropolitan,2013,"Caddo County",OK,us-ok-015,0.16800737818312
Nonmetropolitan,2013,"Carter County",OK,us-ok-019,0.14198540513337
Nonmetropolitan,2013,"Cherokee County",OK,us-ok-021,0.14900583199754
Nonmetropolitan,2013,"Choctaw County",OK,us-ok-023,0.19498389772616
Nonmetropolitan,2013,"Cimarron County",OK,us-ok-025,0.1831566548881
Nonmetropolitan,2013,"Coal County",OK,us-ok-029,0.19308064105825
Nonmetropolitan,2013,"Craig County",OK,us-ok-035,0.1689718541445
Nonmetropolitan,2013,"Custer County",OK,us-ok-039,0.14899661508704
Nonmetropolitan,2013,"Delaware County",OK,us-ok-041,0.15399590163934
Nonmetropolitan,2013,"Dewey County",OK,us-ok-043,0.12591240875912
Nonmetropolitan,2013,"Ellis County",OK,us-ok-045,0.11701760441836
Nonmetropolitan,2013,"Garfield County",OK,us-ok-047,0.14201227728702
Nonmetropolitan,2013,"Garvin County",OK,us-ok-049,0.16698118294064
Nonmetropolitan,2013,"Grant County",OK,us-ok-053,0.099121706399
Nonmetropolitan,2013,"Greer County",OK,us-ok-055,0.20506499327656
Nonmetropolitan,2013,"Harmon County",OK,us-ok-057,0.24620220010477
Nonmetropolitan,2013,"Harper County",OK,us-ok-059,0.14511041009464
Nonmetropolitan,2013,"Haskell County",OK,us-ok-061,0.2210098665119
Nonmetropolitan,2013,"Hughes County",OK,us-ok-063,0.22699197035207
Nonmetropolitan,2013,"Jackson County",OK,us-ok-065,0.15901807848117
Nonmetropolitan,2013,"Jefferson County",OK,us-ok-067,0.18507598094806
Nonmetropolitan,2013,"Johnston County",OK,us-ok-069,0.19202403714832
Nonmetropolitan,2013,"Kay County",OK,us-ok-071,0.13698854874167
Nonmetropolitan,2013,"Kingfisher County",OK,us-ok-073,0.13698353369027
Nonmetropolitan,2013,"Kiowa County",OK,us-ok-075,0.1399938328708
Nonmetropolitan,2013,"Latimer County",OK,us-ok-077,0.15997793407806
Nonmetropolitan,2013,"Love County",OK,us-ok-085,0.16607059555279
Nonmetropolitan,2013,"Major County",OK,us-ok-093,0.12599771949829
Nonmetropolitan,2013,"Marshall County",OK,us-ok-095,0.20701046063498
Nonmetropolitan,2013,"Mayes County",OK,us-ok-097,0.1569927124913
Nonmetropolitan,2013,"Mccurtain County",OK,us-ok-089,0.19202213511644
Nonmetropolitan,2013,"Mcintosh County",OK,us-ok-091,0.1859785121719
Nonmetropolitan,2013,"Murray County",OK,us-ok-099,0.17205002718869
Nonmetropolitan,2013,"Muskogee County",OK,us-ok-101,0.151999142459
Nonmetropolitan,2013,"Noble County",OK,us-ok-103,0.12705283259071
Nonmetropolitan,2013,"Nowata County",OK,us-ok-105,0.1579381443299
Nonmetropolitan,2013,"Okfuskee County",OK,us-ok-107,0.19902101241643
Nonmetropolitan,2013,"Ottawa County",OK,us-ok-115,0.16397977678146
Nonmetropolitan,2013,"Payne County",OK,us-ok-119,0.09999520061432
Nonmetropolitan,2013,"Pittsburg County",OK,us-ok-121,0.16600566572238
Nonmetropolitan,2013,"Pontotoc County",OK,us-ok-123,0.13300328659983
Nonmetropolitan,2013,"Pottawatomie County",OK,us-ok-125,0.13900814860247
Nonmetropolitan,2013,"Pushmataha County",OK,us-ok-127,0.19193810058655
Nonmetropolitan,2013,"Roger Mills County",OK,us-ok-129,0.08699090549624
Nonmetropolitan,2013,"Seminole County",OK,us-ok-133,0.17698955707598
Nonmetropolitan,2013,"Stephens County",OK,us-ok-137,0.14499003561044
Nonmetropolitan,2013,"Texas County",OK,us-ok-139,0.2899984298948
Nonmetropolitan,2013,"Tillman County",OK,us-ok-141,0.22705406965557
Nonmetropolitan,2013,"Washington County",OK,us-ok-147,0.10601333753113
Nonmetropolitan,2013,"Washita County",OK,us-ok-149,0.15005816207832
Nonmetropolitan,2013,"Woods County",OK,us-ok-151,0.11208437611727
Nonmetropolitan,2013,"Woodward County",OK,us-ok-153,0.1470286133529
Nonmetropolitan,2013,"Baker County",OR,us-or-001,0.10602327754651
Nonmetropolitan,2013,"Clatsop County",OR,us-or-007,0.08498829570339
Nonmetropolitan,2013,"Coos County",OR,us-or-011,0.1200104074066
Nonmetropolitan,2013,"Crook County",OR,us-or-013,0.15198584349194
Nonmetropolitan,2013,"Curry County",OR,us-or-015,0.0869788399019
Nonmetropolitan,2013,"Douglas County",OR,us-or-019,0.12300050188529
Nonmetropolitan,2013,"Gilliam County",OR,us-or-021,0.08988764044944
Nonmetropolitan,2013,"Grant County",OR,us-or-023,0.10506329113924
Nonmetropolitan,2013,"Harney County",OR,us-or-025,0.1219418223849
Nonmetropolitan,2013,"Hood River County",OR,us-or-027,0.1589932885906
Nonmetropolitan,2013,"Jefferson County",OR,us-or-031,0.15298008584899
Nonmetropolitan,2013,"Klamath County",OR,us-or-035,0.12200268137761
Nonmetropolitan,2013,"Lake County",OR,us-or-037,0.16297173802674
Nonmetropolitan,2013,"Lincoln County",OR,us-or-041,0.10099974365547
Nonmetropolitan,2013,"Malheur County",OR,us-or-045,0.19599363753852
Nonmetropolitan,2013,"Morrow County",OR,us-or-049,0.24606520517144
Nonmetropolitan,2013,"Sherman County",OR,us-or-055,0.07589285714286
Nonmetropolitan,2013,"Tillamook County",OR,us-or-057,0.11897895973513
Nonmetropolitan,2013,"Umatilla County",OR,us-or-059,0.18100859903184
Nonmetropolitan,2013,"Union County",OR,us-or-061,0.09402208847075
Nonmetropolitan,2013,"Wallowa County",OR,us-or-063,0.06603235014272
Nonmetropolitan,2013,"Wasco County",OR,us-or-065,0.14801258221333
Nonmetropolitan,2013,"Wheeler County",OR,us-or-069,0.1151284490961
Nonmetropolitan,2013,"Bedford County",PA,us-pa-009,0.14799345261613
Nonmetropolitan,2013,"Bradford County",PA,us-pa-015,0.12699715099715
Nonmetropolitan,2013,"Cameron County",PA,us-pa-023,0.13605987703823
Nonmetropolitan,2013,"Clarion County",PA,us-pa-031,0.12100483091787
Nonmetropolitan,2013,"Clearfield County",PA,us-pa-033,0.13000645446207
Nonmetropolitan,2013,"Clinton County",PA,us-pa-035,0.13800416133163
Nonmetropolitan,2013,"Crawford County",PA,us-pa-039,0.1309951440165
Nonmetropolitan,2013,"Elk County",PA,us-pa-047,0.09501524193895
Nonmetropolitan,2013,"Forest County",PA,us-pa-053,0.18293503870751
Nonmetropolitan,2013,"Fulton County",PA,us-pa-057,0.1510196229319
Nonmetropolitan,2013,"Greene County",PA,us-pa-059,0.14901150781942
Nonmetropolitan,2013,"Huntingdon County",PA,us-pa-061,0.12301182865437
Nonmetropolitan,2013,"Indiana County",PA,us-pa-063,0.12100521406023
Nonmetropolitan,2013,"Jefferson County",PA,us-pa-065,0.12399671364469
Nonmetropolitan,2013,"Juniata County",PA,us-pa-067,0.17102402914047
Nonmetropolitan,2013,"Lawrence County",PA,us-pa-073,0.11699351511837
Nonmetropolitan,2013,"Mckean County",PA,us-pa-083,0.10698625168969
Nonmetropolitan,2013,"Mifflin County",PA,us-pa-087,0.18601437258154
Nonmetropolitan,2013,"Northumberland County",PA,us-pa-097,0.14700355286725
Nonmetropolitan,2013,"Potter County",PA,us-pa-105,0.11601717572713
Nonmetropolitan,2013,"Schuylkill County",PA,us-pa-107,0.1359961959106
Nonmetropolitan,2013,"Snyder County",PA,us-pa-109,0.17401508156356
Nonmetropolitan,2013,"Somerset County",PA,us-pa-111,0.14399873268442
Nonmetropolitan,2013,"Sullivan County",PA,us-pa-113,0.1259244042728
Nonmetropolitan,2013,"Susquehanna County",PA,us-pa-115,0.10998707175178
Nonmetropolitan,2013,"Tioga County",PA,us-pa-117,0.11600151771239
Nonmetropolitan,2013,"Union County",PA,us-pa-119,0.15198896298
Nonmetropolitan,2013,"Venango County",PA,us-pa-121,0.11200553746763
Nonmetropolitan,2013,"Warren County",PA,us-pa-123,0.104
Nonmetropolitan,2013,"Wayne County",PA,us-pa-127,0.12299271957453
Nonmetropolitan,2013,"Abbeville County",SC,us-sc-001,0.23197787324192
Nonmetropolitan,2013,"Allendale County",SC,us-sc-005,0.28105039034776
Nonmetropolitan,2013,"Bamberg County",SC,us-sc-009,0.2449740119643
Nonmetropolitan,2013,"Barnwell County",SC,us-sc-011,0.20301632119
Nonmetropolitan,2013,"Cherokee County",SC,us-sc-021,0.24999314486276
Nonmetropolitan,2013,"Chesterfield County",SC,us-sc-025,0.25000802027526
Nonmetropolitan,2013,"Clarendon County",SC,us-sc-027,0.22302066502254
Nonmetropolitan,2013,"Colleton County",SC,us-sc-029,0.21200138211694
Nonmetropolitan,2013,"Dillon County",SC,us-sc-033,0.2939995101641
Nonmetropolitan,2013,"Georgetown County",SC,us-sc-043,0.15500901483981
Nonmetropolitan,2013,"Greenwood County",SC,us-sc-047,0.19500752798446
Nonmetropolitan,2013,"Hampton County",SC,us-sc-049,0.24199743918054
Nonmetropolitan,2013,"Lee County",SC,us-sc-061,0.27302062017944
Nonmetropolitan,2013,"Marion County",SC,us-sc-067,0.18200018200018
Nonmetropolitan,2013,"Marlboro County",SC,us-sc-069,0.30200670569984
Nonmetropolitan,2013,"Mccormick County",SC,us-sc-065,0.21201674464418
Nonmetropolitan,2013,"Newberry County",SC,us-sc-071,0.23101917895071
Nonmetropolitan,2013,"Oconee County",SC,us-sc-073,0.16900444748546
Nonmetropolitan,2013,"Orangeburg County",SC,us-sc-075,0.20699366345928
Nonmetropolitan,2013,"Williamsburg County",SC,us-sc-089,0.224
Nonmetropolitan,2013,"Aurora County",SD,us-sd-003,0.11176470588235
Nonmetropolitan,2013,"Beadle County",SD,us-sd-005,0.16599394550959
Nonmetropolitan,2013,"Bennett County",SD,us-sd-007,0.23189189189189
Nonmetropolitan,2013,"Bon Homme County",SD,us-sd-009,0.11408866995074
Nonmetropolitan,2013,"Brookings County",SD,us-sd-011,0.06400525906891
Nonmetropolitan,2013,"Brown County",SD,us-sd-013,0.07900428483983
Nonmetropolitan,2013,"Brule County",SD,us-sd-015,0.12691771269177
Nonmetropolitan,2013,"Buffalo County",SD,us-sd-017,0.21823770491803
Nonmetropolitan,2013,"Butte County",SD,us-sd-019,0.12995498765791
Nonmetropolitan,2013,"Campbell County",SD,us-sd-021,0.15191053122088
Nonmetropolitan,2013,"Charles Mix County",SD,us-sd-023,0.13903836139559
Nonmetropolitan,2013,"Clark County",SD,us-sd-025,0.11911249513429
Nonmetropolitan,2013,"Clay County",SD,us-sd-027,0.05399659863946
Nonmetropolitan,2013,"Codington County",SD,us-sd-029,0.09302453818583
Nonmetropolitan,2013,"Corson County",SD,us-sd-031,0.16978667827601
Nonmetropolitan,2013,"Davison County",SD,us-sd-035,0.09803012746234
Nonmetropolitan,2013,"Day County",SD,us-sd-037,0.12698801076584
Nonmetropolitan,2013,"Deuel County",SD,us-sd-039,0.1218872870249
Nonmetropolitan,2013,"Dewey County",SD,us-sd-041,0.18002672010688
Nonmetropolitan,2013,"Douglas County",SD,us-sd-043,0.19297423887588
Nonmetropolitan,2013,"Edmunds County",SD,us-sd-045,0.12305565157276
Nonmetropolitan,2013,"Fall River County",SD,us-sd-047,0.08997381219603
Nonmetropolitan,2013,"Faulk County",SD,us-sd-049,0.09716088328076
Nonmetropolitan,2013,"Grant County",SD,us-sd-051,0.12298940761083
Nonmetropolitan,2013,"Gregory County",SD,us-sd-053,0.13491547464239
Nonmetropolitan,2013,"Haakon County",SD,us-sd-055,0.0641940085592
Nonmetropolitan,2013,"Hamlin County",SD,us-sd-057,0.10907599781301
Nonmetropolitan,2013,"Hand County",SD,us-sd-059,0.11895321173672
Nonmetropolitan,2013,"Hanson County",SD,us-sd-061,0.09990347490347
Nonmetropolitan,2013,"Harding County",SD,us-sd-063,0.08086560364465
Nonmetropolitan,2013,"Hughes County",SD,us-sd-065,0.07602339181287
Nonmetropolitan,2013,"Hutchinson County",SD,us-sd-067,0.1610218695568
Nonmetropolitan,2013,"Hyde County",SD,us-sd-069,0.10280373831776
Nonmetropolitan,2013,"Jackson County",SD,us-sd-071,0.09902597402597
Nonmetropolitan,2013,"Jerauld County",SD,us-sd-073,0.15301286391334
Nonmetropolitan,2013,"Jones County",SD,us-sd-075,0.07747489239598
Nonmetropolitan,2013,"Kingsbury County",SD,us-sd-077,0.08409703504043
Nonmetropolitan,2013,"Lake County",SD,us-sd-079,0.06693791836199
Nonmetropolitan,2013,"Lawrence County",SD,us-sd-081,0.06699676019317
Nonmetropolitan,2013,"Lyman County",SD,us-sd-085,0.11514129059469
Nonmetropolitan,2013,"Marshall County",SD,us-sd-091,0.1040999359385
Nonmetropolitan,2013,"Mcpherson County",SD,us-sd-089,0.23119469026549
Nonmetropolitan,2013,"Mellette County",SD,us-sd-095,0.13873295910184
Nonmetropolitan,2013,"Miner County",SD,us-sd-097,0.08591885441527
Nonmetropolitan,2013,"Moody County",SD,us-sd-101,0.0949603359776
Nonmetropolitan,2013,"Perkins County",SD,us-sd-105,0.13822222222222
Nonmetropolitan,2013,"Potter County",SD,us-sd-107,0.11818181818182
Nonmetropolitan,2013,"Roberts County",SD,us-sd-109,0.1230274245442
Nonmetropolitan,2013,"Sanborn County",SD,us-sd-111,0.11799761620977
Nonmetropolitan,2013,"Shannon County",SD,us-sd-102,0.21201729536305
Nonmetropolitan,2013,"Spink County",SD,us-sd-115,0.12092815707274
Nonmetropolitan,2013,"Stanley County",SD,us-sd-117,0.1011396011396
Nonmetropolitan,2013,"Sully County",SD,us-sd-119,0.09218436873747
Nonmetropolitan,2013,"Todd County",SD,us-sd-121,0.22395056467079
Nonmetropolitan,2013,"Tripp County",SD,us-sd-123,0.13807740324594
Nonmetropolitan,2013,"Walworth County",SD,us-sd-129,0.12109181141439
Nonmetropolitan,2013,"Yankton County",SD,us-sd-135,0.09001969379328
Nonmetropolitan,2013,"Ziebach County",SD,us-sd-137,0.17534246575342
Nonmetropolitan,2013,"Bedford County",TN,us-tn-003,0.22398775093569
Nonmetropolitan,2013,"Benton County",TN,us-tn-005,0.21503235440518
Nonmetropolitan,2013,"Bledsoe County",TN,us-tn-007,0.2449864498645
Nonmetropolitan,2013,"Carroll County",TN,us-tn-017,0.2150179395182
Nonmetropolitan,2013,"Claiborne County",TN,us-tn-025,0.25500804864962
Nonmetropolitan,2013,"Clay County",TN,us-tn-027,0.27691483663631
Nonmetropolitan,2013,"Cocke County",TN,us-tn-029,0.23301237964237
Nonmetropolitan,2013,"Coffee County",TN,us-tn-031,0.17600959393128
Nonmetropolitan,2013,"Cumberland County",TN,us-tn-035,0.19000687057263
Nonmetropolitan,2013,"Decatur County",TN,us-tn-039,0.21200907246031
Nonmetropolitan,2013,"Dekalb County",TN,us-tn-041,0.24396412968499
Nonmetropolitan,2013,"Dyer County",TN,us-tn-045,0.16399890952993
Nonmetropolitan,2013,"Fentress County",TN,us-tn-049,0.2759636827015
Nonmetropolitan,2013,"Franklin County",TN,us-tn-051,0.20000722178089
Nonmetropolitan,2013,"Gibson County",TN,us-tn-053,0.17301233467083
Nonmetropolitan,2013,"Giles County",TN,us-tn-055,0.19701448418563
Nonmetropolitan,2013,"Greene County",TN,us-tn-059,0.19899518096996
Nonmetropolitan,2013,"Grundy County",TN,us-tn-061,0.29497688104245
Nonmetropolitan,2013,"Hancock County",TN,us-tn-067,0.2740464344942
Nonmetropolitan,2013,"Hardeman County",TN,us-tn-069,0.25202429149798
Nonmetropolitan,2013,"Hardin County",TN,us-tn-071,0.23500352858151
Nonmetropolitan,2013,"Haywood County",TN,us-tn-075,0.2410016909574
Nonmetropolitan,2013,"Henderson County",TN,us-tn-077,0.19101890756303
Nonmetropolitan,2013,"Henry County",TN,us-tn-079,0.1759854141344
Nonmetropolitan,2013,"Houston County",TN,us-tn-083,0.19596342936001
Nonmetropolitan,2013,"Humphreys County",TN,us-tn-085,0.15798908807482
Nonmetropolitan,2013,"Jackson County",TN,us-tn-087,0.25298187022901
Nonmetropolitan,2013,"Johnson County",TN,us-tn-091,0.27298402081011
Nonmetropolitan,2013,"Lake County",TN,us-tn-095,0.29395267309378
Nonmetropolitan,2013,"Lauderdale County",TN,us-tn-097,0.25501463731974
Nonmetropolitan,2013,"Lawrence County",TN,us-tn-099,0.20999714774672
Nonmetropolitan,2013,"Lewis County",TN,us-tn-101,0.22302591922845
Nonmetropolitan,2013,"Lincoln County",TN,us-tn-103,0.19601010540988
Nonmetropolitan,2013,"Marshall County",TN,us-tn-117,0.19500120163422
Nonmetropolitan,2013,"Mcminn County",TN,us-tn-107,0.19801351910608
Nonmetropolitan,2013,"Mcnairy County",TN,us-tn-109,0.22102068965517
Nonmetropolitan,2013,"Meigs County",TN,us-tn-121,0.25896320677089
Nonmetropolitan,2013,"Monroe County",TN,us-tn-123,0.22299830188075
Nonmetropolitan,2013,"Moore County",TN,us-tn-127,0.16907997326799
Nonmetropolitan,2013,"Obion County",TN,us-tn-131,0.20301163586585
Nonmetropolitan,2013,"Overton County",TN,us-tn-133,0.24398715512157
Nonmetropolitan,2013,"Perry County",TN,us-tn-135,0.21603039623666
Nonmetropolitan,2013,"Pickett County",TN,us-tn-137,0.21003963011889
Nonmetropolitan,2013,"Putnam County",TN,us-tn-141,0.17000930313061
Nonmetropolitan,2013,"Rhea County",TN,us-tn-143,0.23198030837823
Nonmetropolitan,2013,"Scott County",TN,us-tn-151,0.25001691589417
Nonmetropolitan,2013,"Sevier County",TN,us-tn-155,0.1769969960524
Nonmetropolitan,2013,"Stewart County",TN,us-tn-161,0.15602913993694
Nonmetropolitan,2013,"Van Buren County",TN,us-tn-175,0.20505200594354
Nonmetropolitan,2013,"Warren County",TN,us-tn-177,0.23498213693787
Nonmetropolitan,2013,"Wayne County",TN,us-tn-181,0.24301494476933
Nonmetropolitan,2013,"Weakley County",TN,us-tn-183,0.16200913242009
Nonmetropolitan,2013,"White County",TN,us-tn-185,0.22002102816668
Nonmetropolitan,2013,"Anderson County",TX,us-tx-001,0.21099282239029
Nonmetropolitan,2013,"Andrews County",TX,us-tx-003,0.26394804088586
Nonmetropolitan,2013,"Angelina County",TX,us-tx-005,0.21799283154122
Nonmetropolitan,2013,"Bailey County",TX,us-tx-017,0.34604176784847
Nonmetropolitan,2013,"Baylor County",TX,us-tx-023,0.1640878013674
Nonmetropolitan,2013,"Bee County",TX,us-tx-025,0.29199466003775
Nonmetropolitan,2013,"Blanco County",TX,us-tx-031,0.13000913718836
Nonmetropolitan,2013,"Borden County",TX,us-tx-033,0.07857142857143
Nonmetropolitan,2013,"Bosque County",TX,us-tx-035,0.17996882307093
Nonmetropolitan,2013,"Brewster County",TX,us-tx-043,0.15194015895278
Nonmetropolitan,2013,"Briscoe County",TX,us-tx-045,0.24080560420315
Nonmetropolitan,2013,"Brooks County",TX,us-tx-047,0.36796051155486
Nonmetropolitan,2013,"Brown County",TX,us-tx-049,0.14898553004089
Nonmetropolitan,2013,"Burnet County",TX,us-tx-053,0.15799047493055
Nonmetropolitan,2013,"Calhoun County",TX,us-tx-057,0.22500890630566
Nonmetropolitan,2013,"Camp County",TX,us-tx-063,0.23699067255768
Nonmetropolitan,2013,"Cass County",TX,us-tx-067,0.15701075674656
Nonmetropolitan,2013,"Castro County",TX,us-tx-069,0.31797426317974
Nonmetropolitan,2013,"Cherokee County",TX,us-tx-073,0.23300173405129
Nonmetropolitan,2013,"Childress County",TX,us-tx-075,0.11600831600832
Nonmetropolitan,2013,"Cochran County",TX,us-tx-079,0.33901011176158
Nonmetropolitan,2013,"Coke County",TX,us-tx-081,0.1448132780083
Nonmetropolitan,2013,"Coleman County",TX,us-tx-083,0.17698372756249
Nonmetropolitan,2013,"Collingsworth County",TX,us-tx-087,0.20889748549323
Nonmetropolitan,2013,"Colorado County",TX,us-tx-089,0.17798497077651
Nonmetropolitan,2013,"Comanche County",TX,us-tx-093,0.24098169893156
Nonmetropolitan,2013,"Concho County",TX,us-tx-095,0.2870899789347
Nonmetropolitan,2013,"Cooke County",TX,us-tx-097,0.16198789022568
Nonmetropolitan,2013,"Cottle County",TX,us-tx-101,0.23784261715296
Nonmetropolitan,2013,"Crane County",TX,us-tx-103,0.31116732923744
Nonmetropolitan,2013,"Crockett County",TX,us-tx-105,0.35717031910804
Nonmetropolitan,2013,"Culberson County",TX,us-tx-109,0.2982689747004
Nonmetropolitan,2013,"Dallam County",TX,us-tx-111,0.27693832053505
Nonmetropolitan,2013,"Dawson County",TX,us-tx-115,0.31505316172356
Nonmetropolitan,2013,"Deaf Smith County",TX,us-tx-117,0.30399568034557
Nonmetropolitan,2013,"Delta County",TX,us-tx-119,0.14612627515853
Nonmetropolitan,2013,"Dewitt County",TX,us-tx-123,0.2320193637621
Nonmetropolitan,2013,"Dickens County",TX,us-tx-125,0.22704225352113
Nonmetropolitan,2013,"Dimmit County",TX,us-tx-127,0.38505372842722
Nonmetropolitan,2013,"Donley County",TX,us-tx-129,0.14096734187681
Nonmetropolitan,2013,"Duval County",TX,us-tx-131,0.34005305039788
Nonmetropolitan,2013,"Eastland County",TX,us-tx-133,0.18003220611916
Nonmetropolitan,2013,"Edwards County",TX,us-tx-137,0.31067301155676
Nonmetropolitan,2013,"Erath County",TX,us-tx-143,0.18102091297504
Nonmetropolitan,2013,"Fannin County",TX,us-tx-147,0.17599354619565
Nonmetropolitan,2013,"Fayette County",TX,us-tx-149,0.19801365611421
Nonmetropolitan,2013,"Fisher County",TX,us-tx-151,0.19184741959611
Nonmetropolitan,2013,"Floyd County",TX,us-tx-153,0.2530179847253
Nonmetropolitan,2013,"Foard County",TX,us-tx-155,0.21959858323495
Nonmetropolitan,2013,"Franklin County",TX,us-tx-159,0.16498827424472
Nonmetropolitan,2013,"Freestone County",TX,us-tx-161,0.2119929967902
Nonmetropolitan,2013,"Frio County",TX,us-tx-163,0.36097114063216
Nonmetropolitan,2013,"Gaines County",TX,us-tx-165,0.40602481985588
Nonmetropolitan,2013,"Garza County",TX,us-tx-169,0.37701441899915
Nonmetropolitan,2013,"Gillespie County",TX,us-tx-171,0.13501903208265
Nonmetropolitan,2013,"Glasscock County",TX,us-tx-173,0.22121604139715
Nonmetropolitan,2013,"Gonzales County",TX,us-tx-177,0.30701961711179
Nonmetropolitan,2013,"Gray County",TX,us-tx-179,0.19803085001641
Nonmetropolitan,2013,"Grimes County",TX,us-tx-185,0.21502169197397
Nonmetropolitan,2013,"Hale County",TX,us-tx-189,0.29801416469935
Nonmetropolitan,2013,"Hall County",TX,us-tx-191,0.28213309024613
Nonmetropolitan,2013,"Hamilton County",TX,us-tx-193,0.18199966727666
Nonmetropolitan,2013,"Hansford County",TX,us-tx-195,0.23606653049314
Nonmetropolitan,2013,"Hardeman County",TX,us-tx-197,0.19883840109327
Nonmetropolitan,2013,"Harrison County",TX,us-tx-203,0.15400018627177
Nonmetropolitan,2013,"Hartley County",TX,us-tx-205,0.19105332745703
Nonmetropolitan,2013,"Haskell County",TX,us-tx-207,0.25704730052556
Nonmetropolitan,2013,"Hemphill County",TX,us-tx-211,0.20685579196217
Nonmetropolitan,2013,"Henderson County",TX,us-tx-213,0.19299242771493
Nonmetropolitan,2013,"Hill County",TX,us-tx-217,0.21299106390153
Nonmetropolitan,2013,"Hockley County",TX,us-tx-219,0.22698947066829
Nonmetropolitan,2013,"Hopkins County",TX,us-tx-223,0.19801092709578
Nonmetropolitan,2013,"Houston County",TX,us-tx-225,0.19402013025459
Nonmetropolitan,2013,"Howard County",TX,us-tx-227,0.25900184223748
Nonmetropolitan,2013,"Hutchinson County",TX,us-tx-233,0.16601860852659
Nonmetropolitan,2013,"Jack County",TX,us-tx-237,0.18403511624126
Nonmetropolitan,2013,"Jackson County",TX,us-tx-239,0.19403616368827
Nonmetropolitan,2013,"Jasper County",TX,us-tx-241,0.16601821192053
Nonmetropolitan,2013,"Jeff Davis County",TX,us-tx-243,0.18906605922551
Nonmetropolitan,2013,"Jim Hogg County",TX,us-tx-247,0.33907004830918
Nonmetropolitan,2013,"Jim Wells County",TX,us-tx-249,0.29500768351787
Nonmetropolitan,2013,"Karnes County",TX,us-tx-255,0.29197221150135
Nonmetropolitan,2013,"Kenedy County",TX,us-tx-261,0.34705882352941
Nonmetropolitan,2013,"Kent County",TX,us-tx-263,0.16565349544073
Nonmetropolitan,2013,"Kerr County",TX,us-tx-265,0.12600761307658
Nonmetropolitan,2013,"Kimble County",TX,us-tx-267,0.20807453416149
Nonmetropolitan,2013,"King County",TX,us-tx-269,0.18250950570342
Nonmetropolitan,2013,"Kinney County",TX,us-tx-271,0.31112852664577
Nonmetropolitan,2013,"Kleberg County",TX,us-tx-273,0.25898443989147
Nonmetropolitan,2013,"Knox County",TX,us-tx-275,0.21488871834229
Nonmetropolitan,2013,"La Salle County",TX,us-tx-283,0.47102979122684
Nonmetropolitan,2013,"Lamar County",TX,us-tx-277,0.16901238296587
Nonmetropolitan,2013,"Lamb County",TX,us-tx-279,0.29894394800975
Nonmetropolitan,2013,"Lavaca County",TX,us-tx-285,0.20799120234604
Nonmetropolitan,2013,"Lee County",TX,us-tx-287,0.18402903811252
Nonmetropolitan,2013,"Leon County",TX,us-tx-289,0.17100716392752
Nonmetropolitan,2013,"Limestone County",TX,us-tx-293,0.20699562773267
Nonmetropolitan,2013,"Lipscomb County",TX,us-tx-295,0.1828058573453
Nonmetropolitan,2013,"Live Oak County",TX,us-tx-297,0.20497335701599
Nonmetropolitan,2013,"Llano County",TX,us-tx-299,0.13302843507656
Nonmetropolitan,2013,"Loving County",TX,us-tx-301,0.10526315789474
Nonmetropolitan,2013,"Madison County",TX,us-tx-313,0.21304641730509
Nonmetropolitan,2013,"Marion County",TX,us-tx-315,0.19000632511069
Nonmetropolitan,2013,"Mason County",TX,us-tx-319,0.17998656816655
Nonmetropolitan,2013,"Matagorda County",TX,us-tx-321,0.21901749947291
Nonmetropolitan,2013,"Maverick County",TX,us-tx-323,0.43301084725887
Nonmetropolitan,2013,"Mcculloch County",TX,us-tx-307,0.227936066713
Nonmetropolitan,2013,"Mcmullen County",TX,us-tx-311,0.32954545454545
Nonmetropolitan,2013,"Menard County",TX,us-tx-327,0.24581005586592
Nonmetropolitan,2013,"Milam County",TX,us-tx-331,0.18801367808507
Nonmetropolitan,2013,"Mills County",TX,us-tx-333,0.18597829275447
Nonmetropolitan,2013,"Mitchell County",TX,us-tx-335,0.24699747155499
Nonmetropolitan,2013,"Montague County",TX,us-tx-337,0.18002043199066
Nonmetropolitan,2013,"Moore County",TX,us-tx-341,0.32503123048095
Nonmetropolitan,2013,"Morris County",TX,us-tx-343,0.18003825812985
Nonmetropolitan,2013,"Motley County",TX,us-tx-345,0.13049450549451
Nonmetropolitan,2013,"Nacogdoches County",TX,us-tx-347,0.19600185706093
Nonmetropolitan,2013,"Navarro County",TX,us-tx-349,0.21400436212116
Nonmetropolitan,2013,"Nolan County",TX,us-tx-353,0.21299047228768
Nonmetropolitan,2013,"Ochiltree County",TX,us-tx-357,0.30395975332684
Nonmetropolitan,2013,"Palo Pinto County",TX,us-tx-363,0.20599669808809
Nonmetropolitan,2013,"Panola County",TX,us-tx-365,0.16600790513834
Nonmetropolitan,2013,"Parmer County",TX,us-tx-369,0.37502062365946
Nonmetropolitan,2013,"Pecos County",TX,us-tx-371,0.31397249735551
Nonmetropolitan,2013,"Polk County",TX,us-tx-373,0.23101528619322
Nonmetropolitan,2013,"Presidio County",TX,us-tx-377,0.4530998389694
Nonmetropolitan,2013,"Rains County",TX,us-tx-379,0.17796184738956
Nonmetropolitan,2013,"Reagan County",TX,us-tx-383,0.38789868667917
Nonmetropolitan,2013,"Real County",TX,us-tx-385,0.23396530859217
Nonmetropolitan,2013,"Red River County",TX,us-tx-387,0.23301285513665
Nonmetropolitan,2013,"Reeves County",TX,us-tx-389,0.36804720795541
Nonmetropolitan,2013,"Refugio County",TX,us-tx-391,0.21395442629562
Nonmetropolitan,2013,"Roberts County",TX,us-tx-393,0.07402234636872
Nonmetropolitan,2013,"Runnels County",TX,us-tx-399,0.22402736212056
Nonmetropolitan,2013,"Sabine County",TX,us-tx-403,0.19800715380685
Nonmetropolitan,2013,"San Augustine County",TX,us-tx-405,0.22793770646531
Nonmetropolitan,2013,"San Jacinto County",TX,us-tx-407,0.21100565095737
Nonmetropolitan,2013,"San Saba County",TX,us-tx-411,0.18905704307334
Nonmetropolitan,2013,"Schleicher County",TX,us-tx-413,0.23680164018452
Nonmetropolitan,2013,"Scurry County",TX,us-tx-415,0.23903806165808
Nonmetropolitan,2013,"Shackelford County",TX,us-tx-417,0.12983065566652
Nonmetropolitan,2013,"Shelby County",TX,us-tx-419,0.2249711263753
Nonmetropolitan,2013,"Sherman County",TX,us-tx-421,0.22976643128734
Nonmetropolitan,2013,"Starr County",TX,us-tx-427,0.54998964405125
Nonmetropolitan,2013,"Stephens County",TX,us-tx-429,0.19394512771996
Nonmetropolitan,2013,"Sterling County",TX,us-tx-431,0.23068050749712
Nonmetropolitan,2013,"Stonewall County",TX,us-tx-433,0.2544731610338
Nonmetropolitan,2013,"Sutton County",TX,us-tx-435,0.22996108949416
Nonmetropolitan,2013,"Swisher County",TX,us-tx-437,0.2169868554095
Nonmetropolitan,2013,"Terrell County",TX,us-tx-443,0.25507246376812
Nonmetropolitan,2013,"Terry County",TX,us-tx-445,0.30903503380455
Nonmetropolitan,2013,"Throckmorton County",TX,us-tx-447,0.19898819561551
Nonmetropolitan,2013,"Titus County",TX,us-tx-449,0.27797983996675
Nonmetropolitan,2013,"Trinity County",TX,us-tx-455,0.18703863483846
Nonmetropolitan,2013,"Tyler County",TX,us-tx-457,0.17201582052778
Nonmetropolitan,2013,"Upton County",TX,us-tx-461,0.26013986013986
Nonmetropolitan,2013,"Uvalde County",TX,us-tx-463,0.3090160408088
Nonmetropolitan,2013,"Val Verde County",TX,us-tx-465,0.32898910495104
Nonmetropolitan,2013,"Van Zandt County",TX,us-tx-467,0.18798840259561
Nonmetropolitan,2013,"Walker County",TX,us-tx-471,0.18400218400218
Nonmetropolitan,2013,"Ward County",TX,us-tx-475,0.28095445947912
Nonmetropolitan,2013,"Washington County",TX,us-tx-477,0.19098987576816
Nonmetropolitan,2013,"Wharton County",TX,us-tx-481,0.25201173196962
Nonmetropolitan,2013,"Wheeler County",TX,us-tx-483,0.19503072401817
Nonmetropolitan,2013,"Wilbarger County",TX,us-tx-487,0.21004407330086
Nonmetropolitan,2013,"Willacy County",TX,us-tx-489,0.37801807139683
Nonmetropolitan,2013,"Winkler County",TX,us-tx-495,0.298059566787
Nonmetropolitan,2013,"Wood County",TX,us-tx-499,0.16600013112175
Nonmetropolitan,2013,"Yoakum County",TX,us-tx-501,0.29700499168053
Nonmetropolitan,2013,"Young County",TX,us-tx-503,0.21301822232832
Nonmetropolitan,2013,"Zapata County",TX,us-tx-505,0.4520005113128
Nonmetropolitan,2013,"Zavala County",TX,us-tx-507,0.39701536643026
Nonmetropolitan,2013,"Beaver County",UT,us-ut-001,0.09093277748828
Nonmetropolitan,2013,"Carbon County",UT,us-ut-007,0.1399684281741
Nonmetropolitan,2013,"Daggett County",UT,us-ut-009,0.1404399323181
Nonmetropolitan,2013,"Duchesne County",UT,us-ut-013,0.135956084172
Nonmetropolitan,2013,"Emery County",UT,us-ut-015,0.10207481447827
Nonmetropolitan,2013,"Garfield County",UT,us-ut-017,0.07886154758375
Nonmetropolitan,2013,"Grand County",UT,us-ut-019,0.09092319627618
Nonmetropolitan,2013,"Iron County",UT,us-ut-021,0.09397991951547
Nonmetropolitan,2013,"Kane County",UT,us-ut-025,0.0560618066561
Nonmetropolitan,2013,"Millard County",UT,us-ut-027,0.13497419610957
Nonmetropolitan,2013,"Piute County",UT,us-ut-031,0.11332179930796
Nonmetropolitan,2013,"Rich County",UT,us-ut-033,0.04714989444053
Nonmetropolitan,2013,"San Juan County",UT,us-ut-037,0.17303992303992
Nonmetropolitan,2013,"Sanpete County",UT,us-ut-039,0.11599869664386
Nonmetropolitan,2013,"Sevier County",UT,us-ut-041,0.09999207041472
Nonmetropolitan,2013,"Summit County",UT,us-ut-043,0.06900234115086
Nonmetropolitan,2013,"Uintah County",UT,us-ut-047,0.13797898640297
Nonmetropolitan,2013,"Wasatch County",UT,us-ut-051,0.10399439383322
Nonmetropolitan,2013,"Wayne County",UT,us-ut-055,0.04308390022676
Nonmetropolitan,2013,"Accomack County",VA,us-va-001,0.21998489806192
Nonmetropolitan,2013,"Alleghany County",VA,us-va-005,0.17303313938781
Nonmetropolitan,2013,"Bath County",VA,us-va-017,0.09991286668603
Nonmetropolitan,2013,"Bland County",VA,us-va-021,0.1660832360949
Nonmetropolitan,2013,"Brunswick County",VA,us-va-025,0.28698224852071
Nonmetropolitan,2013,"Buchanan County",VA,us-va-027,0.3179975222435
Nonmetropolitan,2013,"Buena Vista City",VA,us-va-530,0.22999080036799
Nonmetropolitan,2013,"Carroll County",VA,us-va-035,0.23799954327472
Nonmetropolitan,2013,"Charlotte County",VA,us-va-037,0.25194563828552
Nonmetropolitan,2013,"Covington City",VA,us-va-580,0.21192384769539
Nonmetropolitan,2013,"Cumberland County",VA,us-va-049,0.23097384365302
Nonmetropolitan,2013,"Danville City",VA,us-va-590,0.22101338756143
Nonmetropolitan,2013,"Dickenson County",VA,us-va-051,0.27603568589347
Nonmetropolitan,2013,"Emporia City",VA,us-va-595,0.28596668349319
Nonmetropolitan,2013,"Essex County",VA,us-va-057,0.23195742471443
Nonmetropolitan,2013,"Franklin City",VA,us-va-620,0.20602749383151
Nonmetropolitan,2013,"Galax City",VA,us-va-640,0.24198938470611
Nonmetropolitan,2013,"Grayson County",VA,us-va-077,0.24799511854951
Nonmetropolitan,2013,"Greensville County",VA,us-va-081,0.272950636587
Nonmetropolitan,2013,"Halifax County",VA,us-va-083,0.21098935627037
Nonmetropolitan,2013,"Henry County",VA,us-va-089,0.22999482401656
Nonmetropolitan,2013,"Highland County",VA,us-va-091,0.21106337271751
Nonmetropolitan,2013,"King And Queen County",VA,us-va-097,0.18506876227898
Nonmetropolitan,2013,"King George County",VA,us-va-099,0.08998911163774
Nonmetropolitan,2013,"Lancaster County",VA,us-va-103,0.11994593985809
Nonmetropolitan,2013,"Lee County",VA,us-va-105,0.25797886751558
Nonmetropolitan,2013,"Lexington City",VA,us-va-678,0.21697704634041
Nonmetropolitan,2013,"Louisa County",VA,us-va-109,0.17499058065056
Nonmetropolitan,2013,"Lunenburg County",VA,us-va-111,0.30994787141616
Nonmetropolitan,2013,"Madison County",VA,us-va-113,0.2030171040051
Nonmetropolitan,2013,"Martinsville City",VA,us-va-690,0.22304756009491
Nonmetropolitan,2013,"Mecklenburg County",VA,us-va-117,0.23100097594093
Nonmetropolitan,2013,"Middlesex County",VA,us-va-119,0.10994764397906
Nonmetropolitan,2013,"Northampton County",VA,us-va-131,0.2189452910865
Nonmetropolitan,2013,"Northumberland County",VA,us-va-133,0.14504838377599
Nonmetropolitan,2013,"Norton City",VA,us-va-720,0.18610796526991
Nonmetropolitan,2013,"Nottoway County",VA,us-va-135,0.2609819121447
Nonmetropolitan,2013,"Orange County",VA,us-va-137,0.15101665901215
Nonmetropolitan,2013,"Page County",VA,us-va-139,0.24399531341535
Nonmetropolitan,2013,"Patrick County",VA,us-va-141,0.24699628631763
Nonmetropolitan,2013,"Pittsylvania County",VA,us-va-143,0.2099966971265
Nonmetropolitan,2013,"Prince Edward County",VA,us-va-147,0.20497380151717
Nonmetropolitan,2013,"Richmond County",VA,us-va-159,0.26197669400086
Nonmetropolitan,2013,"Rockbridge County",VA,us-va-163,0.15601503759398
Nonmetropolitan,2013,"Russell County",VA,us-va-167,0.25300043379766
Nonmetropolitan,2013,"Shenandoah County",VA,us-va-171,0.15401026735116
Nonmetropolitan,2013,"Smyth County",VA,us-va-173,0.20100678485445
Nonmetropolitan,2013,"Southampton County",VA,us-va-175,0.22100030129557
Nonmetropolitan,2013,"Surry County",VA,us-va-181,0.2210568777733
Nonmetropolitan,2013,"Tazewell County",VA,us-va-185,0.22899413789895
Nonmetropolitan,2013,"Westmoreland County",VA,us-va-193,0.20896111067287
Nonmetropolitan,2013,"Wise County",VA,us-va-195,0.27099679814222
Nonmetropolitan,2013,"Wythe County",VA,us-va-197,0.18400720481585
Nonmetropolitan,2013,"Addison County",VT,us-vt-001,0.09301012382527
Nonmetropolitan,2013,"Bennington County",VT,us-vt-003,0.09898603405395
Nonmetropolitan,2013,"Caledonia County",VT,us-vt-005,0.1019801059775
Nonmetropolitan,2013,"Essex County",VT,us-vt-009,0.16695095948827
Nonmetropolitan,2013,"Lamoille County",VT,us-vt-015,0.07299010604894
Nonmetropolitan,2013,"Orange County",VT,us-vt-017,0.08701330108827
Nonmetropolitan,2013,"Orleans County",VT,us-vt-019,0.13797546644676
Nonmetropolitan,2013,"Rutland County",VT,us-vt-021,0.10600844579087
Nonmetropolitan,2013,"Washington County",VT,us-vt-023,0.06500274928877
Nonmetropolitan,2013,"Windham County",VT,us-vt-025,0.09199174793698
Nonmetropolitan,2013,"Windsor County",VT,us-vt-027,0.07399966515989
Nonmetropolitan,2013,"Adams County",WA,us-wa-001,0.34297839506173
Nonmetropolitan,2013,"Clallam County",WA,us-wa-009,0.0870092551127
Nonmetropolitan,2013,"Ferry County",WA,us-wa-019,0.13093922651934
Nonmetropolitan,2013,"Garfield County",WA,us-wa-023,0.03416328894036
Nonmetropolitan,2013,"Grant County",WA,us-wa-025,0.23899277359756
Nonmetropolitan,2013,"Grays Harbor County",WA,us-wa-027,0.14599376061288
Nonmetropolitan,2013,"Island County",WA,us-wa-029,0.05300397664171
Nonmetropolitan,2013,"Jefferson County",WA,us-wa-031,0.05501753214226
Nonmetropolitan,2013,"Kittitas County",WA,us-wa-037,0.08899450954683
Nonmetropolitan,2013,"Klickitat County",WA,us-wa-039,0.13099106417547
Nonmetropolitan,2013,"Lewis County",WA,us-wa-041,0.14100539291217
Nonmetropolitan,2013,"Lincoln County",WA,us-wa-043,0.06498532159061
Nonmetropolitan,2013,"Mason County",WA,us-wa-045,0.11500547645126
Nonmetropolitan,2013,"Okanogan County",WA,us-wa-047,0.18300423131171
Nonmetropolitan,2013,"Pacific County",WA,us-wa-049,0.12397742405986
Nonmetropolitan,2013,"San Juan County",WA,us-wa-055,0.05399414139815
Nonmetropolitan,2013,"Wahkiakum County",WA,us-wa-069,0.06790945406125
Nonmetropolitan,2013,"Whitman County",WA,us-wa-075,0.03799908214777
Nonmetropolitan,2013,"Adams County",WI,us-wi-001,0.14698453767018
Nonmetropolitan,2013,"Ashland County",WI,us-wi-003,0.09503598449899
Nonmetropolitan,2013,"Barron County",WI,us-wi-005,0.11700911478449
Nonmetropolitan,2013,"Bayfield County",WI,us-wi-007,0.06803314435238
Nonmetropolitan,2013,"Buffalo County",WI,us-wi-011,0.1040384013357
Nonmetropolitan,2013,"Burnett County",WI,us-wi-013,0.10702054794521
Nonmetropolitan,2013,"Clark County",WI,us-wi-019,0.18101989480906
Nonmetropolitan,2013,"Crawford County",WI,us-wi-023,0.09800439709116
Nonmetropolitan,2013,"Dodge County",WI,us-wi-027,0.1269935120969
Nonmetropolitan,2013,"Door County",WI,us-wi-029,0.05900243309002
Nonmetropolitan,2013,"Dunn County",WI,us-wi-033,0.08101025446259
Nonmetropolitan,2013,"Florence County",WI,us-wi-037,0.103988183161
Nonmetropolitan,2013,"Forest County",WI,us-wi-041,0.14202632384451
Nonmetropolitan,2013,"Grant County",WI,us-wi-043,0.10200849014763
Nonmetropolitan,2013,"Green Lake County",WI,us-wi-047,0.12702301410542
Nonmetropolitan,2013,"Iron County",WI,us-wi-051,0.08592243411185
Nonmetropolitan,2013,"Jackson County",WI,us-wi-053,0.13203342618384
Nonmetropolitan,2013,"Jefferson County",WI,us-wi-055,0.08700627603841
Nonmetropolitan,2013,"Juneau County",WI,us-wi-057,0.1490132269578
Nonmetropolitan,2013,"Lafayette County",WI,us-wi-065,0.10197976242851
Nonmetropolitan,2013,"Langlade County",WI,us-wi-067,0.11899805717458
Nonmetropolitan,2013,"Lincoln County",WI,us-wi-069,0.11597826609607
Nonmetropolitan,2013,"Manitowoc County",WI,us-wi-071,0.09800798207534
Nonmetropolitan,2013,"Marinette County",WI,us-wi-075,0.105987566076
Nonmetropolitan,2013,"Marquette County",WI,us-wi-077,0.12903798367057
Nonmetropolitan,2013,"Menominee County",WI,us-wi-078,0.09705304518664
Nonmetropolitan,2013,"Monroe County",WI,us-wi-081,0.11800911601291
Nonmetropolitan,2013,"Oneida County",WI,us-wi-085,0.0750018500703
Nonmetropolitan,2013,"Pepin County",WI,us-wi-091,0.10001905124786
Nonmetropolitan,2013,"Polk County",WI,us-wi-095,0.0830038244636
Nonmetropolitan,2013,"Portage County",WI,us-wi-097,0.0789920917269
Nonmetropolitan,2013,"Price County",WI,us-wi-099,0.10503097428196
Nonmetropolitan,2013,"Richland County",WI,us-wi-103,0.11098600611227
Nonmetropolitan,2013,"Rusk County",WI,us-wi-107,0.13296345896308
Nonmetropolitan,2013,"Sauk County",WI,us-wi-111,0.10599474675159
Nonmetropolitan,2013,"Sawyer County",WI,us-wi-113,0.10302480837386
Nonmetropolitan,2013,"Shawano County",WI,us-wi-115,0.10498946366664
Nonmetropolitan,2013,"Taylor County",WI,us-wi-119,0.13599606216159
Nonmetropolitan,2013,"Trempealeau County",WI,us-wi-121,0.1249875162289
Nonmetropolitan,2013,"Vernon County",WI,us-wi-123,0.13100501763625
Nonmetropolitan,2013,"Vilas County",WI,us-wi-125,0.08197017079625
Nonmetropolitan,2013,"Walworth County",WI,us-wi-127,0.09899715611435
Nonmetropolitan,2013,"Washburn County",WI,us-wi-129,0.09298767530812
Nonmetropolitan,2013,"Waupaca County",WI,us-wi-135,0.10198971487036
Nonmetropolitan,2013,"Waushara County",WI,us-wi-137,0.12997567448032
Nonmetropolitan,2013,"Wood County",WI,us-wi-141,0.09099938875306
Nonmetropolitan,2013,"Barbour County",WV,us-wv-001,0.21697364942275
Nonmetropolitan,2013,"Braxton County",WV,us-wv-007,0.22195612606572
Nonmetropolitan,2013,"Calhoun County",WV,us-wv-013,0.23299565846599
Nonmetropolitan,2013,"Doddridge County",WV,us-wv-017,0.19402727429656
Nonmetropolitan,2013,"Gilmer County",WV,us-wv-021,0.23293888798833
Nonmetropolitan,2013,"Grant County",WV,us-wv-023,0.19697146185207
Nonmetropolitan,2013,"Greenbrier County",WV,us-wv-025,0.17098988019076
Nonmetropolitan,2013,"Hardy County",WV,us-wv-031,0.20697344415163
Nonmetropolitan,2013,"Harrison County",WV,us-wv-033,0.13099295846515
Nonmetropolitan,2013,"Jackson County",WV,us-wv-035,0.15297756394521
Nonmetropolitan,2013,"Lewis County",WV,us-wv-041,0.15303965502663
Nonmetropolitan,2013,"Logan County",WV,us-wv-045,0.23698124690935
Nonmetropolitan,2013,"Marion County",WV,us-wv-049,0.12399765802001
Nonmetropolitan,2013,"Mason County",WV,us-wv-053,0.1840016493145
Nonmetropolitan,2013,"Mcdowell County",WV,us-wv-047,0.36900439518441
Nonmetropolitan,2013,"Mercer County",WV,us-wv-055,0.19000388509267
Nonmetropolitan,2013,"Mingo County",WV,us-wv-059,0.2740203972088
Nonmetropolitan,2013,"Monroe County",WV,us-wv-063,0.19802985680918
Nonmetropolitan,2013,"Morgan County",WV,us-wv-065,0.18299129353234
Nonmetropolitan,2013,"Nicholas County",WV,us-wv-067,0.17502137665669
Nonmetropolitan,2013,"Pendleton County",WV,us-wv-071,0.20099786172488
Nonmetropolitan,2013,"Pleasants County",WV,us-wv-073,0.10806363137685
Nonmetropolitan,2013,"Pocahontas County",WV,us-wv-075,0.18007604562738
Nonmetropolitan,2013,"Randolph County",WV,us-wv-083,0.17200283755025
Nonmetropolitan,2013,"Ritchie County",WV,us-wv-085,0.213939067134
Nonmetropolitan,2013,"Roane County",WV,us-wv-087,0.24503686897334
Nonmetropolitan,2013,"Summers County",WV,us-wv-089,0.21498619442064
Nonmetropolitan,2013,"Taylor County",WV,us-wv-091,0.14402752744552
Nonmetropolitan,2013,"Tucker County",WV,us-wv-093,0.16207951070336
Nonmetropolitan,2013,"Tyler County",WV,us-wv-095,0.15102905569007
Nonmetropolitan,2013,"Upshur County",WV,us-wv-097,0.17197413741012
Nonmetropolitan,2013,"Webster County",WV,us-wv-101,0.29496951219512
Nonmetropolitan,2013,"Wetzel County",WV,us-wv-103,0.18499112651061
Nonmetropolitan,2013,"Wyoming County",WV,us-wv-109,0.26501109711475
Nonmetropolitan,2013,"Albany County",WY,us-wy-001,0.04701771899176
Nonmetropolitan,2013,"Big Horn County",WY,us-wy-003,0.10895636642001
Nonmetropolitan,2013,"Campbell County",WY,us-wy-005,0.08501470487655
Nonmetropolitan,2013,"Carbon County",WY,us-wy-007,0.10397045244691
Nonmetropolitan,2013,"Converse County",WY,us-wy-009,0.07900053163211
Nonmetropolitan,2013,"Crook County",WY,us-wy-011,0.0690618762475
Nonmetropolitan,2013,"Fremont County",WY,us-wy-013,0.0860018639329
Nonmetropolitan,2013,"Goshen County",WY,us-wy-015,0.10704286021969
Nonmetropolitan,2013,"Hot Springs County",WY,us-wy-017,0.14109050028106
Nonmetropolitan,2013,"Johnson County",WY,us-wy-019,0.05002420526061
Nonmetropolitan,2013,"Lincoln County",WY,us-wy-023,0.07000167869733
Nonmetropolitan,2013,"Niobrara County",WY,us-wy-027,0.09115720524017
Nonmetropolitan,2013,"Park County",WY,us-wy-029,0.06700385597676
Nonmetropolitan,2013,"Platte County",WY,us-wy-031,0.07405012126112
Nonmetropolitan,2013,"Sheridan County",WY,us-wy-033,0.05898136403552
Nonmetropolitan,2013,"Sublette County",WY,us-wy-035,0.04406731317741
Nonmetropolitan,2013,"Sweetwater County",WY,us-wy-037,0.0910126357003
Nonmetropolitan,2013,"Teton County",WY,us-wy-039,0.03200452716298
Nonmetropolitan,2013,"Uinta County",WY,us-wy-041,0.107988728962
Nonmetropolitan,2013,"Washakie County",WY,us-wy-043,0.0950808273944
Nonmetropolitan,2013,"Weston County",WY,us-wy-045,0.09808230123851
Nonmetropolitan,2018,"Litchfield County",CT,us-ct-005,0.07410650676799
Nonmetropolitan,2018,"Aleutians East Borough",AK,us-ak-013,0.13576033371255
Nonmetropolitan,2018,"Aleutians West Census Area",AK,us-ak-016,0.11176040905771
Nonmetropolitan,2018,"Bethel Census Area",AK,us-ak-050,0.18580138472667
Nonmetropolitan,2018,"Bristol Bay Borough",AK,us-ak-060,0.05581395348837
Nonmetropolitan,2018,"Denali Borough",AK,us-ak-068,0.0156152404747
Nonmetropolitan,2018,"Dillingham Census Area",AK,us-ak-070,0.12749827705031
Nonmetropolitan,2018,"Haines Borough",AK,us-ak-100,0.03044871794872
Nonmetropolitan,2018,"Hoonah-Angoon Census Area",AK,us-ak-105,0.08511904761905
Nonmetropolitan,2018,"Juneau City And Borough",AK,us-ak-110,0.03905867698741
Nonmetropolitan,2018,"Kenai Peninsula Borough",AK,us-ak-122,0.07205104650297
Nonmetropolitan,2018,"Ketchikan Gateway Borough",AK,us-ak-130,0.0731732776618
Nonmetropolitan,2018,"Kodiak Island Borough",AK,us-ak-150,0.10120673952641
Nonmetropolitan,2018,"Kusilvak Census Area",AK,us-ak-158,0.22295414238662
Nonmetropolitan,2018,"Lake And Peninsula Borough",AK,us-ak-164,0.14470588235294
Nonmetropolitan,2018,"Nome Census Area",AK,us-ak-180,0.15926940639269
Nonmetropolitan,2018,"North Slope Borough",AK,us-ak-185,0.10230414746544
Nonmetropolitan,2018,"Northwest Arctic Borough",AK,us-ak-188,0.18131868131868
Nonmetropolitan,2018,"Petersburg Borough",AK,us-ak-195,0.10257611241218
Nonmetropolitan,2018,"Prince Of Wales-Hyder Census Area",AK,us-ak-198,0.09838998211091
Nonmetropolitan,2018,"Sitka City And Borough",AK,us-ak-220,0.06040377727125
Nonmetropolitan,2018,"Skagway Municipality",AK,us-ak-230,0.06304079110012
Nonmetropolitan,2018,"Southeast Fairbanks Census Area",AK,us-ak-240,0.09786756453423
Nonmetropolitan,2018,"Valdez-Cordova Census Area",AK,us-ak-261,0.0400618716164
Nonmetropolitan,2018,"Wrangell City And Borough",AK,us-ak-275,0.1168
Nonmetropolitan,2018,"Yakutat City And Borough",AK,us-ak-282,0.0820399113082
Nonmetropolitan,2018,"Yukon-Koyukuk Census Area",AK,us-ak-290,0.14331118173938
Nonmetropolitan,2018,"Barbour County",AL,us-al-005,0.26968579761184
Nonmetropolitan,2018,"Bullock County",AL,us-al-011,0.24774774774775
Nonmetropolitan,2018,"Butler County",AL,us-al-013,0.15416186635945
Nonmetropolitan,2018,"Chambers County",AL,us-al-017,0.1860040740112
Nonmetropolitan,2018,"Cherokee County",AL,us-al-019,0.19771863117871
Nonmetropolitan,2018,"Choctaw County",AL,us-al-023,0.1858838490886
Nonmetropolitan,2018,"Clarke County",AL,us-al-025,0.1882039122703
Nonmetropolitan,2018,"Clay County",AL,us-al-027,0.24501884760366
Nonmetropolitan,2018,"Cleburne County",AL,us-al-029,0.22632838678794
Nonmetropolitan,2018,"Coffee County",AL,us-al-031,0.13843377635197
Nonmetropolitan,2018,"Conecuh County",AL,us-al-035,0.19247287522604
Nonmetropolitan,2018,"Coosa County",AL,us-al-037,0.20352369380316
Nonmetropolitan,2018,"Covington County",AL,us-al-039,0.17134427717679
Nonmetropolitan,2018,"Crenshaw County",AL,us-al-041,0.21612403100775
Nonmetropolitan,2018,"Cullman County",AL,us-al-043,0.18186744039712
Nonmetropolitan,2018,"Dale County",AL,us-al-045,0.14175304056078
Nonmetropolitan,2018,"Dallas County",AL,us-al-047,0.19304511278195
Nonmetropolitan,2018,"Dekalb County",AL,us-al-049,0.25887709917286
Nonmetropolitan,2018,"Escambia County",AL,us-al-053,0.18455613325631
Nonmetropolitan,2018,"Fayette County",AL,us-al-057,0.17581292139626
Nonmetropolitan,2018,"Franklin County",AL,us-al-059,0.23231789352297
Nonmetropolitan,2018,"Jackson County",AL,us-al-071,0.1753122901276
Nonmetropolitan,2018,"Lamar County",AL,us-al-075,0.17598301829576
Nonmetropolitan,2018,"Macon County",AL,us-al-087,0.18252987227029
Nonmetropolitan,2018,"Marengo County",AL,us-al-091,0.16209420986467
Nonmetropolitan,2018,"Marion County",AL,us-al-093,0.2033810995598
Nonmetropolitan,2018,"Marshall County",AL,us-al-095,0.19092137514927
Nonmetropolitan,2018,"Monroe County",AL,us-al-099,0.16325562483058
Nonmetropolitan,2018,"Perry County",AL,us-al-105,0.21926053310404
Nonmetropolitan,2018,"Pike County",AL,us-al-109,0.19005088794267
Nonmetropolitan,2018,"Randolph County",AL,us-al-111,0.2122251874444
Nonmetropolitan,2018,"Sumter County",AL,us-al-119,0.15754644947824
Nonmetropolitan,2018,"Talladega County",AL,us-al-121,0.19013933929653
Nonmetropolitan,2018,"Tallapoosa County",AL,us-al-123,0.19526275278147
Nonmetropolitan,2018,"Walker County",AL,us-al-127,0.19135500511407
Nonmetropolitan,2018,"Wilcox County",AL,us-al-131,0.23070516379789
Nonmetropolitan,2018,"Winston County",AL,us-al-133,0.21851722532588
Nonmetropolitan,2018,"Arkansas County",AR,us-ar-001,0.16997916332746
Nonmetropolitan,2018,"Ashley County",AR,us-ar-003,0.17693080677577
Nonmetropolitan,2018,"Baxter County",AR,us-ar-005,0.11840358971118
Nonmetropolitan,2018,"Boone County",AR,us-ar-009,0.13005279179993
Nonmetropolitan,2018,"Bradley County",AR,us-ar-011,0.18041099546304
Nonmetropolitan,2018,"Calhoun County",AR,us-ar-013,0.17306666666667
Nonmetropolitan,2018,"Carroll County",AR,us-ar-015,0.14191183956022
Nonmetropolitan,2018,"Chicot County",AR,us-ar-017,0.19277268500066
Nonmetropolitan,2018,"Clark County",AR,us-ar-019,0.10793168880455
Nonmetropolitan,2018,"Clay County",AR,us-ar-021,0.19344169344169
Nonmetropolitan,2018,"Cleburne County",AR,us-ar-023,0.15275926419621
Nonmetropolitan,2018,"Columbia County",AR,us-ar-027,0.15013586956522
Nonmetropolitan,2018,"Conway County",AR,us-ar-029,0.14110471491228
Nonmetropolitan,2018,"Cross County",AR,us-ar-037,0.17199616624553
Nonmetropolitan,2018,"Dallas County",AR,us-ar-039,0.16362946089598
Nonmetropolitan,2018,"Desha County",AR,us-ar-041,0.21174242424242
Nonmetropolitan,2018,"Drew County",AR,us-ar-043,0.14870395634379
Nonmetropolitan,2018,"Fulton County",AR,us-ar-049,0.15449088231963
Nonmetropolitan,2018,"Greene County",AR,us-ar-055,0.1268136677327
Nonmetropolitan,2018,"Hempstead County",AR,us-ar-057,0.18999305072967
Nonmetropolitan,2018,"Hot Spring County",AR,us-ar-059,0.14578293150913
Nonmetropolitan,2018,"Howard County",AR,us-ar-061,0.17083897158322
Nonmetropolitan,2018,"Independence County",AR,us-ar-063,0.1422209852491
Nonmetropolitan,2018,"Izard County",AR,us-ar-065,0.14921983014023
Nonmetropolitan,2018,"Jackson County",AR,us-ar-067,0.21098758419216
Nonmetropolitan,2018,"Johnson County",AR,us-ar-071,0.20626012497107
Nonmetropolitan,2018,"Lafayette County",AR,us-ar-073,0.18264014466546
Nonmetropolitan,2018,"Lawrence County",AR,us-ar-075,0.14508691025186
Nonmetropolitan,2018,"Lee County",AR,us-ar-077,0.26982021809608
Nonmetropolitan,2018,"Logan County",AR,us-ar-083,0.14905450500556
Nonmetropolitan,2018,"Marion County",AR,us-ar-089,0.13132123936426
Nonmetropolitan,2018,"Mississippi County",AR,us-ar-093,0.19275488699949
Nonmetropolitan,2018,"Monroe County",AR,us-ar-095,0.22861616754747
Nonmetropolitan,2018,"Montgomery County",AR,us-ar-097,0.21779964221825
Nonmetropolitan,2018,"Nevada County",AR,us-ar-099,0.13222446236559
Nonmetropolitan,2018,"Newton County",AR,us-ar-101,0.17356382049939
Nonmetropolitan,2018,"Ouachita County",AR,us-ar-103,0.14429289303661
Nonmetropolitan,2018,"Phillips County",AR,us-ar-107,0.21598184617878
Nonmetropolitan,2018,"Pike County",AR,us-ar-109,0.15219112988384
Nonmetropolitan,2018,"Polk County",AR,us-ar-113,0.15359523471848
Nonmetropolitan,2018,"Pope County",AR,us-ar-115,0.15156470675686
Nonmetropolitan,2018,"Prairie County",AR,us-ar-117,0.17782987273945
Nonmetropolitan,2018,"Randolph County",AR,us-ar-121,0.172888816433
Nonmetropolitan,2018,"Scott County",AR,us-ar-127,0.21149690246362
Nonmetropolitan,2018,"Searcy County",AR,us-ar-129,0.15514275885793
Nonmetropolitan,2018,"Sevier County",AR,us-ar-133,0.25717222689468
Nonmetropolitan,2018,"Sharp County",AR,us-ar-135,0.1643424679747
Nonmetropolitan,2018,"St. Francis County",AR,us-ar-123,0.19356597600872
Nonmetropolitan,2018,"Stone County",AR,us-ar-137,0.20415073730202
Nonmetropolitan,2018,"Union County",AR,us-ar-139,0.15247978138041
Nonmetropolitan,2018,"Van Buren County",AR,us-ar-141,0.14189079054605
Nonmetropolitan,2018,"White County",AR,us-ar-145,0.14635774592578
Nonmetropolitan,2018,"Woodruff County",AR,us-ar-147,0.19970351545955
Nonmetropolitan,2018,"Yell County",AR,us-ar-149,0.19946203186427
Nonmetropolitan,2018,"Apache County",AZ,us-az-001,0.20449736640706
Nonmetropolitan,2018,"Gila County",AZ,us-az-007,0.1467847516365
Nonmetropolitan,2018,"Graham County",AZ,us-az-009,0.14359780714802
Nonmetropolitan,2018,"Greenlee County",AZ,us-az-011,0.11049538203191
Nonmetropolitan,2018,"La Paz County",AZ,us-az-012,0.22664990571967
Nonmetropolitan,2018,"Navajo County",AZ,us-az-017,0.17175139620691
Nonmetropolitan,2018,"Santa Cruz County",AZ,us-az-023,0.24384152182838
Nonmetropolitan,2018,"Alpine County",CA,us-ca-003,0.1109693877551
Nonmetropolitan,2018,"Amador County",CA,us-ca-005,0.0970189701897
Nonmetropolitan,2018,"Calaveras County",CA,us-ca-009,0.09629501184903
Nonmetropolitan,2018,"Colusa County",CA,us-ca-011,0.30614639870911
Nonmetropolitan,2018,"Del Norte County",CA,us-ca-015,0.18953542213305
Nonmetropolitan,2018,"Glenn County",CA,us-ca-021,0.24693148850703
Nonmetropolitan,2018,"Humboldt County",CA,us-ca-023,0.09655667456986
Nonmetropolitan,2018,"Inyo County",CA,us-ca-027,0.11159770462096
Nonmetropolitan,2018,"Lake County",CA,us-ca-033,0.14812260206061
Nonmetropolitan,2018,"Lassen County",CA,us-ca-035,0.17208575256811
Nonmetropolitan,2018,"Mariposa County",CA,us-ca-043,0.09634673109305
Nonmetropolitan,2018,"Mendocino County",CA,us-ca-045,0.13108626353177
Nonmetropolitan,2018,"Modoc County",CA,us-ca-049,0.14380628967961
Nonmetropolitan,2018,"Mono County",CA,us-ca-051,0.11262696673969
Nonmetropolitan,2018,"Nevada County",CA,us-ca-057,0.05788035947583
Nonmetropolitan,2018,"Plumas County",CA,us-ca-063,0.06056826056826
Nonmetropolitan,2018,"Sierra County",CA,us-ca-091,0.06695278969957
Nonmetropolitan,2018,"Siskiyou County",CA,us-ca-093,0.10005661801711
Nonmetropolitan,2018,"Tehama County",CA,us-ca-103,0.15613605944524
Nonmetropolitan,2018,"Trinity County",CA,us-ca-105,0.09351796106763
Nonmetropolitan,2018,"Tuolumne County",CA,us-ca-109,0.09571286141575
Nonmetropolitan,2018,"Alamosa County",CO,us-co-003,0.135103926097
Nonmetropolitan,2018,"Archuleta County",CO,us-co-007,0.07971828110646
Nonmetropolitan,2018,"Baca County",CO,us-co-009,0.15237366003063
Nonmetropolitan,2018,"Bent County",CO,us-co-011,0.14232209737828
Nonmetropolitan,2018,"Chaffee County",CO,us-co-015,0.07083278167616
Nonmetropolitan,2018,"Cheyenne County",CO,us-co-017,0.09881422924901
Nonmetropolitan,2018,"Conejos County",CO,us-co-021,0.13412563667233
Nonmetropolitan,2018,"Costilla County",CO,us-co-023,0.21532168092228
Nonmetropolitan,2018,"Crowley County",CO,us-co-025,0.15229736706247
Nonmetropolitan,2018,"Custer County",CO,us-co-027,0.07043429844098
Nonmetropolitan,2018,"Delta County",CO,us-co-029,0.09623638910225
Nonmetropolitan,2018,"Dolores County",CO,us-co-033,0.08167613636364
Nonmetropolitan,2018,"Eagle County",CO,us-co-037,0.10711844803112
Nonmetropolitan,2018,"Fremont County",CO,us-co-043,0.09729477099027
Nonmetropolitan,2018,"Garfield County",CO,us-co-045,0.12217754407671
Nonmetropolitan,2018,"Grand County",CO,us-co-049,0.04495171202809
Nonmetropolitan,2018,"Gunnison County",CO,us-co-051,0.02804889604852
Nonmetropolitan,2018,"Hinsdale County",CO,us-co-053,0.06206896551724
Nonmetropolitan,2018,"Huerfano County",CO,us-co-055,0.08549323017408
Nonmetropolitan,2018,"Jackson County",CO,us-co-057,0.12396694214876
Nonmetropolitan,2018,"Kiowa County",CO,us-co-061,0.0410094637224
Nonmetropolitan,2018,"Kit Carson County",CO,us-co-063,0.11548458967694
Nonmetropolitan,2018,"La Plata County",CO,us-co-067,0.05006238700313
Nonmetropolitan,2018,"Lake County",CO,us-co-065,0.14492223238792
Nonmetropolitan,2018,"Las Animas County",CO,us-co-071,0.12185760890424
Nonmetropolitan,2018,"Lincoln County",CO,us-co-073,0.09651277013752
Nonmetropolitan,2018,"Logan County",CO,us-co-075,0.10450597176982
Nonmetropolitan,2018,"Mineral County",CO,us-co-079,0.03212290502793
Nonmetropolitan,2018,"Moffat County",CO,us-co-081,0.0907652311518
Nonmetropolitan,2018,"Montezuma County",CO,us-co-083,0.10538731621681
Nonmetropolitan,2018,"Montrose County",CO,us-co-085,0.11246893828505
Nonmetropolitan,2018,"Morgan County",CO,us-co-087,0.19923726505039
Nonmetropolitan,2018,"Otero County",CO,us-co-089,0.14644283269497
Nonmetropolitan,2018,"Ouray County",CO,us-co-091,0.01614583333333
Nonmetropolitan,2018,"Phillips County",CO,us-co-095,0.11793611793612
Nonmetropolitan,2018,"Pitkin County",CO,us-co-097,0.03670867526377
Nonmetropolitan,2018,"Prowers County",CO,us-co-099,0.17864895926446
Nonmetropolitan,2018,"Rio Blanco County",CO,us-co-103,0.07225156024964
Nonmetropolitan,2018,"Rio Grande County",CO,us-co-105,0.15694716242661
Nonmetropolitan,2018,"Routt County",CO,us-co-107,0.03249412921195
Nonmetropolitan,2018,"Saguache County",CO,us-co-109,0.19561515538527
Nonmetropolitan,2018,"San Juan County",CO,us-co-111,0.07112068965517
Nonmetropolitan,2018,"San Miguel County",CO,us-co-113,0.04953145917001
Nonmetropolitan,2018,"Sedgwick County",CO,us-co-115,0.09858323494687
Nonmetropolitan,2018,"Summit County",CO,us-co-117,0.06729045516156
Nonmetropolitan,2018,"Washington County",CO,us-co-121,0.07543807543808
Nonmetropolitan,2018,"Yuma County",CO,us-co-125,0.11873111782477
Nonmetropolitan,2018,"Bradford County",FL,us-fl-007,0.21700533661741
Nonmetropolitan,2018,"Calhoun County",FL,us-fl-013,0.2194482222654
Nonmetropolitan,2018,"Columbia County",FL,us-fl-023,0.1331200066926
Nonmetropolitan,2018,"Desoto County",FL,us-fl-027,0.27328497569257
Nonmetropolitan,2018,"Dixie County",FL,us-fl-029,0.20670978172999
Nonmetropolitan,2018,"Franklin County",FL,us-fl-037,0.19718938211019
Nonmetropolitan,2018,"Glades County",FL,us-fl-043,0.24403341288783
Nonmetropolitan,2018,"Gulf County",FL,us-fl-045,0.15094029728176
Nonmetropolitan,2018,"Hamilton County",FL,us-fl-047,0.23862627060101
Nonmetropolitan,2018,"Hardee County",FL,us-fl-049,0.24233677769439
Nonmetropolitan,2018,"Hendry County",FL,us-fl-051,0.342653747281
Nonmetropolitan,2018,"Holmes County",FL,us-fl-059,0.22565962591565
Nonmetropolitan,2018,"Jackson County",FL,us-fl-063,0.19296013570823
Nonmetropolitan,2018,"Lafayette County",FL,us-fl-067,0.23869183208591
Nonmetropolitan,2018,"Liberty County",FL,us-fl-077,0.18628267021808
Nonmetropolitan,2018,"Madison County",FL,us-fl-079,0.19308550185874
Nonmetropolitan,2018,"Monroe County",FL,us-fl-087,0.08691275167785
Nonmetropolitan,2018,"Okeechobee County",FL,us-fl-093,0.24971715457502
Nonmetropolitan,2018,"Putnam County",FL,us-fl-107,0.19072145061728
Nonmetropolitan,2018,"Suwannee County",FL,us-fl-121,0.18531434660467
Nonmetropolitan,2018,"Taylor County",FL,us-fl-123,0.22550969666832
Nonmetropolitan,2018,"Union County",FL,us-fl-125,0.23093390420123
Nonmetropolitan,2018,"Washington County",FL,us-fl-133,0.18765600181529
Nonmetropolitan,2018,"Appling County",GA,us-ga-001,0.2554572750142
Nonmetropolitan,2018,"Atkinson County",GA,us-ga-003,0.30879541108987
Nonmetropolitan,2018,"Bacon County",GA,us-ga-005,0.18468165298156
Nonmetropolitan,2018,"Baker County",GA,us-ga-007,0.21727861771058
Nonmetropolitan,2018,"Baldwin County",GA,us-ga-009,0.15591589451176
Nonmetropolitan,2018,"Banks County",GA,us-ga-011,0.22907729506279
Nonmetropolitan,2018,"Ben Hill County",GA,us-ga-017,0.17342105263158
Nonmetropolitan,2018,"Berrien County",GA,us-ga-019,0.21946360153257
Nonmetropolitan,2018,"Bleckley County",GA,us-ga-023,0.12403002162575
Nonmetropolitan,2018,"Bulloch County",GA,us-ga-031,0.13129340277778
Nonmetropolitan,2018,"Calhoun County",GA,us-ga-037,0.25653456998314
Nonmetropolitan,2018,"Camden County",GA,us-ga-039,0.08214318202492
Nonmetropolitan,2018,"Candler County",GA,us-ga-043,0.23417281202171
Nonmetropolitan,2018,"Charlton County",GA,us-ga-049,0.26736725663717
Nonmetropolitan,2018,"Chattooga County",GA,us-ga-055,0.26923527345122
Nonmetropolitan,2018,"Clay County",GA,us-ga-061,0.20228310502283
Nonmetropolitan,2018,"Clinch County",GA,us-ga-065,0.2916851934193
Nonmetropolitan,2018,"Coffee County",GA,us-ga-069,0.22614397821335
Nonmetropolitan,2018,"Colquitt County",GA,us-ga-071,0.26169367166004
Nonmetropolitan,2018,"Cook County",GA,us-ga-075,0.20063892093353
Nonmetropolitan,2018,"Crisp County",GA,us-ga-081,0.19880676168379
Nonmetropolitan,2018,"Decatur County",GA,us-ga-087,0.18385121087824
Nonmetropolitan,2018,"Dodge County",GA,us-ga-091,0.16760450160772
Nonmetropolitan,2018,"Dooly County",GA,us-ga-093,0.24843858431645
Nonmetropolitan,2018,"Early County",GA,us-ga-099,0.19881861403256
Nonmetropolitan,2018,"Elbert County",GA,us-ga-105,0.22558947446227
Nonmetropolitan,2018,"Emanuel County",GA,us-ga-107,0.20799622437972
Nonmetropolitan,2018,"Evans County",GA,us-ga-109,0.2568820030433
Nonmetropolitan,2018,"Fannin County",GA,us-ga-111,0.13300853894913
Nonmetropolitan,2018,"Franklin County",GA,us-ga-119,0.1999349170192
Nonmetropolitan,2018,"Gilmer County",GA,us-ga-123,0.18076588735874
Nonmetropolitan,2018,"Glascock County",GA,us-ga-125,0.22647914645975
Nonmetropolitan,2018,"Gordon County",GA,us-ga-129,0.22312802731532
Nonmetropolitan,2018,"Grady County",GA,us-ga-131,0.19723877514898
Nonmetropolitan,2018,"Greene County",GA,us-ga-133,0.16844349680171
Nonmetropolitan,2018,"Habersham County",GA,us-ga-137,0.21818672787416
Nonmetropolitan,2018,"Hancock County",GA,us-ga-141,0.28498803827751
Nonmetropolitan,2018,"Hart County",GA,us-ga-147,0.1956710898412
Nonmetropolitan,2018,"Irwin County",GA,us-ga-155,0.18401546890106
Nonmetropolitan,2018,"Jackson County",GA,us-ga-157,0.16313612009133
Nonmetropolitan,2018,"Jeff Davis County",GA,us-ga-161,0.22308088614116
Nonmetropolitan,2018,"Jefferson County",GA,us-ga-163,0.24924953095685
Nonmetropolitan,2018,"Jenkins County",GA,us-ga-165,0.207015130674
Nonmetropolitan,2018,"Johnson County",GA,us-ga-167,0.2275564803805
Nonmetropolitan,2018,"Laurens County",GA,us-ga-175,0.14861700107602
Nonmetropolitan,2018,"Lumpkin County",GA,us-ga-187,0.16314922915731
Nonmetropolitan,2018,"Macon County",GA,us-ga-193,0.27247044051481
Nonmetropolitan,2018,"Miller County",GA,us-ga-201,0.17739628040057
Nonmetropolitan,2018,"Mitchell County",GA,us-ga-205,0.25295539154856
Nonmetropolitan,2018,"Montgomery County",GA,us-ga-209,0.18314343163539
Nonmetropolitan,2018,"Pierce County",GA,us-ga-229,0.16316316316316
Nonmetropolitan,2018,"Polk County",GA,us-ga-233,0.20924210372748
Nonmetropolitan,2018,"Pulaski County",GA,us-ga-235,0.19581177036948
Nonmetropolitan,2018,"Putnam County",GA,us-ga-237,0.14596654395143
Nonmetropolitan,2018,"Quitman County",GA,us-ga-239,0.32429313329486
Nonmetropolitan,2018,"Rabun County",GA,us-ga-241,0.15759700422277
Nonmetropolitan,2018,"Randolph County",GA,us-ga-243,0.24170413187754
Nonmetropolitan,2018,"Schley County",GA,us-ga-249,0.1568281938326
Nonmetropolitan,2018,"Screven County",GA,us-ga-251,0.16913823498911
Nonmetropolitan,2018,"Seminole County",GA,us-ga-253,0.14488109293304
Nonmetropolitan,2018,"Stephens County",GA,us-ga-257,0.1652299681805
Nonmetropolitan,2018,"Sumter County",GA,us-ga-261,0.19323189926548
Nonmetropolitan,2018,"Taliaferro County",GA,us-ga-265,0.28814872192099
Nonmetropolitan,2018,"Tattnall County",GA,us-ga-267,0.24568192014356
Nonmetropolitan,2018,"Taylor County",GA,us-ga-269,0.21755253399258
Nonmetropolitan,2018,"Telfair County",GA,us-ga-271,0.2969457479213
Nonmetropolitan,2018,"Thomas County",GA,us-ga-275,0.17383589103217
Nonmetropolitan,2018,"Tift County",GA,us-ga-277,0.18243505234587
Nonmetropolitan,2018,"Toombs County",GA,us-ga-279,0.19067604355717
Nonmetropolitan,2018,"Towns County",GA,us-ga-281,0.10824432977319
Nonmetropolitan,2018,"Treutlen County",GA,us-ga-283,0.25534165432621
Nonmetropolitan,2018,"Troup County",GA,us-ga-285,0.17134114124692
Nonmetropolitan,2018,"Turner County",GA,us-ga-287,0.17621306092667
Nonmetropolitan,2018,"Union County",GA,us-ga-291,0.11060272270237
Nonmetropolitan,2018,"Upson County",GA,us-ga-293,0.20096811884493
Nonmetropolitan,2018,"Ware County",GA,us-ga-299,0.17068530543033
Nonmetropolitan,2018,"Warren County",GA,us-ga-301,0.26452599388379
Nonmetropolitan,2018,"Washington County",GA,us-ga-303,0.19842954159593
Nonmetropolitan,2018,"Wayne County",GA,us-ga-305,0.18084788029925
Nonmetropolitan,2018,"Webster County",GA,us-ga-307,0.22450110864745
Nonmetropolitan,2018,"Wheeler County",GA,us-ga-309,0.22027716994894
Nonmetropolitan,2018,"White County",GA,us-ga-311,0.14911767573365
Nonmetropolitan,2018,"Wilcox County",GA,us-ga-315,0.17721319236232
Nonmetropolitan,2018,"Wilkes County",GA,us-ga-317,0.19549303861059
Nonmetropolitan,2018,"Wilkinson County",GA,us-ga-319,0.15524097343725
Nonmetropolitan,2018,"Hawaii County",HI,us-hi-001,0.07553923358317
Nonmetropolitan,2018,"Kalawao County",HI,us-hi-005,0.1304347826087
Nonmetropolitan,2018,"Kauai County",HI,us-hi-007,0.08209720688023
Nonmetropolitan,2018,"Adair County",IA,us-ia-001,0.0576847868596
Nonmetropolitan,2018,"Adams County",IA,us-ia-003,0.05925925925926
Nonmetropolitan,2018,"Allamakee County",IA,us-ia-005,0.12345169281585
Nonmetropolitan,2018,"Appanoose County",IA,us-ia-007,0.0913984523943
Nonmetropolitan,2018,"Audubon County",IA,us-ia-009,0.1017645636935
Nonmetropolitan,2018,"Buchanan County",IA,us-ia-019,0.05879404182183
Nonmetropolitan,2018,"Buena Vista County",IA,us-ia-021,0.22246592511358
Nonmetropolitan,2018,"Butler County",IA,us-ia-023,0.07304882737409
Nonmetropolitan,2018,"Calhoun County",IA,us-ia-025,0.05951872419194
Nonmetropolitan,2018,"Carroll County",IA,us-ia-027,0.06464705029714
Nonmetropolitan,2018,"Cass County",IA,us-ia-029,0.11776574280556
Nonmetropolitan,2018,"Cedar County",IA,us-ia-031,0.05122082723562
Nonmetropolitan,2018,"Cerro Gordo County",IA,us-ia-033,0.06910953763827
Nonmetropolitan,2018,"Cherokee County",IA,us-ia-035,0.07449127906977
Nonmetropolitan,2018,"Chickasaw County",IA,us-ia-037,0.07739380849532
Nonmetropolitan,2018,"Clarke County",IA,us-ia-039,0.10879592810561
Nonmetropolitan,2018,"Clay County",IA,us-ia-041,0.06509392747925
Nonmetropolitan,2018,"Clayton County",IA,us-ia-043,0.08813049330905
Nonmetropolitan,2018,"Clinton County",IA,us-ia-045,0.08936976587811
Nonmetropolitan,2018,"Crawford County",IA,us-ia-047,0.22223217484772
Nonmetropolitan,2018,"Davis County",IA,us-ia-051,0.16780085959885
Nonmetropolitan,2018,"Decatur County",IA,us-ia-053,0.11309891013778
Nonmetropolitan,2018,"Delaware County",IA,us-ia-055,0.0870079405305
Nonmetropolitan,2018,"Des Moines County",IA,us-ia-057,0.08437852183081
Nonmetropolitan,2018,"Dickinson County",IA,us-ia-059,0.04221240334543
Nonmetropolitan,2018,"Emmet County",IA,us-ia-063,0.09512761020882
Nonmetropolitan,2018,"Fayette County",IA,us-ia-065,0.07924801156905
Nonmetropolitan,2018,"Floyd County",IA,us-ia-067,0.10727088886846
Nonmetropolitan,2018,"Franklin County",IA,us-ia-069,0.09423643247791
Nonmetropolitan,2018,"Fremont County",IA,us-ia-071,0.07519550832164
Nonmetropolitan,2018,"Greene County",IA,us-ia-073,0.06347438752784
Nonmetropolitan,2018,"Hamilton County",IA,us-ia-079,0.06546660350545
Nonmetropolitan,2018,"Hancock County",IA,us-ia-081,0.06604627116453
Nonmetropolitan,2018,"Hardin County",IA,us-ia-083,0.08351883914585
Nonmetropolitan,2018,"Henry County",IA,us-ia-087,0.07071297989031
Nonmetropolitan,2018,"Howard County",IA,us-ia-089,0.09705509816339
Nonmetropolitan,2018,"Humboldt County",IA,us-ia-091,0.07782101167315
Nonmetropolitan,2018,"Ida County",IA,us-ia-093,0.06535269709544
Nonmetropolitan,2018,"Iowa County",IA,us-ia-095,0.06211512717537
Nonmetropolitan,2018,"Jackson County",IA,us-ia-097,0.07673122065728
Nonmetropolitan,2018,"Jefferson County",IA,us-ia-101,0.07322994987469
Nonmetropolitan,2018,"Keokuk County",IA,us-ia-107,0.07456017872103
Nonmetropolitan,2018,"Kossuth County",IA,us-ia-109,0.0562252778301
Nonmetropolitan,2018,"Lee County",IA,us-ia-111,0.07830215709549
Nonmetropolitan,2018,"Louisa County",IA,us-ia-115,0.18083863429833
Nonmetropolitan,2018,"Lucas County",IA,us-ia-117,0.07234401349073
Nonmetropolitan,2018,"Lyon County",IA,us-ia-119,0.09446853238733
Nonmetropolitan,2018,"Mahaska County",IA,us-ia-123,0.08822347266881
Nonmetropolitan,2018,"Marion County",IA,us-ia-125,0.06621321488062
Nonmetropolitan,2018,"Marshall County",IA,us-ia-127,0.16351776878093
Nonmetropolitan,2018,"Mitchell County",IA,us-ia-131,0.10101425438596
Nonmetropolitan,2018,"Monona County",IA,us-ia-133,0.07627383557362
Nonmetropolitan,2018,"Monroe County",IA,us-ia-135,0.11964051675716
Nonmetropolitan,2018,"Montgomery County",IA,us-ia-137,0.09917823746104
Nonmetropolitan,2018,"Muscatine County",IA,us-ia-139,0.12412440459512
Nonmetropolitan,2018,"O'brien County",IA,us-ia-141,0.07677902621723
Nonmetropolitan,2018,"Osceola County",IA,us-ia-143,0.10947368421053
Nonmetropolitan,2018,"Page County",IA,us-ia-145,0.0911051212938
Nonmetropolitan,2018,"Palo Alto County",IA,us-ia-147,0.0654116145501
Nonmetropolitan,2018,"Plymouth County",IA,us-ia-149,0.07039312772177
Nonmetropolitan,2018,"Pocahontas County",IA,us-ia-151,0.08581788879936
Nonmetropolitan,2018,"Poweshiek County",IA,us-ia-157,0.07002731561957
Nonmetropolitan,2018,"Ringgold County",IA,us-ia-159,0.07714450201497
Nonmetropolitan,2018,"Sac County",IA,us-ia-161,0.07441794029424
Nonmetropolitan,2018,"Shelby County",IA,us-ia-165,0.08055723803755
Nonmetropolitan,2018,"Sioux County",IA,us-ia-167,0.09164276338179
Nonmetropolitan,2018,"Tama County",IA,us-ia-171,0.090565064075
Nonmetropolitan,2018,"Taylor County",IA,us-ia-173,0.09782104775151
Nonmetropolitan,2018,"Union County",IA,us-ia-175,0.09764428739694
Nonmetropolitan,2018,"Van Buren County",IA,us-ia-177,0.10057757418841
Nonmetropolitan,2018,"Wapello County",IA,us-ia-179,0.1206230529595
Nonmetropolitan,2018,"Wayne County",IA,us-ia-185,0.11095827602017
Nonmetropolitan,2018,"Webster County",IA,us-ia-187,0.09189735300061
Nonmetropolitan,2018,"Winnebago County",IA,us-ia-189,0.08202637057599
Nonmetropolitan,2018,"Winneshiek County",IA,us-ia-191,0.05329760309662
Nonmetropolitan,2018,"Worth County",IA,us-ia-195,0.07213363705391
Nonmetropolitan,2018,"Wright County",IA,us-ia-197,0.08156148048149
Nonmetropolitan,2018,"Adams County",ID,us-id-003,0.10375203915171
Nonmetropolitan,2018,"Bear Lake County",ID,us-id-007,0.06221315655278
Nonmetropolitan,2018,"Benewah County",ID,us-id-009,0.11718627604575
Nonmetropolitan,2018,"Bingham County",ID,us-id-011,0.12465027241938
Nonmetropolitan,2018,"Blaine County",ID,us-id-013,0.11599844297392
Nonmetropolitan,2018,"Bonner County",ID,us-id-017,0.09152499445975
Nonmetropolitan,2018,"Boundary County",ID,us-id-021,0.07968672302337
Nonmetropolitan,2018,"Camas County",ID,us-id-025,0.06393442622951
Nonmetropolitan,2018,"Caribou County",ID,us-id-029,0.07782805429864
Nonmetropolitan,2018,"Cassia County",ID,us-id-031,0.17547644732111
Nonmetropolitan,2018,"Clark County",ID,us-id-033,0.39189189189189
Nonmetropolitan,2018,"Clearwater County",ID,us-id-035,0.10469638049656
Nonmetropolitan,2018,"Custer County",ID,us-id-037,0.1058786346397
Nonmetropolitan,2018,"Elmore County",ID,us-id-039,0.10626069943752
Nonmetropolitan,2018,"Fremont County",ID,us-id-043,0.12294288480155
Nonmetropolitan,2018,"Gooding County",ID,us-id-047,0.20246153846154
Nonmetropolitan,2018,"Idaho County",ID,us-id-049,0.09390651085142
Nonmetropolitan,2018,"Latah County",ID,us-id-057,0.03658982802781
Nonmetropolitan,2018,"Lemhi County",ID,us-id-059,0.07833163784334
Nonmetropolitan,2018,"Lewis County",ID,us-id-061,0.11534195933457
Nonmetropolitan,2018,"Lincoln County",ID,us-id-063,0.20595457335789
Nonmetropolitan,2018,"Madison County",ID,us-id-065,0.04087645000921
Nonmetropolitan,2018,"Minidoka County",ID,us-id-067,0.21582565224184
Nonmetropolitan,2018,"Oneida County",ID,us-id-071,0.08996667900777
Nonmetropolitan,2018,"Payette County",ID,us-id-075,0.14988352745424
Nonmetropolitan,2018,"Shoshone County",ID,us-id-079,0.14415003816378
Nonmetropolitan,2018,"Teton County",ID,us-id-081,0.070922951266
Nonmetropolitan,2018,"Valley County",ID,us-id-085,0.05409410892923
Nonmetropolitan,2018,"Washington County",ID,us-id-087,0.14137979883836
Nonmetropolitan,2018,"Adams County",IL,us-il-001,0.074002685494
Nonmetropolitan,2018,"Brown County",IL,us-il-009,0.15738886663997
Nonmetropolitan,2018,"Bureau County",IL,us-il-011,0.08404395231428
Nonmetropolitan,2018,"Carroll County",IL,us-il-015,0.08555097451274
Nonmetropolitan,2018,"Cass County",IL,us-il-017,0.16003249390739
Nonmetropolitan,2018,"Christian County",IL,us-il-021,0.11166232237451
Nonmetropolitan,2018,"Clark County",IL,us-il-023,0.09090909090909
Nonmetropolitan,2018,"Clay County",IL,us-il-025,0.10053475935829
Nonmetropolitan,2018,"Coles County",IL,us-il-029,0.09514286580008
Nonmetropolitan,2018,"Crawford County",IL,us-il-033,0.13093254112021
Nonmetropolitan,2018,"Cumberland County",IL,us-il-035,0.10351613749672
Nonmetropolitan,2018,"De Witt County",IL,us-il-039,0.0893546124167
Nonmetropolitan,2018,"Douglas County",IL,us-il-041,0.17670346402741
Nonmetropolitan,2018,"Edgar County",IL,us-il-045,0.10771055753262
Nonmetropolitan,2018,"Edwards County",IL,us-il-047,0.08461877479066
Nonmetropolitan,2018,"Effingham County",IL,us-il-049,0.07380676203978
Nonmetropolitan,2018,"Fayette County",IL,us-il-051,0.16987158594616
Nonmetropolitan,2018,"Ford County",IL,us-il-053,0.1000214178625
Nonmetropolitan,2018,"Franklin County",IL,us-il-055,0.12288458053995
Nonmetropolitan,2018,"Gallatin County",IL,us-il-059,0.12033084311633
Nonmetropolitan,2018,"Greene County",IL,us-il-061,0.12118310458559
Nonmetropolitan,2018,"Hamilton County",IL,us-il-065,0.11476533059267
Nonmetropolitan,2018,"Hancock County",IL,us-il-067,0.06848159509202
Nonmetropolitan,2018,"Hardin County",IL,us-il-069,0.18947015425889
Nonmetropolitan,2018,"Henderson County",IL,us-il-071,0.09908328457187
Nonmetropolitan,2018,"Iroquois County",IL,us-il-075,0.10829944268715
Nonmetropolitan,2018,"Jasper County",IL,us-il-079,0.10672231331048
Nonmetropolitan,2018,"Jefferson County",IL,us-il-081,0.14021074736566
Nonmetropolitan,2018,"Jo Daviess County",IL,us-il-085,0.08155591172482
Nonmetropolitan,2018,"Knox County",IL,us-il-095,0.11223369825233
Nonmetropolitan,2018,"Lasalle County",IL,us-il-099,0.11318512394559
Nonmetropolitan,2018,"Lawrence County",IL,us-il-101,0.1531954887218
Nonmetropolitan,2018,"Lee County",IL,us-il-103,0.11154724235992
Nonmetropolitan,2018,"Livingston County",IL,us-il-105,0.10666144200627
Nonmetropolitan,2018,"Logan County",IL,us-il-107,0.11073612130105
Nonmetropolitan,2018,"Marion County",IL,us-il-121,0.11206733138719
Nonmetropolitan,2018,"Mason County",IL,us-il-125,0.11166951452407
Nonmetropolitan,2018,"Massac County",IL,us-il-127,0.13811291267826
Nonmetropolitan,2018,"Mcdonough County",IL,us-il-109,0.06456170860279
Nonmetropolitan,2018,"Montgomery County",IL,us-il-135,0.13379073756432
Nonmetropolitan,2018,"Morgan County",IL,us-il-137,0.08295487688013
Nonmetropolitan,2018,"Moultrie County",IL,us-il-139,0.14701718907988
Nonmetropolitan,2018,"Ogle County",IL,us-il-141,0.10147611831397
Nonmetropolitan,2018,"Perry County",IL,us-il-145,0.15606258148631
Nonmetropolitan,2018,"Pike County",IL,us-il-149,0.1131201163002
Nonmetropolitan,2018,"Pope County",IL,us-il-151,0.14001753873137
Nonmetropolitan,2018,"Pulaski County",IL,us-il-153,0.1425702811245
Nonmetropolitan,2018,"Putnam County",IL,us-il-155,0.07666824420256
Nonmetropolitan,2018,"Randolph County",IL,us-il-157,0.16561986258062
Nonmetropolitan,2018,"Richland County",IL,us-il-159,0.12189189189189
Nonmetropolitan,2018,"Saline County",IL,us-il-165,0.13554568824492
Nonmetropolitan,2018,"Schuyler County",IL,us-il-169,0.10247619047619
Nonmetropolitan,2018,"Scott County",IL,us-il-171,0.07361618432144
Nonmetropolitan,2018,"Shelby County",IL,us-il-173,0.07776638030517
Nonmetropolitan,2018,"Stephenson County",IL,us-il-177,0.07095059412133
Nonmetropolitan,2018,"Union County",IL,us-il-181,0.1227360931436
Nonmetropolitan,2018,"Wabash County",IL,us-il-185,0.0947471772214
Nonmetropolitan,2018,"Warren County",IL,us-il-187,0.12275581498187
Nonmetropolitan,2018,"Washington County",IL,us-il-189,0.07887212856157
Nonmetropolitan,2018,"Wayne County",IL,us-il-191,0.11635954667359
Nonmetropolitan,2018,"White County",IL,us-il-193,0.0865519311587
Nonmetropolitan,2018,"Whiteside County",IL,us-il-195,0.09693345209314
Nonmetropolitan,2018,"Adams County",IN,us-in-001,0.1593572778828
Nonmetropolitan,2018,"Blackford County",IN,us-in-009,0.10584829183555
Nonmetropolitan,2018,"Cass County",IN,us-in-017,0.1579312471096
Nonmetropolitan,2018,"Clinton County",IN,us-in-023,0.13768389287061
Nonmetropolitan,2018,"Crawford County",IN,us-in-025,0.17832261521972
Nonmetropolitan,2018,"Daviess County",IN,us-in-027,0.26794469503824
Nonmetropolitan,2018,"Decatur County",IN,us-in-031,0.09056179775281
Nonmetropolitan,2018,"Dekalb County",IN,us-in-033,0.09754398188469
Nonmetropolitan,2018,"Dubois County",IN,us-in-037,0.09990505327566
Nonmetropolitan,2018,"Fayette County",IN,us-in-041,0.17445578649613
Nonmetropolitan,2018,"Fountain County",IN,us-in-045,0.11283607979185
Nonmetropolitan,2018,"Fulton County",IN,us-in-049,0.12576444348514
Nonmetropolitan,2018,"Gibson County",IN,us-in-051,0.09063074096754
Nonmetropolitan,2018,"Grant County",IN,us-in-053,0.12999278694437
Nonmetropolitan,2018,"Greene County",IN,us-in-055,0.12293859649123
Nonmetropolitan,2018,"Henry County",IN,us-in-065,0.10404624277457
Nonmetropolitan,2018,"Huntington County",IN,us-in-069,0.09047466066983
Nonmetropolitan,2018,"Jackson County",IN,us-in-071,0.13437646900813
Nonmetropolitan,2018,"Jay County",IN,us-in-075,0.15244521840081
Nonmetropolitan,2018,"Jefferson County",IN,us-in-077,0.09884403504019
Nonmetropolitan,2018,"Jennings County",IN,us-in-079,0.14560834175666
Nonmetropolitan,2018,"Knox County",IN,us-in-083,0.11741483863091
Nonmetropolitan,2018,"Kosciusko County",IN,us-in-085,0.14513385947144
Nonmetropolitan,2018,"Lagrange County",IN,us-in-087,0.36260900516106
Nonmetropolitan,2018,"Lawrence County",IN,us-in-093,0.11474083753345
Nonmetropolitan,2018,"Marshall County",IN,us-in-099,0.15207073662311
Nonmetropolitan,2018,"Martin County",IN,us-in-101,0.14459021018479
Nonmetropolitan,2018,"Miami County",IN,us-in-103,0.14488226814032
Nonmetropolitan,2018,"Montgomery County",IN,us-in-107,0.10492182976259
Nonmetropolitan,2018,"Noble County",IN,us-in-113,0.15860138080239
Nonmetropolitan,2018,"Orange County",IN,us-in-117,0.16714761376249
Nonmetropolitan,2018,"Perry County",IN,us-in-123,0.10558091591813
Nonmetropolitan,2018,"Pike County",IN,us-in-125,0.12784188278305
Nonmetropolitan,2018,"Pulaski County",IN,us-in-131,0.11790046479991
Nonmetropolitan,2018,"Randolph County",IN,us-in-135,0.131689613457
Nonmetropolitan,2018,"Ripley County",IN,us-in-137,0.10646486711395
Nonmetropolitan,2018,"Rush County",IN,us-in-139,0.15357917570499
Nonmetropolitan,2018,"Scott County",IN,us-in-143,0.1606334841629
Nonmetropolitan,2018,"Spencer County",IN,us-in-147,0.09885376866968
Nonmetropolitan,2018,"Starke County",IN,us-in-149,0.1594294770206
Nonmetropolitan,2018,"Steuben County",IN,us-in-151,0.09893873409158
Nonmetropolitan,2018,"Switzerland County",IN,us-in-155,0.16875347801892
Nonmetropolitan,2018,"Tipton County",IN,us-in-159,0.11618523613022
Nonmetropolitan,2018,"Wabash County",IN,us-in-169,0.11693994104643
Nonmetropolitan,2018,"Wayne County",IN,us-in-177,0.13241119695345
Nonmetropolitan,2018,"Wells County",IN,us-in-179,0.08897269733347
Nonmetropolitan,2018,"White County",IN,us-in-181,0.11363364082904
Nonmetropolitan,2018,"Allen County",KS,us-ks-001,0.08110309518269
Nonmetropolitan,2018,"Anderson County",KS,us-ks-003,0.08714011516315
Nonmetropolitan,2018,"Atchison County",KS,us-ks-005,0.075608544461
Nonmetropolitan,2018,"Barber County",KS,us-ks-007,0.08482278097546
Nonmetropolitan,2018,"Barton County",KS,us-ks-009,0.11369050916948
Nonmetropolitan,2018,"Bourbon County",KS,us-ks-011,0.08841973244147
Nonmetropolitan,2018,"Brown County",KS,us-ks-013,0.07398349128707
Nonmetropolitan,2018,"Chase County",KS,us-ks-017,0.10148107515085
Nonmetropolitan,2018,"Chautauqua County",KS,us-ks-019,0.12673753066231
Nonmetropolitan,2018,"Cherokee County",KS,us-ks-021,0.11010687899003
Nonmetropolitan,2018,"Cheyenne County",KS,us-ks-023,0.06485355648536
Nonmetropolitan,2018,"Clark County",KS,us-ks-025,0.06444759206799
Nonmetropolitan,2018,"Clay County",KS,us-ks-027,0.0700052900723
Nonmetropolitan,2018,"Cloud County",KS,us-ks-029,0.08556853710713
Nonmetropolitan,2018,"Coffey County",KS,us-ks-031,0.06747730775818
Nonmetropolitan,2018,"Comanche County",KS,us-ks-033,0.0721568627451
Nonmetropolitan,2018,"Cowley County",KS,us-ks-035,0.10117395944504
Nonmetropolitan,2018,"Crawford County",KS,us-ks-037,0.09084292991995
Nonmetropolitan,2018,"Decatur County",KS,us-ks-039,0.08703703703704
Nonmetropolitan,2018,"Dickinson County",KS,us-ks-041,0.09354494124828
Nonmetropolitan,2018,"Edwards County",KS,us-ks-047,0.15704057279236
Nonmetropolitan,2018,"Elk County",KS,us-ks-049,0.13206550449023
Nonmetropolitan,2018,"Ellis County",KS,us-ks-051,0.07295547022752
Nonmetropolitan,2018,"Ellsworth County",KS,us-ks-053,0.08802816901408
Nonmetropolitan,2018,"Finney County",KS,us-ks-055,0.29056306723467
Nonmetropolitan,2018,"Ford County",KS,us-ks-057,0.28525296017223
Nonmetropolitan,2018,"Franklin County",KS,us-ks-059,0.07416338293242
Nonmetropolitan,2018,"Gove County",KS,us-ks-063,0.08684347373895
Nonmetropolitan,2018,"Graham County",KS,us-ks-065,0.08837453971594
Nonmetropolitan,2018,"Grant County",KS,us-ks-067,0.26512141280353
Nonmetropolitan,2018,"Gray County",KS,us-ks-069,0.22906208718626
Nonmetropolitan,2018,"Greeley County",KS,us-ks-071,0.12787723785166
Nonmetropolitan,2018,"Greenwood County",KS,us-ks-073,0.08396775638155
Nonmetropolitan,2018,"Hamilton County",KS,us-ks-075,0.22376738305942
Nonmetropolitan,2018,"Harper County",KS,us-ks-077,0.09573387506348
Nonmetropolitan,2018,"Haskell County",KS,us-ks-081,0.30871136089924
Nonmetropolitan,2018,"Hodgeman County",KS,us-ks-083,0.09410864575363
Nonmetropolitan,2018,"Jewell County",KS,us-ks-089,0.0600272851296
Nonmetropolitan,2018,"Kearny County",KS,us-ks-093,0.25913481730365
Nonmetropolitan,2018,"Kingman County",KS,us-ks-095,0.05979498861048
Nonmetropolitan,2018,"Kiowa County",KS,us-ks-097,0.10338461538462
Nonmetropolitan,2018,"Labette County",KS,us-ks-099,0.12005486572336
Nonmetropolitan,2018,"Lane County",KS,us-ks-101,0.04464285714286
Nonmetropolitan,2018,"Lincoln County",KS,us-ks-105,0.06342592592593
Nonmetropolitan,2018,"Logan County",KS,us-ks-109,0.08276939094222
Nonmetropolitan,2018,"Lyon County",KS,us-ks-111,0.11648054484451
Nonmetropolitan,2018,"Marion County",KS,us-ks-115,0.09133858267717
Nonmetropolitan,2018,"Marshall County",KS,us-ks-117,0.07326273030611
Nonmetropolitan,2018,"Mcpherson County",KS,us-ks-113,0.0870082815735
Nonmetropolitan,2018,"Meade County",KS,us-ks-119,0.17535545023697
Nonmetropolitan,2018,"Mitchell County",KS,us-ks-123,0.0428024868484
Nonmetropolitan,2018,"Montgomery County",KS,us-ks-125,0.11265703093341
Nonmetropolitan,2018,"Morris County",KS,us-ks-127,0.09972711485984
Nonmetropolitan,2018,"Morton County",KS,us-ks-129,0.14080765143464
Nonmetropolitan,2018,"Nemaha County",KS,us-ks-131,0.06573194632896
Nonmetropolitan,2018,"Neosho County",KS,us-ks-133,0.08470632039468
Nonmetropolitan,2018,"Ness County",KS,us-ks-135,0.09086715867159
Nonmetropolitan,2018,"Norton County",KS,us-ks-137,0.10584123814279
Nonmetropolitan,2018,"Osborne County",KS,us-ks-141,0.07425933051174
Nonmetropolitan,2018,"Ottawa County",KS,us-ks-143,0.0584652862363
Nonmetropolitan,2018,"Pawnee County",KS,us-ks-145,0.12269207861823
Nonmetropolitan,2018,"Phillips County",KS,us-ks-147,0.07407407407407
Nonmetropolitan,2018,"Pratt County",KS,us-ks-151,0.0780998389694
Nonmetropolitan,2018,"Rawlins County",KS,us-ks-153,0.05172413793103
Nonmetropolitan,2018,"Reno County",KS,us-ks-155,0.12137123823182
Nonmetropolitan,2018,"Republic County",KS,us-ks-157,0.04845183486239
Nonmetropolitan,2018,"Rice County",KS,us-ks-159,0.09118347895155
Nonmetropolitan,2018,"Rooks County",KS,us-ks-163,0.09966592427617
Nonmetropolitan,2018,"Rush County",KS,us-ks-165,0.11106214191274
Nonmetropolitan,2018,"Russell County",KS,us-ks-167,0.10346153846154
Nonmetropolitan,2018,"Saline County",KS,us-ks-169,0.09230312356578
Nonmetropolitan,2018,"Scott County",KS,us-ks-171,0.15847165674914
Nonmetropolitan,2018,"Seward County",KS,us-ks-175,0.31810542398778
Nonmetropolitan,2018,"Sheridan County",KS,us-ks-179,0.05421686746988
Nonmetropolitan,2018,"Sherman County",KS,us-ks-181,0.07343788897187
Nonmetropolitan,2018,"Smith County",KS,us-ks-183,0.06702898550725
Nonmetropolitan,2018,"Stafford County",KS,us-ks-185,0.09558067831449
Nonmetropolitan,2018,"Stanton County",KS,us-ks-187,0.18175128771155
Nonmetropolitan,2018,"Stevens County",KS,us-ks-189,0.19994438264739
Nonmetropolitan,2018,"Thomas County",KS,us-ks-193,0.04857085748551
Nonmetropolitan,2018,"Trego County",KS,us-ks-195,0.06669842782277
Nonmetropolitan,2018,"Wallace County",KS,us-ks-199,0.06648451730419
Nonmetropolitan,2018,"Washington County",KS,us-ks-201,0.09320288362513
Nonmetropolitan,2018,"Wichita County",KS,us-ks-203,0.14026845637584
Nonmetropolitan,2018,"Wilson County",KS,us-ks-205,0.126540673788
Nonmetropolitan,2018,"Woodson County",KS,us-ks-207,0.117823479006
Nonmetropolitan,2018,"Adair County",KY,us-ky-001,0.21512695013766
Nonmetropolitan,2018,"Anderson County",KY,us-ky-005,0.1125262605042
Nonmetropolitan,2018,"Ballard County",KY,us-ky-007,0.14767113620325
Nonmetropolitan,2018,"Barren County",KY,us-ky-009,0.17131111635273
Nonmetropolitan,2018,"Bath County",KY,us-ky-011,0.22871757398612
Nonmetropolitan,2018,"Bell County",KY,us-ky-013,0.30468627553419
Nonmetropolitan,2018,"Boyle County",KY,us-ky-021,0.12848040937139
Nonmetropolitan,2018,"Breathitt County",KY,us-ky-025,0.26060147122458
Nonmetropolitan,2018,"Breckinridge County",KY,us-ky-027,0.17774917774918
Nonmetropolitan,2018,"Caldwell County",KY,us-ky-033,0.12119190571492
Nonmetropolitan,2018,"Calloway County",KY,us-ky-035,0.10939060939061
Nonmetropolitan,2018,"Carlisle County",KY,us-ky-039,0.18556701030928
Nonmetropolitan,2018,"Carroll County",KY,us-ky-041,0.22242339832869
Nonmetropolitan,2018,"Casey County",KY,us-ky-045,0.24984072085192
Nonmetropolitan,2018,"Clay County",KY,us-ky-051,0.35729877216917
Nonmetropolitan,2018,"Clinton County",KY,us-ky-053,0.26942639163606
Nonmetropolitan,2018,"Crittenden County",KY,us-ky-055,0.17005115485971
Nonmetropolitan,2018,"Cumberland County",KY,us-ky-057,0.18899470899471
Nonmetropolitan,2018,"Elliott County",KY,us-ky-063,0.21957385337667
Nonmetropolitan,2018,"Estill County",KY,us-ky-065,0.2528600762687
Nonmetropolitan,2018,"Fleming County",KY,us-ky-069,0.21504938397312
Nonmetropolitan,2018,"Floyd County",KY,us-ky-071,0.2621927729409
Nonmetropolitan,2018,"Franklin County",KY,us-ky-073,0.10958360497747
Nonmetropolitan,2018,"Fulton County",KY,us-ky-075,0.2176403207331
Nonmetropolitan,2018,"Garrard County",KY,us-ky-079,0.20094331950882
Nonmetropolitan,2018,"Graves County",KY,us-ky-083,0.14690650326151
Nonmetropolitan,2018,"Grayson County",KY,us-ky-085,0.19915777653004
Nonmetropolitan,2018,"Green County",KY,us-ky-087,0.24170020120724
Nonmetropolitan,2018,"Harlan County",KY,us-ky-095,0.28398199629335
Nonmetropolitan,2018,"Harrison County",KY,us-ky-097,0.16596899224806
Nonmetropolitan,2018,"Hart County",KY,us-ky-099,0.24358565737052
Nonmetropolitan,2018,"Hickman County",KY,us-ky-105,0.21691512017037
Nonmetropolitan,2018,"Hopkins County",KY,us-ky-107,0.13476987052263
Nonmetropolitan,2018,"Jackson County",KY,us-ky-109,0.25652033916497
Nonmetropolitan,2018,"Johnson County",KY,us-ky-115,0.19545454545455
Nonmetropolitan,2018,"Knott County",KY,us-ky-119,0.26855752129552
Nonmetropolitan,2018,"Knox County",KY,us-ky-121,0.27654835805336
Nonmetropolitan,2018,"Laurel County",KY,us-ky-125,0.18853808532274
Nonmetropolitan,2018,"Lawrence County",KY,us-ky-127,0.24942623703296
Nonmetropolitan,2018,"Lee County",KY,us-ky-129,0.29612148573774
Nonmetropolitan,2018,"Leslie County",KY,us-ky-131,0.29789530491096
Nonmetropolitan,2018,"Letcher County",KY,us-ky-133,0.24768089053803
Nonmetropolitan,2018,"Lewis County",KY,us-ky-135,0.26267620450242
Nonmetropolitan,2018,"Lincoln County",KY,us-ky-137,0.21753035238377
Nonmetropolitan,2018,"Livingston County",KY,us-ky-139,0.16404494382022
Nonmetropolitan,2018,"Logan County",KY,us-ky-141,0.15728134190175
Nonmetropolitan,2018,"Lyon County",KY,us-ky-143,0.12086014754356
Nonmetropolitan,2018,"Madison County",KY,us-ky-151,0.12978839839475
Nonmetropolitan,2018,"Magoffin County",KY,us-ky-153,0.30852028098799
Nonmetropolitan,2018,"Marion County",KY,us-ky-155,0.19558891101241
Nonmetropolitan,2018,"Marshall County",KY,us-ky-157,0.12206945178918
Nonmetropolitan,2018,"Martin County",KY,us-ky-159,0.27162834794975
Nonmetropolitan,2018,"Mason County",KY,us-ky-161,0.14440187313751
Nonmetropolitan,2018,"Mccracken County",KY,us-ky-145,0.10217627856366
Nonmetropolitan,2018,"Mccreary County",KY,us-ky-147,0.25440724567362
Nonmetropolitan,2018,"Menifee County",KY,us-ky-165,0.23654299806991
Nonmetropolitan,2018,"Mercer County",KY,us-ky-167,0.14805194805195
Nonmetropolitan,2018,"Metcalfe County",KY,us-ky-169,0.23101130024317
Nonmetropolitan,2018,"Monroe County",KY,us-ky-171,0.25496511003757
Nonmetropolitan,2018,"Montgomery County",KY,us-ky-173,0.15365452907192
Nonmetropolitan,2018,"Morgan County",KY,us-ky-175,0.26643633777055
Nonmetropolitan,2018,"Muhlenberg County",KY,us-ky-177,0.19418278729955
Nonmetropolitan,2018,"Nelson County",KY,us-ky-179,0.1078971533517
Nonmetropolitan,2018,"Nicholas County",KY,us-ky-181,0.22618061309031
Nonmetropolitan,2018,"Ohio County",KY,us-ky-183,0.17859539935322
Nonmetropolitan,2018,"Owen County",KY,us-ky-187,0.17373627862854
Nonmetropolitan,2018,"Owsley County",KY,us-ky-189,0.30850722311396
Nonmetropolitan,2018,"Perry County",KY,us-ky-193,0.23212111587528
Nonmetropolitan,2018,"Pike County",KY,us-ky-195,0.23873399349205
Nonmetropolitan,2018,"Powell County",KY,us-ky-197,0.19532832797044
Nonmetropolitan,2018,"Pulaski County",KY,us-ky-199,0.1811769941039
Nonmetropolitan,2018,"Robertson County",KY,us-ky-201,0.21997389033943
Nonmetropolitan,2018,"Rockcastle County",KY,us-ky-203,0.22363544474394
Nonmetropolitan,2018,"Rowan County",KY,us-ky-205,0.16437085147384
Nonmetropolitan,2018,"Russell County",KY,us-ky-207,0.24517111485133
Nonmetropolitan,2018,"Simpson County",KY,us-ky-213,0.14107611548556
Nonmetropolitan,2018,"Taylor County",KY,us-ky-217,0.14242497579864
Nonmetropolitan,2018,"Todd County",KY,us-ky-219,0.22179896780536
Nonmetropolitan,2018,"Trimble County",KY,us-ky-223,0.15917012448133
Nonmetropolitan,2018,"Union County",KY,us-ky-225,0.12615062761506
Nonmetropolitan,2018,"Washington County",KY,us-ky-229,0.16724393864424
Nonmetropolitan,2018,"Wayne County",KY,us-ky-231,0.28079153872398
Nonmetropolitan,2018,"Webster County",KY,us-ky-233,0.18607985881315
Nonmetropolitan,2018,"Whitley County",KY,us-ky-235,0.20312093628088
Nonmetropolitan,2018,"Wolfe County",KY,us-ky-237,0.30124777183601
Nonmetropolitan,2018,"Allen Parish",LA,us-la-003,0.20103667372645
Nonmetropolitan,2018,"Avoyelles Parish",LA,us-la-009,0.24164117329494
Nonmetropolitan,2018,"Beauregard Parish",LA,us-la-011,0.15309379603863
Nonmetropolitan,2018,"Bienville Parish",LA,us-la-013,0.17103040540541
Nonmetropolitan,2018,"Caldwell Parish",LA,us-la-021,0.23560594905021
Nonmetropolitan,2018,"Catahoula Parish",LA,us-la-025,0.23903019485349
Nonmetropolitan,2018,"Claiborne Parish",LA,us-la-027,0.18809463669277
Nonmetropolitan,2018,"Concordia Parish",LA,us-la-029,0.22881419095178
Nonmetropolitan,2018,"East Carroll Parish",LA,us-la-035,0.3149377593361
Nonmetropolitan,2018,"Evangeline Parish",LA,us-la-039,0.25298804780876
Nonmetropolitan,2018,"Franklin Parish",LA,us-la-041,0.23743475018643
Nonmetropolitan,2018,"Jackson Parish",LA,us-la-049,0.20293354798319
Nonmetropolitan,2018,"Jefferson Davis Parish",LA,us-la-053,0.18897409926205
Nonmetropolitan,2018,"Lasalle Parish",LA,us-la-059,0.22848605577689
Nonmetropolitan,2018,"Lincoln Parish",LA,us-la-061,0.11643276445205
Nonmetropolitan,2018,"Madison Parish",LA,us-la-065,0.2517372492461
Nonmetropolitan,2018,"Natchitoches Parish",LA,us-la-069,0.13498443983402
Nonmetropolitan,2018,"Red River Parish",LA,us-la-081,0.20639782201804
Nonmetropolitan,2018,"Richland Parish",LA,us-la-083,0.20450404489469
Nonmetropolitan,2018,"Sabine Parish",LA,us-la-085,0.14661335272022
Nonmetropolitan,2018,"St. Landry Parish",LA,us-la-097,0.23941246644796
Nonmetropolitan,2018,"St. Mary Parish",LA,us-la-101,0.18684278387439
Nonmetropolitan,2018,"Tensas Parish",LA,us-la-107,0.22285353535354
Nonmetropolitan,2018,"Vernon Parish",LA,us-la-115,0.12792212020577
Nonmetropolitan,2018,"Washington Parish",LA,us-la-117,0.22659628593233
Nonmetropolitan,2018,"Webster Parish",LA,us-la-119,0.16760001464075
Nonmetropolitan,2018,"West Carroll Parish",LA,us-la-123,0.21820303383897
Nonmetropolitan,2018,"Winn Parish",LA,us-la-127,0.18709423568759
Nonmetropolitan,2018,"Dukes County",MA,us-ma-007,0.04516534443484
Nonmetropolitan,2018,"Nantucket County",MA,us-ma-019,0.04735202492212
Nonmetropolitan,2018,"Caroline County",MD,us-md-011,0.16128455938184
Nonmetropolitan,2018,"Dorchester County",MD,us-md-019,0.13069281383047
Nonmetropolitan,2018,"Garrett County",MD,us-md-023,0.10714954145611
Nonmetropolitan,2018,"Kent County",MD,us-md-029,0.12003733218465
Nonmetropolitan,2018,"Talbot County",MD,us-md-041,0.09376780626781
Nonmetropolitan,2018,"Aroostook County",ME,us-me-003,0.12523312566962
Nonmetropolitan,2018,"Franklin County",ME,us-me-007,0.07351712614871
Nonmetropolitan,2018,"Hancock County",ME,us-me-009,0.05870401277121
Nonmetropolitan,2018,"Kennebec County",ME,us-me-011,0.08268722012896
Nonmetropolitan,2018,"Knox County",ME,us-me-013,0.06293496720056
Nonmetropolitan,2018,"Lincoln County",ME,us-me-015,0.07178918381397
Nonmetropolitan,2018,"Oxford County",ME,us-me-017,0.08914307321454
Nonmetropolitan,2018,"Piscataquis County",ME,us-me-021,0.10003868471954
Nonmetropolitan,2018,"Somerset County",ME,us-me-025,0.12094899676721
Nonmetropolitan,2018,"Waldo County",ME,us-me-027,0.07599600564719
Nonmetropolitan,2018,"Washington County",ME,us-me-029,0.1162690921572
Nonmetropolitan,2018,"Alcona County",MI,us-mi-001,0.11440329218107
Nonmetropolitan,2018,"Alger County",MI,us-mi-003,0.10796586059744
Nonmetropolitan,2018,"Allegan County",MI,us-mi-005,0.09348147196712
Nonmetropolitan,2018,"Alpena County",MI,us-mi-007,0.08377236698467
Nonmetropolitan,2018,"Antrim County",MI,us-mi-009,0.08511863625893
Nonmetropolitan,2018,"Arenac County",MI,us-mi-011,0.12557117750439
Nonmetropolitan,2018,"Baraga County",MI,us-mi-013,0.11153784605537
Nonmetropolitan,2018,"Barry County",MI,us-mi-015,0.07342849628195
Nonmetropolitan,2018,"Benzie County",MI,us-mi-019,0.06492718446602
Nonmetropolitan,2018,"Branch County",MI,us-mi-023,0.10910236847343
Nonmetropolitan,2018,"Charlevoix County",MI,us-mi-029,0.06429797638246
Nonmetropolitan,2018,"Cheboygan County",MI,us-mi-031,0.09408907719335
Nonmetropolitan,2018,"Chippewa County",MI,us-mi-033,0.10207305795314
Nonmetropolitan,2018,"Clare County",MI,us-mi-035,0.15272873552943
Nonmetropolitan,2018,"Crawford County",MI,us-mi-039,0.10981825175498
Nonmetropolitan,2018,"Delta County",MI,us-mi-041,0.06069210964713
Nonmetropolitan,2018,"Dickinson County",MI,us-mi-043,0.05225806451613
Nonmetropolitan,2018,"Emmet County",MI,us-mi-047,0.0619613421471
Nonmetropolitan,2018,"Gladwin County",MI,us-mi-051,0.13266556556023
Nonmetropolitan,2018,"Gogebic County",MI,us-mi-053,0.06678547182621
Nonmetropolitan,2018,"Grand Traverse County",MI,us-mi-055,0.04812332642471
Nonmetropolitan,2018,"Gratiot County",MI,us-mi-057,0.09406451154024
Nonmetropolitan,2018,"Hillsdale County",MI,us-mi-059,0.11673811504255
Nonmetropolitan,2018,"Houghton County",MI,us-mi-061,0.07150263951735
Nonmetropolitan,2018,"Huron County",MI,us-mi-063,0.11114465625809
Nonmetropolitan,2018,"Iosco County",MI,us-mi-069,0.11116240894634
Nonmetropolitan,2018,"Iron County",MI,us-mi-071,0.07975319926874
Nonmetropolitan,2018,"Isabella County",MI,us-mi-073,0.08375143723215
Nonmetropolitan,2018,"Kalkaska County",MI,us-mi-079,0.13284601938662
Nonmetropolitan,2018,"Keweenaw County",MI,us-mi-083,0.03937947494033
Nonmetropolitan,2018,"Lake County",MI,us-mi-085,0.17018922208698
Nonmetropolitan,2018,"Leelanau County",MI,us-mi-089,0.04798314268513
Nonmetropolitan,2018,"Lenawee County",MI,us-mi-091,0.09226382928693
Nonmetropolitan,2018,"Luce County",MI,us-mi-095,0.1202425763279
Nonmetropolitan,2018,"Mackinac County",MI,us-mi-097,0.09762564782451
Nonmetropolitan,2018,"Manistee County",MI,us-mi-101,0.09398290223586
Nonmetropolitan,2018,"Marquette County",MI,us-mi-103,0.04682402178071
Nonmetropolitan,2018,"Mason County",MI,us-mi-105,0.07619916454602
Nonmetropolitan,2018,"Mecosta County",MI,us-mi-107,0.10549483343903
Nonmetropolitan,2018,"Menominee County",MI,us-mi-109,0.07591699122246
Nonmetropolitan,2018,"Missaukee County",MI,us-mi-113,0.11197691197691
Nonmetropolitan,2018,"Montmorency County",MI,us-mi-119,0.13190392183471
Nonmetropolitan,2018,"Newaygo County",MI,us-mi-123,0.13233006223073
Nonmetropolitan,2018,"Oceana County",MI,us-mi-127,0.14085753803596
Nonmetropolitan,2018,"Ogemaw County",MI,us-mi-129,0.14486279514997
Nonmetropolitan,2018,"Ontonagon County",MI,us-mi-131,0.07390862944162
Nonmetropolitan,2018,"Osceola County",MI,us-mi-133,0.11787891851943
Nonmetropolitan,2018,"Oscoda County",MI,us-mi-135,0.16682863621639
Nonmetropolitan,2018,"Otsego County",MI,us-mi-137,0.07869860233138
Nonmetropolitan,2018,"Presque Isle County",MI,us-mi-141,0.10876102646351
Nonmetropolitan,2018,"Roscommon County",MI,us-mi-143,0.10100582318687
Nonmetropolitan,2018,"Sanilac County",MI,us-mi-151,0.12142539888619
Nonmetropolitan,2018,"Schoolcraft County",MI,us-mi-153,0.09891554387118
Nonmetropolitan,2018,"St. Joseph County",MI,us-mi-149,0.12893891463744
Nonmetropolitan,2018,"Tuscola County",MI,us-mi-157,0.10657638193603
Nonmetropolitan,2018,"Van Buren County",MI,us-mi-159,0.12838404116397
Nonmetropolitan,2018,"Wexford County",MI,us-mi-165,0.10515743045548
Nonmetropolitan,2018,"Aitkin County",MN,us-mn-001,0.08985038414881
Nonmetropolitan,2018,"Becker County",MN,us-mn-005,0.07353323511569
Nonmetropolitan,2018,"Beltrami County",MN,us-mn-007,0.08652890214458
Nonmetropolitan,2018,"Big Stone County",MN,us-mn-011,0.09780821917808
Nonmetropolitan,2018,"Brown County",MN,us-mn-015,0.07434191495516
Nonmetropolitan,2018,"Cass County",MN,us-mn-021,0.08300132802125
Nonmetropolitan,2018,"Chippewa County",MN,us-mn-023,0.09328493647913
Nonmetropolitan,2018,"Clearwater County",MN,us-mn-029,0.14307004470939
Nonmetropolitan,2018,"Cook County",MN,us-mn-031,0.03379343169919
Nonmetropolitan,2018,"Cottonwood County",MN,us-mn-033,0.09639789770542
Nonmetropolitan,2018,"Crow Wing County",MN,us-mn-035,0.06262386048355
Nonmetropolitan,2018,"Douglas County",MN,us-mn-041,0.04966650337265
Nonmetropolitan,2018,"Faribault County",MN,us-mn-043,0.08441362677118
Nonmetropolitan,2018,"Freeborn County",MN,us-mn-047,0.10148514851485
Nonmetropolitan,2018,"Goodhue County",MN,us-mn-049,0.05651128375879
Nonmetropolitan,2018,"Grant County",MN,us-mn-051,0.06375442739079
Nonmetropolitan,2018,"Hubbard County",MN,us-mn-057,0.07138157894737
Nonmetropolitan,2018,"Itasca County",MN,us-mn-061,0.06435461080052
Nonmetropolitan,2018,"Jackson County",MN,us-mn-063,0.0687570303712
Nonmetropolitan,2018,"Kanabec County",MN,us-mn-065,0.09602182714311
Nonmetropolitan,2018,"Kandiyohi County",MN,us-mn-067,0.11497102157671
Nonmetropolitan,2018,"Kittson County",MN,us-mn-069,0.05962410887881
Nonmetropolitan,2018,"Koochiching County",MN,us-mn-071,0.07681668262581
Nonmetropolitan,2018,"Lac Qui Parle County",MN,us-mn-073,0.0732
Nonmetropolitan,2018,"Lake Of The Woods County",MN,us-mn-077,0.08396946564885
Nonmetropolitan,2018,"Lincoln County",MN,us-mn-081,0.08684863523573
Nonmetropolitan,2018,"Lyon County",MN,us-mn-083,0.0795550719381
Nonmetropolitan,2018,"Mahnomen County",MN,us-mn-087,0.13053820993161
Nonmetropolitan,2018,"Marshall County",MN,us-mn-089,0.11449451887942
Nonmetropolitan,2018,"Martin County",MN,us-mn-091,0.07255275601666
Nonmetropolitan,2018,"Mcleod County",MN,us-mn-085,0.07012145748988
Nonmetropolitan,2018,"Meeker County",MN,us-mn-093,0.07400607748797
Nonmetropolitan,2018,"Morrison County",MN,us-mn-097,0.0993441189331
Nonmetropolitan,2018,"Mower County",MN,us-mn-099,0.13057372734792
Nonmetropolitan,2018,"Murray County",MN,us-mn-101,0.09559310801856
Nonmetropolitan,2018,"Nobles County",MN,us-mn-105,0.22244389027431
Nonmetropolitan,2018,"Norman County",MN,us-mn-107,0.08709960508995
Nonmetropolitan,2018,"Otter Tail County",MN,us-mn-111,0.07708898797984
Nonmetropolitan,2018,"Pennington County",MN,us-mn-113,0.07479708209185
Nonmetropolitan,2018,"Pine County",MN,us-mn-115,0.10370720188902
Nonmetropolitan,2018,"Pipestone County",MN,us-mn-117,0.12413793103448
Nonmetropolitan,2018,"Pope County",MN,us-mn-121,0.06460884778805
Nonmetropolitan,2018,"Red Lake County",MN,us-mn-125,0.06623702112424
Nonmetropolitan,2018,"Redwood County",MN,us-mn-127,0.09183379714039
Nonmetropolitan,2018,"Renville County",MN,us-mn-129,0.10830254715147
Nonmetropolitan,2018,"Rice County",MN,us-mn-131,0.09546361516456
Nonmetropolitan,2018,"Rock County",MN,us-mn-133,0.08171875
Nonmetropolitan,2018,"Roseau County",MN,us-mn-135,0.0730304772858
Nonmetropolitan,2018,"Sibley County",MN,us-mn-143,0.09100663285213
Nonmetropolitan,2018,"Steele County",MN,us-mn-147,0.08391007002744
Nonmetropolitan,2018,"Stevens County",MN,us-mn-149,0.06823247042688
Nonmetropolitan,2018,"Swift County",MN,us-mn-151,0.10279531109107
Nonmetropolitan,2018,"Todd County",MN,us-mn-153,0.12981913374584
Nonmetropolitan,2018,"Traverse County",MN,us-mn-155,0.0797342192691
Nonmetropolitan,2018,"Wadena County",MN,us-mn-159,0.09622661909396
Nonmetropolitan,2018,"Waseca County",MN,us-mn-161,0.06892298203685
Nonmetropolitan,2018,"Watonwan County",MN,us-mn-165,0.16569333152248
Nonmetropolitan,2018,"Wilkin County",MN,us-mn-167,0.06053215077605
Nonmetropolitan,2018,"Winona County",MN,us-mn-169,0.06980774785762
Nonmetropolitan,2018,"Yellow Medicine County",MN,us-mn-173,0.0869438790346
Nonmetropolitan,2018,"Adair County",MO,us-mo-001,0.09351399378054
Nonmetropolitan,2018,"Atchison County",MO,us-mo-005,0.09398879266429
Nonmetropolitan,2018,"Audrain County",MO,us-mo-007,0.14493164671848
Nonmetropolitan,2018,"Barry County",MO,us-mo-009,0.17770742003572
Nonmetropolitan,2018,"Barton County",MO,us-mo-011,0.12756997770622
Nonmetropolitan,2018,"Benton County",MO,us-mo-015,0.14126647995082
Nonmetropolitan,2018,"Butler County",MO,us-mo-023,0.17366294597001
Nonmetropolitan,2018,"Camden County",MO,us-mo-029,0.10854082053093
Nonmetropolitan,2018,"Carroll County",MO,us-mo-033,0.13498221791141
Nonmetropolitan,2018,"Carter County",MO,us-mo-035,0.16853130207094
Nonmetropolitan,2018,"Cedar County",MO,us-mo-039,0.15582936425761
Nonmetropolitan,2018,"Chariton County",MO,us-mo-041,0.09962264150943
Nonmetropolitan,2018,"Clark County",MO,us-mo-045,0.14940364092906
Nonmetropolitan,2018,"Crawford County",MO,us-mo-055,0.22947318462269
Nonmetropolitan,2018,"Dade County",MO,us-mo-057,0.13835440718343
Nonmetropolitan,2018,"Daviess County",MO,us-mo-061,0.15320384824832
Nonmetropolitan,2018,"Dent County",MO,us-mo-065,0.19103580213173
Nonmetropolitan,2018,"Douglas County",MO,us-mo-067,0.18636505136453
Nonmetropolitan,2018,"Dunklin County",MO,us-mo-069,0.245104389855
Nonmetropolitan,2018,"Gasconade County",MO,us-mo-073,0.12676189575253
Nonmetropolitan,2018,"Gentry County",MO,us-mo-075,0.10813206292932
Nonmetropolitan,2018,"Grundy County",MO,us-mo-079,0.12108219988173
Nonmetropolitan,2018,"Harrison County",MO,us-mo-081,0.12797416723317
Nonmetropolitan,2018,"Henry County",MO,us-mo-083,0.12107131332688
Nonmetropolitan,2018,"Hickory County",MO,us-mo-085,0.1511421146218
Nonmetropolitan,2018,"Holt County",MO,us-mo-087,0.09126743480898
Nonmetropolitan,2018,"Howell County",MO,us-mo-091,0.12739811452258
Nonmetropolitan,2018,"Iron County",MO,us-mo-093,0.19197278911565
Nonmetropolitan,2018,"Johnson County",MO,us-mo-101,0.07989940027085
Nonmetropolitan,2018,"Knox County",MO,us-mo-103,0.11958146487294
Nonmetropolitan,2018,"Laclede County",MO,us-mo-105,0.16417477738662
Nonmetropolitan,2018,"Lawrence County",MO,us-mo-109,0.16773206792423
Nonmetropolitan,2018,"Lewis County",MO,us-mo-111,0.13020833333333
Nonmetropolitan,2018,"Linn County",MO,us-mo-115,0.11033987553854
Nonmetropolitan,2018,"Livingston County",MO,us-mo-117,0.14031971580817
Nonmetropolitan,2018,"Macon County",MO,us-mo-121,0.12374073370082
Nonmetropolitan,2018,"Madison County",MO,us-mo-123,0.17842129845866
Nonmetropolitan,2018,"Maries County",MO,us-mo-125,0.13611242696984
Nonmetropolitan,2018,"Marion County",MO,us-mo-127,0.11552440290758
Nonmetropolitan,2018,"Mcdonald County",MO,us-mo-119,0.23459825878913
Nonmetropolitan,2018,"Mercer County",MO,us-mo-129,0.10211554109032
Nonmetropolitan,2018,"Miller County",MO,us-mo-131,0.1344117304783
Nonmetropolitan,2018,"Mississippi County",MO,us-mo-133,0.25514403292181
Nonmetropolitan,2018,"Monroe County",MO,us-mo-137,0.10519438092127
Nonmetropolitan,2018,"Montgomery County",MO,us-mo-139,0.15840372138573
Nonmetropolitan,2018,"Morgan County",MO,us-mo-141,0.20695713281799
Nonmetropolitan,2018,"New Madrid County",MO,us-mo-143,0.21959569611999
Nonmetropolitan,2018,"Nodaway County",MO,us-mo-147,0.0752688172043
Nonmetropolitan,2018,"Oregon County",MO,us-mo-149,0.18178223042447
Nonmetropolitan,2018,"Ozark County",MO,us-mo-153,0.17057971014493
Nonmetropolitan,2018,"Pemiscot County",MO,us-mo-155,0.22929475587703
Nonmetropolitan,2018,"Perry County",MO,us-mo-157,0.1248277973366
Nonmetropolitan,2018,"Pettis County",MO,us-mo-159,0.14913842210197
Nonmetropolitan,2018,"Phelps County",MO,us-mo-161,0.1224709042077
Nonmetropolitan,2018,"Pike County",MO,us-mo-163,0.16
Nonmetropolitan,2018,"Pulaski County",MO,us-mo-169,0.08593103448276
Nonmetropolitan,2018,"Putnam County",MO,us-mo-171,0.10689758136757
Nonmetropolitan,2018,"Ralls County",MO,us-mo-173,0.11444291609354
Nonmetropolitan,2018,"Randolph County",MO,us-mo-175,0.13656746840603
Nonmetropolitan,2018,"Reynolds County",MO,us-mo-179,0.21431660899654
Nonmetropolitan,2018,"Ripley County",MO,us-mo-181,0.20006248698188
Nonmetropolitan,2018,"Saline County",MO,us-mo-195,0.15931356433691
Nonmetropolitan,2018,"Schuyler County",MO,us-mo-197,0.14387271496276
Nonmetropolitan,2018,"Scotland County",MO,us-mo-199,0.22903951172502
Nonmetropolitan,2018,"Scott County",MO,us-mo-201,0.15390746574563
Nonmetropolitan,2018,"Shannon County",MO,us-mo-203,0.19166523161701
Nonmetropolitan,2018,"Shelby County",MO,us-mo-205,0.0989932885906
Nonmetropolitan,2018,"St. Clair County",MO,us-mo-185,0.15869596438317
Nonmetropolitan,2018,"St. Francois County",MO,us-mo-187,0.15567745944672
Nonmetropolitan,2018,"Ste. Genevieve County",MO,us-mo-186,0.11321352228644
Nonmetropolitan,2018,"Stoddard County",MO,us-mo-207,0.19295008739561
Nonmetropolitan,2018,"Stone County",MO,us-mo-209,0.13475732959466
Nonmetropolitan,2018,"Sullivan County",MO,us-mo-211,0.15496422182469
Nonmetropolitan,2018,"Taney County",MO,us-mo-213,0.1130189782574
Nonmetropolitan,2018,"Texas County",MO,us-mo-215,0.16638462798188
Nonmetropolitan,2018,"Vernon County",MO,us-mo-217,0.11461878213019
Nonmetropolitan,2018,"Washington County",MO,us-mo-221,0.23339130434783
Nonmetropolitan,2018,"Wayne County",MO,us-mo-223,0.24732856105405
Nonmetropolitan,2018,"Worth County",MO,us-mo-227,0.12914131169709
Nonmetropolitan,2018,"Wright County",MO,us-mo-229,0.19170358437374
Nonmetropolitan,2018,"Adams County",MS,us-ms-001,0.21581034713248
Nonmetropolitan,2018,"Alcorn County",MS,us-ms-003,0.1852658247892
Nonmetropolitan,2018,"Amite County",MS,us-ms-005,0.20326182136602
Nonmetropolitan,2018,"Attala County",MS,us-ms-007,0.23426998137501
Nonmetropolitan,2018,"Benton County",MS,us-ms-009,0.30147186147186
Nonmetropolitan,2018,"Bolivar County",MS,us-ms-011,0.23055142294956
Nonmetropolitan,2018,"Calhoun County",MS,us-ms-013,0.22908245755861
Nonmetropolitan,2018,"Carroll County",MS,us-ms-015,0.1826710816777
Nonmetropolitan,2018,"Chickasaw County",MS,us-ms-017,0.27687698272823
Nonmetropolitan,2018,"Choctaw County",MS,us-ms-019,0.19555095706156
Nonmetropolitan,2018,"Claiborne County",MS,us-ms-021,0.22561780796076
Nonmetropolitan,2018,"Clarke County",MS,us-ms-023,0.18981481481481
Nonmetropolitan,2018,"Clay County",MS,us-ms-025,0.18363392457892
Nonmetropolitan,2018,"Coahoma County",MS,us-ms-027,0.21295790049207
Nonmetropolitan,2018,"Franklin County",MS,us-ms-037,0.15744920993228
Nonmetropolitan,2018,"George County",MS,us-ms-039,0.18335509138381
Nonmetropolitan,2018,"Greene County",MS,us-ms-041,0.22924373201808
Nonmetropolitan,2018,"Grenada County",MS,us-ms-043,0.20011144389496
Nonmetropolitan,2018,"Humphreys County",MS,us-ms-053,0.28778542950344
Nonmetropolitan,2018,"Issaquena County",MS,us-ms-055,0.29791271347249
Nonmetropolitan,2018,"Itawamba County",MS,us-ms-057,0.21518745218057
Nonmetropolitan,2018,"Jasper County",MS,us-ms-061,0.16921029281278
Nonmetropolitan,2018,"Jefferson County",MS,us-ms-063,0.25189772273272
Nonmetropolitan,2018,"Jefferson Davis County",MS,us-ms-065,0.21231866240472
Nonmetropolitan,2018,"Jones County",MS,us-ms-067,0.16708646323251
Nonmetropolitan,2018,"Kemper County",MS,us-ms-069,0.16705744431419
Nonmetropolitan,2018,"Lafayette County",MS,us-ms-071,0.10536373647729
Nonmetropolitan,2018,"Lauderdale County",MS,us-ms-075,0.14501516410068
Nonmetropolitan,2018,"Lawrence County",MS,us-ms-077,0.16781390932827
Nonmetropolitan,2018,"Leake County",MS,us-ms-079,0.22701599183396
Nonmetropolitan,2018,"Lee County",MS,us-ms-081,0.16234600964114
Nonmetropolitan,2018,"Leflore County",MS,us-ms-083,0.21216313430358
Nonmetropolitan,2018,"Lincoln County",MS,us-ms-085,0.13406878650227
Nonmetropolitan,2018,"Lowndes County",MS,us-ms-087,0.14206857956858
Nonmetropolitan,2018,"Marion County",MS,us-ms-091,0.20736786531354
Nonmetropolitan,2018,"Monroe County",MS,us-ms-095,0.18936514355034
Nonmetropolitan,2018,"Montgomery County",MS,us-ms-097,0.20514603616134
Nonmetropolitan,2018,"Neshoba County",MS,us-ms-099,0.21845725603554
Nonmetropolitan,2018,"Newton County",MS,us-ms-101,0.15338005548255
Nonmetropolitan,2018,"Noxubee County",MS,us-ms-103,0.27825099375355
Nonmetropolitan,2018,"Oktibbeha County",MS,us-ms-105,0.09503367334882
Nonmetropolitan,2018,"Panola County",MS,us-ms-107,0.2162714273026
Nonmetropolitan,2018,"Pearl River County",MS,us-ms-109,0.16009589770911
Nonmetropolitan,2018,"Pike County",MS,us-ms-113,0.18299373040752
Nonmetropolitan,2018,"Pontotoc County",MS,us-ms-115,0.2340541342966
Nonmetropolitan,2018,"Prentiss County",MS,us-ms-117,0.21283863368669
Nonmetropolitan,2018,"Quitman County",MS,us-ms-119,0.29350912778905
Nonmetropolitan,2018,"Scott County",MS,us-ms-123,0.25701744879159
Nonmetropolitan,2018,"Sharkey County",MS,us-ms-125,0.2625290408231
Nonmetropolitan,2018,"Smith County",MS,us-ms-129,0.18440820813485
Nonmetropolitan,2018,"Sunflower County",MS,us-ms-133,0.27088535754824
Nonmetropolitan,2018,"Tallahatchie County",MS,us-ms-135,0.31076737645641
Nonmetropolitan,2018,"Tippah County",MS,us-ms-139,0.22380156075808
Nonmetropolitan,2018,"Tishomingo County",MS,us-ms-141,0.20896834701055
Nonmetropolitan,2018,"Union County",MS,us-ms-145,0.22203496945439
Nonmetropolitan,2018,"Walthall County",MS,us-ms-147,0.19517948717949
Nonmetropolitan,2018,"Warren County",MS,us-ms-149,0.12810440952864
Nonmetropolitan,2018,"Washington County",MS,us-ms-151,0.21522370331266
Nonmetropolitan,2018,"Wayne County",MS,us-ms-153,0.21329783300052
Nonmetropolitan,2018,"Webster County",MS,us-ms-155,0.15383460903497
Nonmetropolitan,2018,"Wilkinson County",MS,us-ms-157,0.28003182179793
Nonmetropolitan,2018,"Winston County",MS,us-ms-159,0.2022906793049
Nonmetropolitan,2018,"Yalobusha County",MS,us-ms-161,0.16853016538551
Nonmetropolitan,2018,"Beaverhead County",MT,us-mt-001,0.04574956466677
Nonmetropolitan,2018,"Big Horn County",MT,us-mt-003,0.11834933817804
Nonmetropolitan,2018,"Blaine County",MT,us-mt-005,0.10919679689396
Nonmetropolitan,2018,"Broadwater County",MT,us-mt-007,0.05610098176718
Nonmetropolitan,2018,"Carter County",MT,us-mt-011,0.07106598984772
Nonmetropolitan,2018,"Chouteau County",MT,us-mt-015,0.06995675400661
Nonmetropolitan,2018,"Custer County",MT,us-mt-017,0.07354885230141
Nonmetropolitan,2018,"Daniels County",MT,us-mt-019,0.0473328324568
Nonmetropolitan,2018,"Dawson County",MT,us-mt-021,0.05864101768539
Nonmetropolitan,2018,"Deer Lodge County",MT,us-mt-023,0.10177054843817
Nonmetropolitan,2018,"Fallon County",MT,us-mt-025,0.04796286745745
Nonmetropolitan,2018,"Fergus County",MT,us-mt-027,0.06785800531273
Nonmetropolitan,2018,"Flathead County",MT,us-mt-029,0.06079637329637
Nonmetropolitan,2018,"Gallatin County",MT,us-mt-031,0.03286321512789
Nonmetropolitan,2018,"Garfield County",MT,us-mt-033,0.04635761589404
Nonmetropolitan,2018,"Glacier County",MT,us-mt-035,0.110515155295
Nonmetropolitan,2018,"Golden Valley County",MT,us-mt-037,0.05244755244755
Nonmetropolitan,2018,"Granite County",MT,us-mt-039,0.08613782051282
Nonmetropolitan,2018,"Hill County",MT,us-mt-041,0.10420939544877
Nonmetropolitan,2018,"Jefferson County",MT,us-mt-043,0.0515849806995
Nonmetropolitan,2018,"Judith Basin County",MT,us-mt-045,0.04708222811671
Nonmetropolitan,2018,"Lake County",MT,us-mt-047,0.08787432498773
Nonmetropolitan,2018,"Lewis And Clark County",MT,us-mt-049,0.05013085941656
Nonmetropolitan,2018,"Liberty County",MT,us-mt-051,0.24955647545831
Nonmetropolitan,2018,"Lincoln County",MT,us-mt-053,0.12173324306026
Nonmetropolitan,2018,"Madison County",MT,us-mt-057,0.046655337556
Nonmetropolitan,2018,"Mccone County",MT,us-mt-055,0.06844741235392
Nonmetropolitan,2018,"Meagher County",MT,us-mt-059,0.05387205387205
Nonmetropolitan,2018,"Mineral County",MT,us-mt-061,0.1079295154185
Nonmetropolitan,2018,"Musselshell County",MT,us-mt-065,0.10473457675753
Nonmetropolitan,2018,"Park County",MT,us-mt-067,0.04573517465475
Nonmetropolitan,2018,"Petroleum County",MT,us-mt-069,0.01183431952663
Nonmetropolitan,2018,"Phillips County",MT,us-mt-071,0.10615114235501
Nonmetropolitan,2018,"Pondera County",MT,us-mt-073,0.07375431672422
Nonmetropolitan,2018,"Powder River County",MT,us-mt-075,0.05186385737439
Nonmetropolitan,2018,"Powell County",MT,us-mt-077,0.11267071320182
Nonmetropolitan,2018,"Prairie County",MT,us-mt-079,0.07201646090535
Nonmetropolitan,2018,"Ravalli County",MT,us-mt-081,0.09036845507434
Nonmetropolitan,2018,"Richland County",MT,us-mt-083,0.07679203249902
Nonmetropolitan,2018,"Roosevelt County",MT,us-mt-085,0.13215995059441
Nonmetropolitan,2018,"Rosebud County",MT,us-mt-087,0.12874199688527
Nonmetropolitan,2018,"Sanders County",MT,us-mt-089,0.10709413369714
Nonmetropolitan,2018,"Sheridan County",MT,us-mt-091,0.07623143080532
Nonmetropolitan,2018,"Silver Bow County",MT,us-mt-093,0.08157254449994
Nonmetropolitan,2018,"Sweet Grass County",MT,us-mt-097,0.04888059701493
Nonmetropolitan,2018,"Teton County",MT,us-mt-099,0.0777115613826
Nonmetropolitan,2018,"Toole County",MT,us-mt-101,0.14837625979843
Nonmetropolitan,2018,"Treasure County",MT,us-mt-103,0.05789473684211
Nonmetropolitan,2018,"Valley County",MT,us-mt-105,0.0615355664283
Nonmetropolitan,2018,"Wheatland County",MT,us-mt-107,0.20223932820154
Nonmetropolitan,2018,"Wibaux County",MT,us-mt-109,0.12639405204461
Nonmetropolitan,2018,"Alleghany County",NC,us-nc-005,0.23365279631202
Nonmetropolitan,2018,"Ashe County",NC,us-nc-009,0.15752273625939
Nonmetropolitan,2018,"Avery County",NC,us-nc-011,0.17715635476989
Nonmetropolitan,2018,"Beaufort County",NC,us-nc-013,0.12422876127195
Nonmetropolitan,2018,"Bertie County",NC,us-nc-015,0.21293429652563
Nonmetropolitan,2018,"Bladen County",NC,us-nc-017,0.19868317528676
Nonmetropolitan,2018,"Carteret County",NC,us-nc-031,0.08859590029834
Nonmetropolitan,2018,"Caswell County",NC,us-nc-033,0.20537428023033
Nonmetropolitan,2018,"Cherokee County",NC,us-nc-039,0.1371579294428
Nonmetropolitan,2018,"Chowan County",NC,us-nc-041,0.16011423131842
Nonmetropolitan,2018,"Clay County",NC,us-nc-043,0.11544950590504
Nonmetropolitan,2018,"Cleveland County",NC,us-nc-045,0.16025158746878
Nonmetropolitan,2018,"Columbus County",NC,us-nc-047,0.18442706216985
Nonmetropolitan,2018,"Dare County",NC,us-nc-055,0.06727954971857
Nonmetropolitan,2018,"Duplin County",NC,us-nc-061,0.25833834134615
Nonmetropolitan,2018,"Graham County",NC,us-nc-075,0.19049983449189
Nonmetropolitan,2018,"Greene County",NC,us-nc-079,0.25900147235979
Nonmetropolitan,2018,"Halifax County",NC,us-nc-083,0.2254128768102
Nonmetropolitan,2018,"Hertford County",NC,us-nc-091,0.20781782320244
Nonmetropolitan,2018,"Hyde County",NC,us-nc-095,0.18386929460581
Nonmetropolitan,2018,"Jackson County",NC,us-nc-099,0.11642388524408
Nonmetropolitan,2018,"Lee County",NC,us-nc-105,0.16556093924711
Nonmetropolitan,2018,"Lenoir County",NC,us-nc-107,0.19590606555318
Nonmetropolitan,2018,"Macon County",NC,us-nc-113,0.11355905998763
Nonmetropolitan,2018,"Martin County",NC,us-nc-117,0.1670086914534
Nonmetropolitan,2018,"Mcdowell County",NC,us-nc-111,0.16209996624835
Nonmetropolitan,2018,"Mitchell County",NC,us-nc-121,0.15454382183908
Nonmetropolitan,2018,"Montgomery County",NC,us-nc-123,0.2070762912652
Nonmetropolitan,2018,"Moore County",NC,us-nc-125,0.09594133302476
Nonmetropolitan,2018,"Northampton County",NC,us-nc-131,0.20546942577683
Nonmetropolitan,2018,"Pasquotank County",NC,us-nc-139,0.13519057208921
Nonmetropolitan,2018,"Perquimans County",NC,us-nc-143,0.13456594819063
Nonmetropolitan,2018,"Polk County",NC,us-nc-149,0.09067898500285
Nonmetropolitan,2018,"Richmond County",NC,us-nc-153,0.19741576709192
Nonmetropolitan,2018,"Robeson County",NC,us-nc-155,0.229365616755
Nonmetropolitan,2018,"Rutherford County",NC,us-nc-161,0.17385711875843
Nonmetropolitan,2018,"Sampson County",NC,us-nc-163,0.2232518757203
Nonmetropolitan,2018,"Scotland County",NC,us-nc-165,0.20152910365802
Nonmetropolitan,2018,"Stanly County",NC,us-nc-167,0.14907982651506
Nonmetropolitan,2018,"Surry County",NC,us-nc-171,0.21696233005111
Nonmetropolitan,2018,"Swain County",NC,us-nc-173,0.21720604646444
Nonmetropolitan,2018,"Transylvania County",NC,us-nc-175,0.11433077074709
Nonmetropolitan,2018,"Tyrrell County",NC,us-nc-177,0.24485472154964
Nonmetropolitan,2018,"Vance County",NC,us-nc-181,0.20036746283614
Nonmetropolitan,2018,"Warren County",NC,us-nc-185,0.19511687591038
Nonmetropolitan,2018,"Washington County",NC,us-nc-187,0.20069162890532
Nonmetropolitan,2018,"Watauga County",NC,us-nc-189,0.10466692486445
Nonmetropolitan,2018,"Wilkes County",NC,us-nc-193,0.21444147797909
Nonmetropolitan,2018,"Wilson County",NC,us-nc-195,0.19691594874394
Nonmetropolitan,2018,"Yancey County",NC,us-nc-199,0.15824376857992
Nonmetropolitan,2018,"Adams County",ND,us-nd-001,0.04499703966844
Nonmetropolitan,2018,"Barnes County",ND,us-nd-003,0.08562811434566
Nonmetropolitan,2018,"Benson County",ND,us-nd-005,0.15530012771392
Nonmetropolitan,2018,"Billings County",ND,us-nd-007,0.11240875912409
Nonmetropolitan,2018,"Bottineau County",ND,us-nd-009,0.08815247996535
Nonmetropolitan,2018,"Bowman County",ND,us-nd-011,0.0980027868091
Nonmetropolitan,2018,"Burke County",ND,us-nd-013,0.0687237026648
Nonmetropolitan,2018,"Cavalier County",ND,us-nd-019,0.08454281567489
Nonmetropolitan,2018,"Dickey County",ND,us-nd-021,0.09890758783584
Nonmetropolitan,2018,"Divide County",ND,us-nd-023,0.05846994535519
Nonmetropolitan,2018,"Dunn County",ND,us-nd-025,0.09863378873709
Nonmetropolitan,2018,"Eddy County",ND,us-nd-027,0.09981740718198
Nonmetropolitan,2018,"Emmons County",ND,us-nd-029,0.12943050577459
Nonmetropolitan,2018,"Foster County",ND,us-nd-031,0.0775825117874
Nonmetropolitan,2018,"Golden Valley County",ND,us-nd-033,0.07722007722008
Nonmetropolitan,2018,"Grant County",ND,us-nd-037,0.08825182686903
Nonmetropolitan,2018,"Griggs County",ND,us-nd-039,0.09614243323442
Nonmetropolitan,2018,"Hettinger County",ND,us-nd-041,0.13372093023256
Nonmetropolitan,2018,"Kidder County",ND,us-nd-043,0.10028818443804
Nonmetropolitan,2018,"Lamoure County",ND,us-nd-045,0.15943012211669
Nonmetropolitan,2018,"Logan County",ND,us-nd-047,0.13365990202939
Nonmetropolitan,2018,"Mchenry County",ND,us-nd-049,0.1014911014911
Nonmetropolitan,2018,"Mcintosh County",ND,us-nd-051,0.19921104536489
Nonmetropolitan,2018,"Mckenzie County",ND,us-nd-053,0.08220439300276
Nonmetropolitan,2018,"Mclean County",ND,us-nd-055,0.08213670304423
Nonmetropolitan,2018,"Mercer County",ND,us-nd-057,0.07334437086093
Nonmetropolitan,2018,"Mountrail County",ND,us-nd-061,0.09023140239168
Nonmetropolitan,2018,"Nelson County",ND,us-nd-063,0.08306854289605
Nonmetropolitan,2018,"Pembina County",ND,us-nd-067,0.11415703935774
Nonmetropolitan,2018,"Pierce County",ND,us-nd-069,0.08065051443744
Nonmetropolitan,2018,"Ramsey County",ND,us-nd-071,0.08170266836086
Nonmetropolitan,2018,"Ransom County",ND,us-nd-073,0.07338730739096
Nonmetropolitan,2018,"Renville County",ND,us-nd-075,0.05956471935853
Nonmetropolitan,2018,"Richland County",ND,us-nd-077,0.09390070921986
Nonmetropolitan,2018,"Rolette County",ND,us-nd-079,0.13747895116671
Nonmetropolitan,2018,"Sargent County",ND,us-nd-081,0.08283185840708
Nonmetropolitan,2018,"Sheridan County",ND,us-nd-083,0.14416058394161
Nonmetropolitan,2018,"Sioux County",ND,us-nd-085,0.16033755274262
Nonmetropolitan,2018,"Slope County",ND,us-nd-087,0.10748560460653
Nonmetropolitan,2018,"Stark County",ND,us-nd-089,0.08202112816424
Nonmetropolitan,2018,"Steele County",ND,us-nd-091,0.03663793103448
Nonmetropolitan,2018,"Stutsman County",ND,us-nd-093,0.08917725013805
Nonmetropolitan,2018,"Towner County",ND,us-nd-095,0.08
Nonmetropolitan,2018,"Traill County",ND,us-nd-097,0.0731977818854
Nonmetropolitan,2018,"Walsh County",ND,us-nd-099,0.14125179668104
Nonmetropolitan,2018,"Ward County",ND,us-nd-101,0.06591224018476
Nonmetropolitan,2018,"Wells County",ND,us-nd-103,0.15015015015015
Nonmetropolitan,2018,"Williams County",ND,us-nd-105,0.07907105335914
Nonmetropolitan,2018,"Adams County",NE,us-ne-001,0.10047026550407
Nonmetropolitan,2018,"Antelope County",NE,us-ne-003,0.07559981892259
Nonmetropolitan,2018,"Arthur County",NE,us-ne-005,0.05714285714286
Nonmetropolitan,2018,"Banner County",NE,us-ne-007,0.02923976608187
Nonmetropolitan,2018,"Blaine County",NE,us-ne-009,0.03693181818182
Nonmetropolitan,2018,"Boone County",NE,us-ne-011,0.05823129251701
Nonmetropolitan,2018,"Box Butte County",NE,us-ne-013,0.08271177410762
Nonmetropolitan,2018,"Boyd County",NE,us-ne-015,0.05437665782493
Nonmetropolitan,2018,"Brown County",NE,us-ne-017,0.07992895204263
Nonmetropolitan,2018,"Buffalo County",NE,us-ne-019,0.06958548360246
Nonmetropolitan,2018,"Burt County",NE,us-ne-021,0.09558665231432
Nonmetropolitan,2018,"Butler County",NE,us-ne-023,0.07860732232592
Nonmetropolitan,2018,"Cedar County",NE,us-ne-027,0.07449956483899
Nonmetropolitan,2018,"Chase County",NE,us-ne-029,0.11395694135115
Nonmetropolitan,2018,"Cherry County",NE,us-ne-031,0.08739495798319
Nonmetropolitan,2018,"Cheyenne County",NE,us-ne-033,0.06713677097106
Nonmetropolitan,2018,"Clay County",NE,us-ne-035,0.09328621908127
Nonmetropolitan,2018,"Colfax County",NE,us-ne-037,0.29773413897281
Nonmetropolitan,2018,"Cuming County",NE,us-ne-039,0.1262278978389
Nonmetropolitan,2018,"Custer County",NE,us-ne-041,0.07130504190502
Nonmetropolitan,2018,"Dawes County",NE,us-ne-045,0.04742421424586
Nonmetropolitan,2018,"Dawson County",NE,us-ne-047,0.22091656874266
Nonmetropolitan,2018,"Deuel County",NE,us-ne-049,0.10187861271676
Nonmetropolitan,2018,"Dodge County",NE,us-ne-053,0.10676098711225
Nonmetropolitan,2018,"Dundy County",NE,us-ne-057,0.1807951987997
Nonmetropolitan,2018,"Fillmore County",NE,us-ne-059,0.08085002442599
Nonmetropolitan,2018,"Franklin County",NE,us-ne-061,0.07318161535029
Nonmetropolitan,2018,"Frontier County",NE,us-ne-063,0.04609331084879
Nonmetropolitan,2018,"Furnas County",NE,us-ne-065,0.11445427728614
Nonmetropolitan,2018,"Gage County",NE,us-ne-067,0.10267973856209
Nonmetropolitan,2018,"Garden County",NE,us-ne-069,0.06792717086835
Nonmetropolitan,2018,"Garfield County",NE,us-ne-071,0.03897007654836
Nonmetropolitan,2018,"Gosper County",NE,us-ne-073,0.04287598944591
Nonmetropolitan,2018,"Grant County",NE,us-ne-075,0.03245436105477
Nonmetropolitan,2018,"Greeley County",NE,us-ne-077,0.06309523809524
Nonmetropolitan,2018,"Hamilton County",NE,us-ne-081,0.05349135169763
Nonmetropolitan,2018,"Harlan County",NE,us-ne-083,0.09946786737618
Nonmetropolitan,2018,"Hayes County",NE,us-ne-085,0.11798561151079
Nonmetropolitan,2018,"Hitchcock County",NE,us-ne-087,0.07262021589794
Nonmetropolitan,2018,"Holt County",NE,us-ne-089,0.07317417714366
Nonmetropolitan,2018,"Hooker County",NE,us-ne-091,0.06457925636008
Nonmetropolitan,2018,"Jefferson County",NE,us-ne-095,0.08757281553398
Nonmetropolitan,2018,"Johnson County",NE,us-ne-097,0.13845336167951
Nonmetropolitan,2018,"Kearney County",NE,us-ne-099,0.03862564563216
Nonmetropolitan,2018,"Keith County",NE,us-ne-101,0.08842631140716
Nonmetropolitan,2018,"Keya Paha County",NE,us-ne-103,0.04718693284936
Nonmetropolitan,2018,"Kimball County",NE,us-ne-105,0.11462300076161
Nonmetropolitan,2018,"Knox County",NE,us-ne-107,0.08835546475996
Nonmetropolitan,2018,"Lincoln County",NE,us-ne-111,0.06771971790325
Nonmetropolitan,2018,"Logan County",NE,us-ne-113,0.07350427350427
Nonmetropolitan,2018,"Loup County",NE,us-ne-115,0.02169197396963
Nonmetropolitan,2018,"Madison County",NE,us-ne-119,0.09853935033791
Nonmetropolitan,2018,"Mcpherson County",NE,us-ne-117,0.1094674556213
Nonmetropolitan,2018,"Morrill County",NE,us-ne-123,0.13365013365013
Nonmetropolitan,2018,"Nance County",NE,us-ne-125,0.08506389776358
Nonmetropolitan,2018,"Nemaha County",NE,us-ne-127,0.06955009780483
Nonmetropolitan,2018,"Nuckolls County",NE,us-ne-129,0.07561132561133
Nonmetropolitan,2018,"Otoe County",NE,us-ne-131,0.08491866556383
Nonmetropolitan,2018,"Pawnee County",NE,us-ne-133,0.11776753712238
Nonmetropolitan,2018,"Perkins County",NE,us-ne-135,0.10664081434804
Nonmetropolitan,2018,"Phelps County",NE,us-ne-137,0.06344120474207
Nonmetropolitan,2018,"Pierce County",NE,us-ne-139,0.0522526229171
Nonmetropolitan,2018,"Platte County",NE,us-ne-141,0.11340823280228
Nonmetropolitan,2018,"Polk County",NE,us-ne-143,0.08034982235583
Nonmetropolitan,2018,"Red Willow County",NE,us-ne-145,0.07876154263987
Nonmetropolitan,2018,"Richardson County",NE,us-ne-147,0.06817008090893
Nonmetropolitan,2018,"Rock County",NE,us-ne-149,0.05070993914807
Nonmetropolitan,2018,"Saline County",NE,us-ne-151,0.15727779674519
Nonmetropolitan,2018,"Scotts Bluff County",NE,us-ne-157,0.12459206014789
Nonmetropolitan,2018,"Sheridan County",NE,us-ne-161,0.0958051420839
Nonmetropolitan,2018,"Sherman County",NE,us-ne-163,0.07037203047961
Nonmetropolitan,2018,"Sioux County",NE,us-ne-165,0.06688963210702
Nonmetropolitan,2018,"Stanton County",NE,us-ne-167,0.07032210474551
Nonmetropolitan,2018,"Thayer County",NE,us-ne-169,0.07341215287325
Nonmetropolitan,2018,"Thomas County",NE,us-ne-171,0.07494646680942
Nonmetropolitan,2018,"Thurston County",NE,us-ne-173,0.12409513960703
Nonmetropolitan,2018,"Valley County",NE,us-ne-175,0.07537688442211
Nonmetropolitan,2018,"Wayne County",NE,us-ne-179,0.04194756554307
Nonmetropolitan,2018,"Webster County",NE,us-ne-181,0.07803700724055
Nonmetropolitan,2018,"Wheeler County",NE,us-ne-183,0.04828660436137
Nonmetropolitan,2018,"York County",NE,us-ne-185,0.0627147766323
Nonmetropolitan,2018,"Belknap County",NH,us-nh-001,0.0744709349049
Nonmetropolitan,2018,"Carroll County",NH,us-nh-003,0.06176208359225
Nonmetropolitan,2018,"Cheshire County",NH,us-nh-005,0.07001301076688
Nonmetropolitan,2018,"Coos County",NH,us-nh-007,0.1136977334097
Nonmetropolitan,2018,"Grafton County",NH,us-nh-009,0.07217495029821
Nonmetropolitan,2018,"Merrimack County",NH,us-nh-013,0.06323939007695
Nonmetropolitan,2018,"Sullivan County",NH,us-nh-019,0.08947715911592
Nonmetropolitan,2018,"Catron County",NM,us-nm-003,0.06087250591816
Nonmetropolitan,2018,"Chaves County",NM,us-nm-005,0.21963418464735
Nonmetropolitan,2018,"Cibola County",NM,us-nm-006,0.17390824878694
Nonmetropolitan,2018,"Colfax County",NM,us-nm-007,0.10794207985959
Nonmetropolitan,2018,"Curry County",NM,us-nm-009,0.17045454545455
Nonmetropolitan,2018,"De Baca County",NM,us-nm-011,0.13735849056604
Nonmetropolitan,2018,"Eddy County",NM,us-nm-015,0.15505970068615
Nonmetropolitan,2018,"Grant County",NM,us-nm-017,0.12886134159752
Nonmetropolitan,2018,"Guadalupe County",NM,us-nm-019,0.201428146385
Nonmetropolitan,2018,"Harding County",NM,us-nm-021,0.1201044386423
Nonmetropolitan,2018,"Hidalgo County",NM,us-nm-023,0.20840117225659
Nonmetropolitan,2018,"Lea County",NM,us-nm-025,0.27093713495602
Nonmetropolitan,2018,"Lincoln County",NM,us-nm-027,0.08472260180377
Nonmetropolitan,2018,"Los Alamos County",NM,us-nm-028,0.02168416213317
Nonmetropolitan,2018,"Luna County",NM,us-nm-029,0.31449172729029
Nonmetropolitan,2018,"Mckinley County",NM,us-nm-031,0.246470856102
Nonmetropolitan,2018,"Mora County",NM,us-nm-033,0.08356206160415
Nonmetropolitan,2018,"Otero County",NM,us-nm-035,0.16460953088024
Nonmetropolitan,2018,"Quay County",NM,us-nm-037,0.17155375800472
Nonmetropolitan,2018,"Rio Arriba County",NM,us-nm-039,0.13768904567118
Nonmetropolitan,2018,"Roosevelt County",NM,us-nm-041,0.19133706524732
Nonmetropolitan,2018,"San Miguel County",NM,us-nm-047,0.18786913871912
Nonmetropolitan,2018,"Sierra County",NM,us-nm-051,0.1527440785673
Nonmetropolitan,2018,"Socorro County",NM,us-nm-053,0.20928108157486
Nonmetropolitan,2018,"Taos County",NM,us-nm-055,0.10896793587174
Nonmetropolitan,2018,"Union County",NM,us-nm-059,0.20039037085231
Nonmetropolitan,2018,"Churchill County",NV,us-nv-001,0.09061095590915
Nonmetropolitan,2018,"Douglas County",NV,us-nv-005,0.06251368513247
Nonmetropolitan,2018,"Elko County",NV,us-nv-007,0.14776218300102
Nonmetropolitan,2018,"Esmeralda County",NV,us-nv-009,0.1222366710013
Nonmetropolitan,2018,"Eureka County",NV,us-nv-011,0.06797583081571
Nonmetropolitan,2018,"Humboldt County",NV,us-nv-013,0.16392399309028
Nonmetropolitan,2018,"Lander County",NV,us-nv-015,0.15109666937449
Nonmetropolitan,2018,"Lincoln County",NV,us-nv-017,0.14411529223379
Nonmetropolitan,2018,"Lyon County",NV,us-nv-019,0.12870144517009
Nonmetropolitan,2018,"Mineral County",NV,us-nv-021,0.12899372947148
Nonmetropolitan,2018,"Nye County",NV,us-nv-023,0.14240094618569
Nonmetropolitan,2018,"Pershing County",NV,us-nv-027,0.1831750339213
Nonmetropolitan,2018,"White Pine County",NV,us-nv-033,0.14095669402774
Nonmetropolitan,2018,"Allegany County",NY,us-ny-003,0.10024871497264
Nonmetropolitan,2018,"Cattaraugus County",NY,us-ny-009,0.11521780124458
Nonmetropolitan,2018,"Cayuga County",NY,us-ny-011,0.12268126643374
Nonmetropolitan,2018,"Chautauqua County",NY,us-ny-013,0.11111976674308
Nonmetropolitan,2018,"Chenango County",NY,us-ny-017,0.11828893145278
Nonmetropolitan,2018,"Clinton County",NY,us-ny-019,0.12115587582342
Nonmetropolitan,2018,"Columbia County",NY,us-ny-021,0.09630311801079
Nonmetropolitan,2018,"Cortland County",NY,us-ny-023,0.09283204031563
Nonmetropolitan,2018,"Delaware County",NY,us-ny-025,0.1178241303819
Nonmetropolitan,2018,"Essex County",NY,us-ny-031,0.08861508475166
Nonmetropolitan,2018,"Franklin County",NY,us-ny-033,0.13175297018606
Nonmetropolitan,2018,"Fulton County",NY,us-ny-035,0.12621761658031
Nonmetropolitan,2018,"Genesee County",NY,us-ny-037,0.07941354658912
Nonmetropolitan,2018,"Greene County",NY,us-ny-039,0.12767098540661
Nonmetropolitan,2018,"Hamilton County",NY,us-ny-041,0.17449095022624
Nonmetropolitan,2018,"Lewis County",NY,us-ny-049,0.10172535786208
Nonmetropolitan,2018,"Montgomery County",NY,us-ny-057,0.14181743781603
Nonmetropolitan,2018,"Otsego County",NY,us-ny-077,0.08762873681309
Nonmetropolitan,2018,"Schuyler County",NY,us-ny-097,0.10712121212121
Nonmetropolitan,2018,"Seneca County",NY,us-ny-099,0.14562754505503
Nonmetropolitan,2018,"St. Lawrence County",NY,us-ny-089,0.1127254509018
Nonmetropolitan,2018,"Steuben County",NY,us-ny-101,0.10006023299887
Nonmetropolitan,2018,"Sullivan County",NY,us-ny-105,0.13830248017928
Nonmetropolitan,2018,"Wyoming County",NY,us-ny-121,0.10369201207796
Nonmetropolitan,2018,"Adams County",OH,us-oh-001,0.20832892928866
Nonmetropolitan,2018,"Ashland County",OH,us-oh-005,0.1138654394534
Nonmetropolitan,2018,"Ashtabula County",OH,us-oh-007,0.14026277372263
Nonmetropolitan,2018,"Athens County",OH,us-oh-009,0.10444868995633
Nonmetropolitan,2018,"Auglaize County",OH,us-oh-011,0.06824062095731
Nonmetropolitan,2018,"Champaign County",OH,us-oh-021,0.09346388131096
Nonmetropolitan,2018,"Clinton County",OH,us-oh-027,0.11516424072031
Nonmetropolitan,2018,"Columbiana County",OH,us-oh-029,0.12177319808941
Nonmetropolitan,2018,"Coshocton County",OH,us-oh-031,0.15754672157111
Nonmetropolitan,2018,"Crawford County",OH,us-oh-033,0.09720435930414
Nonmetropolitan,2018,"Darke County",OH,us-oh-037,0.09321146608563
Nonmetropolitan,2018,"Defiance County",OH,us-oh-039,0.08000308892235
Nonmetropolitan,2018,"Erie County",OH,us-oh-043,0.08078264600004
Nonmetropolitan,2018,"Fayette County",OH,us-oh-047,0.13873689593454
Nonmetropolitan,2018,"Gallia County",OH,us-oh-053,0.18188398803204
Nonmetropolitan,2018,"Guernsey County",OH,us-oh-059,0.14112019862714
Nonmetropolitan,2018,"Hancock County",OH,us-oh-063,0.07747447546351
Nonmetropolitan,2018,"Hardin County",OH,us-oh-065,0.10548281078825
Nonmetropolitan,2018,"Harrison County",OH,us-oh-067,0.14235133908307
Nonmetropolitan,2018,"Henry County",OH,us-oh-069,0.06938819015135
Nonmetropolitan,2018,"Highland County",OH,us-oh-071,0.15813016458376
Nonmetropolitan,2018,"Holmes County",OH,us-oh-075,0.42409553085836
Nonmetropolitan,2018,"Huron County",OH,us-oh-077,0.11757532645699
Nonmetropolitan,2018,"Jackson County",OH,us-oh-079,0.15450022614202
Nonmetropolitan,2018,"Knox County",OH,us-oh-083,0.09332266693333
Nonmetropolitan,2018,"Logan County",OH,us-oh-091,0.08703906300277
Nonmetropolitan,2018,"Marion County",OH,us-oh-101,0.12413108242304
Nonmetropolitan,2018,"Meigs County",OH,us-oh-105,0.17236174836996
Nonmetropolitan,2018,"Mercer County",OH,us-oh-107,0.08337658485949
Nonmetropolitan,2018,"Monroe County",OH,us-oh-111,0.11893798373665
Nonmetropolitan,2018,"Morgan County",OH,us-oh-115,0.13534482758621
Nonmetropolitan,2018,"Muskingum County",OH,us-oh-119,0.12694442540944
Nonmetropolitan,2018,"Noble County",OH,us-oh-121,0.14888607136388
Nonmetropolitan,2018,"Paulding County",OH,us-oh-125,0.10712368683383
Nonmetropolitan,2018,"Pike County",OH,us-oh-131,0.18987145733313
Nonmetropolitan,2018,"Preble County",OH,us-oh-135,0.10607276151941
Nonmetropolitan,2018,"Putnam County",OH,us-oh-137,0.06776053215078
Nonmetropolitan,2018,"Ross County",OH,us-oh-141,0.13293786039314
Nonmetropolitan,2018,"Sandusky County",OH,us-oh-143,0.09766656882888
Nonmetropolitan,2018,"Scioto County",OH,us-oh-145,0.15195289573828
Nonmetropolitan,2018,"Seneca County",OH,us-oh-147,0.08849056603774
Nonmetropolitan,2018,"Shelby County",OH,us-oh-149,0.09906738311408
Nonmetropolitan,2018,"Tuscarawas County",OH,us-oh-157,0.14136828145721
Nonmetropolitan,2018,"Van Wert County",OH,us-oh-161,0.08972967385124
Nonmetropolitan,2018,"Vinton County",OH,us-oh-163,0.20211952365345
Nonmetropolitan,2018,"Washington County",OH,us-oh-167,0.09071749502061
Nonmetropolitan,2018,"Wayne County",OH,us-oh-169,0.140348578168
Nonmetropolitan,2018,"Williams County",OH,us-oh-171,0.10497928554678
Nonmetropolitan,2018,"Wyandot County",OH,us-oh-175,0.09147256475501
Nonmetropolitan,2018,"Adair County",OK,us-ok-001,0.1976865723643
Nonmetropolitan,2018,"Alfalfa County",OK,us-ok-003,0.13203161320316
Nonmetropolitan,2018,"Atoka County",OK,us-ok-005,0.17349571679224
Nonmetropolitan,2018,"Beaver County",OK,us-ok-007,0.15793825799338
Nonmetropolitan,2018,"Beckham County",OK,us-ok-009,0.12966561683308
Nonmetropolitan,2018,"Blaine County",OK,us-ok-011,0.17482616716333
Nonmetropolitan,2018,"Bryan County",OK,us-ok-013,0.13983244976765
Nonmetropolitan,2018,"Caddo County",OK,us-ok-015,0.14505505814552
Nonmetropolitan,2018,"Carter County",OK,us-ok-019,0.12589849705946
Nonmetropolitan,2018,"Cherokee County",OK,us-ok-021,0.14833481569325
Nonmetropolitan,2018,"Choctaw County",OK,us-ok-023,0.18550924105387
Nonmetropolitan,2018,"Cimarron County",OK,us-ok-025,0.1362763915547
Nonmetropolitan,2018,"Coal County",OK,us-ok-029,0.16565228896533
Nonmetropolitan,2018,"Craig County",OK,us-ok-035,0.13441494591937
Nonmetropolitan,2018,"Custer County",OK,us-ok-039,0.14133693926745
Nonmetropolitan,2018,"Delaware County",OK,us-ok-041,0.16072664930269
Nonmetropolitan,2018,"Dewey County",OK,us-ok-043,0.07227414330218
Nonmetropolitan,2018,"Ellis County",OK,us-ok-045,0.12663600990449
Nonmetropolitan,2018,"Garvin County",OK,us-ok-049,0.14347872797593
Nonmetropolitan,2018,"Grant County",OK,us-ok-053,0.099239166391
Nonmetropolitan,2018,"Greer County",OK,us-ok-055,0.15849941383353
Nonmetropolitan,2018,"Harmon County",OK,us-ok-057,0.23096841015018
Nonmetropolitan,2018,"Harper County",OK,us-ok-059,0.17836812144213
Nonmetropolitan,2018,"Haskell County",OK,us-ok-061,0.18250028858363
Nonmetropolitan,2018,"Hughes County",OK,us-ok-063,0.18377911993097
Nonmetropolitan,2018,"Jackson County",OK,us-ok-065,0.17178822658275
Nonmetropolitan,2018,"Jefferson County",OK,us-ok-067,0.17099056603774
Nonmetropolitan,2018,"Johnston County",OK,us-ok-069,0.16065441866702
Nonmetropolitan,2018,"Kay County",OK,us-ok-071,0.13411717144493
Nonmetropolitan,2018,"Kingfisher County",OK,us-ok-073,0.12994573260977
Nonmetropolitan,2018,"Kiowa County",OK,us-ok-075,0.16330128205128
Nonmetropolitan,2018,"Latimer County",OK,us-ok-077,0.12241160726863
Nonmetropolitan,2018,"Le Flore County",OK,us-ok-079,0.1745998752858
Nonmetropolitan,2018,"Love County",OK,us-ok-085,0.15804641286213
Nonmetropolitan,2018,"Major County",OK,us-ok-093,0.11735568679749
Nonmetropolitan,2018,"Marshall County",OK,us-ok-095,0.19186253561254
Nonmetropolitan,2018,"Mayes County",OK,us-ok-097,0.13392760864095
Nonmetropolitan,2018,"Mccurtain County",OK,us-ok-089,0.16928071699666
Nonmetropolitan,2018,"Mcintosh County",OK,us-ok-091,0.14167822468793
Nonmetropolitan,2018,"Murray County",OK,us-ok-099,0.16459240821406
Nonmetropolitan,2018,"Muskogee County",OK,us-ok-101,0.14937017826788
Nonmetropolitan,2018,"Noble County",OK,us-ok-103,0.10210132783293
Nonmetropolitan,2018,"Nowata County",OK,us-ok-105,0.10971874129769
Nonmetropolitan,2018,"Okfuskee County",OK,us-ok-107,0.2076978939724
Nonmetropolitan,2018,"Ottawa County",OK,us-ok-115,0.15054859695116
Nonmetropolitan,2018,"Payne County",OK,us-ok-119,0.08212340163654
Nonmetropolitan,2018,"Pittsburg County",OK,us-ok-121,0.13130309344446
Nonmetropolitan,2018,"Pontotoc County",OK,us-ok-123,0.11336505888046
Nonmetropolitan,2018,"Pottawatomie County",OK,us-ok-125,0.12439677154237
Nonmetropolitan,2018,"Pushmataha County",OK,us-ok-127,0.16517970940607
Nonmetropolitan,2018,"Roger Mills County",OK,us-ok-129,0.10300081103001
Nonmetropolitan,2018,"Seminole County",OK,us-ok-133,0.15430375136579
Nonmetropolitan,2018,"Stephens County",OK,us-ok-137,0.12638595564942
Nonmetropolitan,2018,"Texas County",OK,us-ok-139,0.26768702170857
Nonmetropolitan,2018,"Tillman County",OK,us-ok-141,0.22454155286773
Nonmetropolitan,2018,"Washington County",OK,us-ok-147,0.09288187114751
Nonmetropolitan,2018,"Washita County",OK,us-ok-149,0.10407417080178
Nonmetropolitan,2018,"Woods County",OK,us-ok-151,0.10834629341628
Nonmetropolitan,2018,"Woodward County",OK,us-ok-153,0.11886136462408
Nonmetropolitan,2018,"Baker County",OR,us-or-001,0.10388846896783
Nonmetropolitan,2018,"Clatsop County",OR,us-or-007,0.08437444066583
Nonmetropolitan,2018,"Coos County",OR,us-or-011,0.11153339844579
Nonmetropolitan,2018,"Crook County",OR,us-or-013,0.12438408845091
Nonmetropolitan,2018,"Curry County",OR,us-or-015,0.10947055258663
Nonmetropolitan,2018,"Douglas County",OR,us-or-019,0.10892266853651
Nonmetropolitan,2018,"Gilliam County",OR,us-or-021,0.09668508287293
Nonmetropolitan,2018,"Grant County",OR,us-or-023,0.1122838944495
Nonmetropolitan,2018,"Harney County",OR,us-or-025,0.10218839200761
Nonmetropolitan,2018,"Hood River County",OR,us-or-027,0.18945337620579
Nonmetropolitan,2018,"Jefferson County",OR,us-or-031,0.14004805260496
Nonmetropolitan,2018,"Klamath County",OR,us-or-035,0.125968281368
Nonmetropolitan,2018,"Lake County",OR,us-or-037,0.13104736038024
Nonmetropolitan,2018,"Lincoln County",OR,us-or-041,0.09415214204268
Nonmetropolitan,2018,"Malheur County",OR,us-or-045,0.19106309596267
Nonmetropolitan,2018,"Morrow County",OR,us-or-049,0.24689265536723
Nonmetropolitan,2018,"Sherman County",OR,us-or-055,0.08642972536349
Nonmetropolitan,2018,"Tillamook County",OR,us-or-057,0.09682890476435
Nonmetropolitan,2018,"Umatilla County",OR,us-or-059,0.1782276866668
Nonmetropolitan,2018,"Union County",OR,us-or-061,0.07691863486747
Nonmetropolitan,2018,"Wallowa County",OR,us-or-063,0.07502304147465
Nonmetropolitan,2018,"Wasco County",OR,us-or-065,0.14158311637955
Nonmetropolitan,2018,"Wheeler County",OR,us-or-069,0.0792349726776
Nonmetropolitan,2018,"Bedford County",PA,us-pa-009,0.12525103951574
Nonmetropolitan,2018,"Bradford County",PA,us-pa-015,0.11085674644468
Nonmetropolitan,2018,"Cameron County",PA,us-pa-023,0.08959778085992
Nonmetropolitan,2018,"Clarion County",PA,us-pa-031,0.10430029984438
Nonmetropolitan,2018,"Clearfield County",PA,us-pa-033,0.13076572547299
Nonmetropolitan,2018,"Clinton County",PA,us-pa-035,0.11272122579879
Nonmetropolitan,2018,"Crawford County",PA,us-pa-039,0.10679109211712
Nonmetropolitan,2018,"Elk County",PA,us-pa-047,0.07693339293697
Nonmetropolitan,2018,"Forest County",PA,us-pa-053,0.17579870882304
Nonmetropolitan,2018,"Fulton County",PA,us-pa-057,0.12717370533155
Nonmetropolitan,2018,"Greene County",PA,us-pa-059,0.12582027842051
Nonmetropolitan,2018,"Huntingdon County",PA,us-pa-061,0.10883979588719
Nonmetropolitan,2018,"Indiana County",PA,us-pa-063,0.10335351067843
Nonmetropolitan,2018,"Jefferson County",PA,us-pa-065,0.10332727214725
Nonmetropolitan,2018,"Juniata County",PA,us-pa-067,0.16973890794906
Nonmetropolitan,2018,"Lawrence County",PA,us-pa-073,0.097999105031
Nonmetropolitan,2018,"Mckean County",PA,us-pa-083,0.0890871607692
Nonmetropolitan,2018,"Mifflin County",PA,us-pa-087,0.14792334237121
Nonmetropolitan,2018,"Northumberland County",PA,us-pa-097,0.12865922451161
Nonmetropolitan,2018,"Potter County",PA,us-pa-105,0.11859395532194
Nonmetropolitan,2018,"Schuylkill County",PA,us-pa-107,0.11407982155964
Nonmetropolitan,2018,"Snyder County",PA,us-pa-109,0.14356619008815
Nonmetropolitan,2018,"Somerset County",PA,us-pa-111,0.11936572926768
Nonmetropolitan,2018,"Sullivan County",PA,us-pa-113,0.1027676027676
Nonmetropolitan,2018,"Susquehanna County",PA,us-pa-115,0.10812315754995
Nonmetropolitan,2018,"Tioga County",PA,us-pa-117,0.10156357152654
Nonmetropolitan,2018,"Union County",PA,us-pa-119,0.13619097517847
Nonmetropolitan,2018,"Venango County",PA,us-pa-121,0.10242919218889
Nonmetropolitan,2018,"Warren County",PA,us-pa-123,0.07431418042855
Nonmetropolitan,2018,"Wayne County",PA,us-pa-127,0.1017664050717
Nonmetropolitan,2018,"Abbeville County",SC,us-sc-001,0.19845992299615
Nonmetropolitan,2018,"Allendale County",SC,us-sc-005,0.22277074976859
Nonmetropolitan,2018,"Bamberg County",SC,us-sc-009,0.17720739219713
Nonmetropolitan,2018,"Barnwell County",SC,us-sc-011,0.18860510805501
Nonmetropolitan,2018,"Cherokee County",SC,us-sc-021,0.20372510902117
Nonmetropolitan,2018,"Chesterfield County",SC,us-sc-025,0.23852113119607
Nonmetropolitan,2018,"Colleton County",SC,us-sc-029,0.13345332005821
Nonmetropolitan,2018,"Dillon County",SC,us-sc-033,0.25110543382136
Nonmetropolitan,2018,"Georgetown County",SC,us-sc-043,0.12929594796519
Nonmetropolitan,2018,"Greenwood County",SC,us-sc-047,0.16252178718701
Nonmetropolitan,2018,"Hampton County",SC,us-sc-049,0.17607565694485
Nonmetropolitan,2018,"Lee County",SC,us-sc-061,0.21291807050703
Nonmetropolitan,2018,"Marion County",SC,us-sc-067,0.1920825844509
Nonmetropolitan,2018,"Marlboro County",SC,us-sc-069,0.24095513748191
Nonmetropolitan,2018,"Mccormick County",SC,us-sc-065,0.18740535083291
Nonmetropolitan,2018,"Newberry County",SC,us-sc-071,0.18974339245181
Nonmetropolitan,2018,"Oconee County",SC,us-sc-073,0.16065810884108
Nonmetropolitan,2018,"Orangeburg County",SC,us-sc-075,0.14435167658194
Nonmetropolitan,2018,"Union County",SC,us-sc-087,0.185799601858
Nonmetropolitan,2018,"Williamsburg County",SC,us-sc-089,0.19314418687908
Nonmetropolitan,2018,"Aurora County",SD,us-sd-003,0.13156440022112
Nonmetropolitan,2018,"Beadle County",SD,us-sd-005,0.1472547108512
Nonmetropolitan,2018,"Bennett County",SD,us-sd-007,0.18043135192004
Nonmetropolitan,2018,"Bon Homme County",SD,us-sd-009,0.12280007909828
Nonmetropolitan,2018,"Brookings County",SD,us-sd-011,0.04590796362634
Nonmetropolitan,2018,"Brown County",SD,us-sd-013,0.06833392039451
Nonmetropolitan,2018,"Brule County",SD,us-sd-015,0.12461322081575
Nonmetropolitan,2018,"Buffalo County",SD,us-sd-017,0.20365033621518
Nonmetropolitan,2018,"Butte County",SD,us-sd-019,0.09437491008488
Nonmetropolitan,2018,"Campbell County",SD,us-sd-021,0.10833333333333
Nonmetropolitan,2018,"Charles Mix County",SD,us-sd-023,0.12080069625762
Nonmetropolitan,2018,"Clark County",SD,us-sd-025,0.08966074313409
Nonmetropolitan,2018,"Clay County",SD,us-sd-027,0.04108605085476
Nonmetropolitan,2018,"Codington County",SD,us-sd-029,0.07993879273955
Nonmetropolitan,2018,"Corson County",SD,us-sd-031,0.16875811337084
Nonmetropolitan,2018,"Custer County",SD,us-sd-033,0.05918727915194
Nonmetropolitan,2018,"Davison County",SD,us-sd-035,0.08303571428571
Nonmetropolitan,2018,"Day County",SD,us-sd-037,0.10401831129196
Nonmetropolitan,2018,"Deuel County",SD,us-sd-039,0.09163083030103
Nonmetropolitan,2018,"Dewey County",SD,us-sd-041,0.14373187238157
Nonmetropolitan,2018,"Douglas County",SD,us-sd-043,0.12361178174795
Nonmetropolitan,2018,"Edmunds County",SD,us-sd-045,0.09725315515961
Nonmetropolitan,2018,"Fall River County",SD,us-sd-047,0.07701238390093
Nonmetropolitan,2018,"Faulk County",SD,us-sd-049,0.07220873786408
Nonmetropolitan,2018,"Grant County",SD,us-sd-051,0.09189723320158
Nonmetropolitan,2018,"Gregory County",SD,us-sd-053,0.10677966101695
Nonmetropolitan,2018,"Haakon County",SD,us-sd-055,0.09569377990431
Nonmetropolitan,2018,"Hamlin County",SD,us-sd-057,0.08716970852629
Nonmetropolitan,2018,"Hand County",SD,us-sd-059,0.06327490380504
Nonmetropolitan,2018,"Hanson County",SD,us-sd-061,0.07053140096618
Nonmetropolitan,2018,"Harding County",SD,us-sd-063,0.07456140350877
Nonmetropolitan,2018,"Hughes County",SD,us-sd-065,0.07747984865932
Nonmetropolitan,2018,"Hutchinson County",SD,us-sd-067,0.12337272181053
Nonmetropolitan,2018,"Hyde County",SD,us-sd-069,0.07809330628803
Nonmetropolitan,2018,"Jackson County",SD,us-sd-071,0.17335473515249
Nonmetropolitan,2018,"Jerauld County",SD,us-sd-073,0.11252511721366
Nonmetropolitan,2018,"Jones County",SD,us-sd-075,0.05960264900662
Nonmetropolitan,2018,"Kingsbury County",SD,us-sd-077,0.08669867269133
Nonmetropolitan,2018,"Lake County",SD,us-sd-079,0.07729018740542
Nonmetropolitan,2018,"Lawrence County",SD,us-sd-081,0.06392955169259
Nonmetropolitan,2018,"Lyman County",SD,us-sd-085,0.09875
Nonmetropolitan,2018,"Marshall County",SD,us-sd-091,0.0782874617737
Nonmetropolitan,2018,"Mcpherson County",SD,us-sd-089,0.16543069024529
Nonmetropolitan,2018,"Mellette County",SD,us-sd-095,0.18929712460064
Nonmetropolitan,2018,"Miner County",SD,us-sd-097,0.11855670103093
Nonmetropolitan,2018,"Moody County",SD,us-sd-101,0.09446327683616
Nonmetropolitan,2018,"Oglala Lakota County",SD,us-sd-102,0.23992242692894
Nonmetropolitan,2018,"Perkins County",SD,us-sd-105,0.0618305744888
Nonmetropolitan,2018,"Potter County",SD,us-sd-107,0.08646392367323
Nonmetropolitan,2018,"Roberts County",SD,us-sd-109,0.11527904849039
Nonmetropolitan,2018,"Sanborn County",SD,us-sd-111,0.0842865743528
Nonmetropolitan,2018,"Spink County",SD,us-sd-115,0.09027777777778
Nonmetropolitan,2018,"Stanley County",SD,us-sd-117,0.05913461538462
Nonmetropolitan,2018,"Sully County",SD,us-sd-119,0.04720087815587
Nonmetropolitan,2018,"Todd County",SD,us-sd-121,0.2212139544263
Nonmetropolitan,2018,"Tripp County",SD,us-sd-123,0.09378238341969
Nonmetropolitan,2018,"Walworth County",SD,us-sd-129,0.09881626351004
Nonmetropolitan,2018,"Yankton County",SD,us-sd-135,0.09061059544106
Nonmetropolitan,2018,"Ziebach County",SD,us-sd-137,0.15872020075282
Nonmetropolitan,2018,"Bedford County",TN,us-tn-003,0.19174370417596
Nonmetropolitan,2018,"Benton County",TN,us-tn-005,0.19140658039415
Nonmetropolitan,2018,"Bledsoe County",TN,us-tn-007,0.2506501659044
Nonmetropolitan,2018,"Carroll County",TN,us-tn-017,0.17940387788779
Nonmetropolitan,2018,"Claiborne County",TN,us-tn-025,0.19587446328184
Nonmetropolitan,2018,"Clay County",TN,us-tn-027,0.19374441465594
Nonmetropolitan,2018,"Cocke County",TN,us-tn-029,0.21410579345088
Nonmetropolitan,2018,"Coffee County",TN,us-tn-031,0.13735004717617
Nonmetropolitan,2018,"Cumberland County",TN,us-tn-035,0.13992843801337
Nonmetropolitan,2018,"Decatur County",TN,us-tn-039,0.16478906999041
Nonmetropolitan,2018,"Dekalb County",TN,us-tn-041,0.20053016191431
Nonmetropolitan,2018,"Dyer County",TN,us-tn-045,0.17341449047713
Nonmetropolitan,2018,"Fentress County",TN,us-tn-049,0.20179020100503
Nonmetropolitan,2018,"Franklin County",TN,us-tn-051,0.12751251851329
Nonmetropolitan,2018,"Giles County",TN,us-tn-055,0.14647887323944
Nonmetropolitan,2018,"Greene County",TN,us-tn-059,0.16438494876261
Nonmetropolitan,2018,"Grundy County",TN,us-tn-061,0.24349502088018
Nonmetropolitan,2018,"Hancock County",TN,us-tn-067,0.23708969266151
Nonmetropolitan,2018,"Hardeman County",TN,us-tn-069,0.20939700704225
Nonmetropolitan,2018,"Hardin County",TN,us-tn-071,0.19624408092983
Nonmetropolitan,2018,"Haywood County",TN,us-tn-075,0.17933723196881
Nonmetropolitan,2018,"Henderson County",TN,us-tn-077,0.18811420295852
Nonmetropolitan,2018,"Henry County",TN,us-tn-079,0.14015248864902
Nonmetropolitan,2018,"Hickman County",TN,us-tn-081,0.20336241261771
Nonmetropolitan,2018,"Houston County",TN,us-tn-083,0.23226703755216
Nonmetropolitan,2018,"Humphreys County",TN,us-tn-085,0.15549248235655
Nonmetropolitan,2018,"Jackson County",TN,us-tn-087,0.21530207604385
Nonmetropolitan,2018,"Johnson County",TN,us-tn-091,0.20430424528302
Nonmetropolitan,2018,"Lake County",TN,us-tn-095,0.26461755873521
Nonmetropolitan,2018,"Lauderdale County",TN,us-tn-097,0.23014722284185
Nonmetropolitan,2018,"Lawrence County",TN,us-tn-099,0.17463998892274
Nonmetropolitan,2018,"Lewis County",TN,us-tn-101,0.15367298578199
Nonmetropolitan,2018,"Lincoln County",TN,us-tn-103,0.1688076485701
Nonmetropolitan,2018,"Marshall County",TN,us-tn-117,0.1517736257785
Nonmetropolitan,2018,"Mcminn County",TN,us-tn-107,0.15223583790175
Nonmetropolitan,2018,"Mcnairy County",TN,us-tn-109,0.19040273263181
Nonmetropolitan,2018,"Meigs County",TN,us-tn-121,0.15531493771103
Nonmetropolitan,2018,"Monroe County",TN,us-tn-123,0.21075720596867
Nonmetropolitan,2018,"Moore County",TN,us-tn-127,0.1438611904239
Nonmetropolitan,2018,"Obion County",TN,us-tn-131,0.16568407261838
Nonmetropolitan,2018,"Overton County",TN,us-tn-133,0.20433878929592
Nonmetropolitan,2018,"Perry County",TN,us-tn-135,0.25830192066056
Nonmetropolitan,2018,"Pickett County",TN,us-tn-137,0.23704866562009
Nonmetropolitan,2018,"Putnam County",TN,us-tn-141,0.13991433816031
Nonmetropolitan,2018,"Rhea County",TN,us-tn-143,0.21696744354766
Nonmetropolitan,2018,"Scott County",TN,us-tn-151,0.21232278438487
Nonmetropolitan,2018,"Sevier County",TN,us-tn-155,0.16089499853758
Nonmetropolitan,2018,"Van Buren County",TN,us-tn-175,0.20131857781964
Nonmetropolitan,2018,"Warren County",TN,us-tn-177,0.2090112189315
Nonmetropolitan,2018,"Wayne County",TN,us-tn-181,0.20309937684487
Nonmetropolitan,2018,"Weakley County",TN,us-tn-183,0.15676053060275
Nonmetropolitan,2018,"White County",TN,us-tn-185,0.17844702856224
Nonmetropolitan,2018,"Anderson County",TX,us-tx-001,0.19879073531862
Nonmetropolitan,2018,"Andrews County",TX,us-tx-003,0.25400565504241
Nonmetropolitan,2018,"Angelina County",TX,us-tx-005,0.18912356095942
Nonmetropolitan,2018,"Aransas County",TX,us-tx-007,0.15119100132333
Nonmetropolitan,2018,"Bailey County",TX,us-tx-017,0.25913319718629
Nonmetropolitan,2018,"Baylor County",TX,us-tx-023,0.11466982997232
Nonmetropolitan,2018,"Bee County",TX,us-tx-025,0.26307270356549
Nonmetropolitan,2018,"Blanco County",TX,us-tx-031,0.09346567411084
Nonmetropolitan,2018,"Borden County",TX,us-tx-033,0.06911447084233
Nonmetropolitan,2018,"Bosque County",TX,us-tx-035,0.1494341365771
Nonmetropolitan,2018,"Brewster County",TX,us-tx-043,0.14735591206179
Nonmetropolitan,2018,"Briscoe County",TX,us-tx-045,0.13503649635036
Nonmetropolitan,2018,"Brooks County",TX,us-tx-047,0.2993000241371
Nonmetropolitan,2018,"Brown County",TX,us-tx-049,0.13855843247026
Nonmetropolitan,2018,"Burnet County",TX,us-tx-053,0.11872956562354
Nonmetropolitan,2018,"Calhoun County",TX,us-tx-057,0.1926079447323
Nonmetropolitan,2018,"Camp County",TX,us-tx-063,0.15458358298382
Nonmetropolitan,2018,"Cass County",TX,us-tx-067,0.14508727943611
Nonmetropolitan,2018,"Castro County",TX,us-tx-069,0.26160695357219
Nonmetropolitan,2018,"Cherokee County",TX,us-tx-073,0.20665286812537
Nonmetropolitan,2018,"Childress County",TX,us-tx-075,0.16075030254135
Nonmetropolitan,2018,"Cochran County",TX,us-tx-079,0.3228051391863
Nonmetropolitan,2018,"Coke County",TX,us-tx-081,0.16051884880422
Nonmetropolitan,2018,"Coleman County",TX,us-tx-083,0.18156652011073
Nonmetropolitan,2018,"Collingsworth County",TX,us-tx-087,0.2391412880679
Nonmetropolitan,2018,"Colorado County",TX,us-tx-089,0.18491908482143
Nonmetropolitan,2018,"Comanche County",TX,us-tx-093,0.16207627118644
Nonmetropolitan,2018,"Concho County",TX,us-tx-095,0.37892976588629
Nonmetropolitan,2018,"Cooke County",TX,us-tx-097,0.13828189532177
Nonmetropolitan,2018,"Cottle County",TX,us-tx-101,0.21490803484995
Nonmetropolitan,2018,"Crane County",TX,us-tx-103,0.23146223146223
Nonmetropolitan,2018,"Crockett County",TX,us-tx-105,0.21175489787411
Nonmetropolitan,2018,"Culberson County",TX,us-tx-109,0.3270082226439
Nonmetropolitan,2018,"Dallam County",TX,us-tx-111,0.30783283854761
Nonmetropolitan,2018,"Dawson County",TX,us-tx-115,0.27256252265314
Nonmetropolitan,2018,"Deaf Smith County",TX,us-tx-117,0.26972972972973
Nonmetropolitan,2018,"Delta County",TX,us-tx-119,0.14389901823282
Nonmetropolitan,2018,"Dewitt County",TX,us-tx-123,0.190145684442
Nonmetropolitan,2018,"Dickens County",TX,us-tx-125,0.18465377417342
Nonmetropolitan,2018,"Dimmit County",TX,us-tx-127,0.3270584634221
Nonmetropolitan,2018,"Donley County",TX,us-tx-129,0.11785556047851
Nonmetropolitan,2018,"Duval County",TX,us-tx-131,0.32892197408326
Nonmetropolitan,2018,"Eastland County",TX,us-tx-133,0.16354656257468
Nonmetropolitan,2018,"Edwards County",TX,us-tx-137,0.24280936454849
Nonmetropolitan,2018,"Erath County",TX,us-tx-143,0.13901686461812
Nonmetropolitan,2018,"Fannin County",TX,us-tx-147,0.15029935140529
Nonmetropolitan,2018,"Fayette County",TX,us-tx-149,0.15788305780539
Nonmetropolitan,2018,"Fisher County",TX,us-tx-151,0.14091243561442
Nonmetropolitan,2018,"Floyd County",TX,us-tx-153,0.26523672508501
Nonmetropolitan,2018,"Foard County",TX,us-tx-155,0.22540592168099
Nonmetropolitan,2018,"Franklin County",TX,us-tx-159,0.1129476584022
Nonmetropolitan,2018,"Freestone County",TX,us-tx-161,0.17836004042154
Nonmetropolitan,2018,"Frio County",TX,us-tx-163,0.33380211780278
Nonmetropolitan,2018,"Gaines County",TX,us-tx-165,0.38826063543349
Nonmetropolitan,2018,"Garza County",TX,us-tx-169,0.38633891668479
Nonmetropolitan,2018,"Gillespie County",TX,us-tx-171,0.10631004933783
Nonmetropolitan,2018,"Glasscock County",TX,us-tx-173,0.28881278538813
Nonmetropolitan,2018,"Gonzales County",TX,us-tx-177,0.24081878386514
Nonmetropolitan,2018,"Gray County",TX,us-tx-179,0.19902045138659
Nonmetropolitan,2018,"Grimes County",TX,us-tx-185,0.20407948136826
Nonmetropolitan,2018,"Hale County",TX,us-tx-189,0.23816589288278
Nonmetropolitan,2018,"Hall County",TX,us-tx-191,0.24136276391555
Nonmetropolitan,2018,"Hamilton County",TX,us-tx-193,0.18481012658228
Nonmetropolitan,2018,"Hansford County",TX,us-tx-195,0.31151909979272
Nonmetropolitan,2018,"Hardeman County",TX,us-tx-197,0.20977222630419
Nonmetropolitan,2018,"Hartley County",TX,us-tx-205,0.1836216839677
Nonmetropolitan,2018,"Haskell County",TX,us-tx-207,0.27804759592035
Nonmetropolitan,2018,"Hemphill County",TX,us-tx-211,0.20532786885246
Nonmetropolitan,2018,"Henderson County",TX,us-tx-213,0.16468404772426
Nonmetropolitan,2018,"Hill County",TX,us-tx-217,0.17630249316657
Nonmetropolitan,2018,"Hockley County",TX,us-tx-219,0.24014212066323
Nonmetropolitan,2018,"Hood County",TX,us-tx-221,0.1062320183352
Nonmetropolitan,2018,"Hopkins County",TX,us-tx-223,0.16283185840708
Nonmetropolitan,2018,"Houston County",TX,us-tx-225,0.19739995207285
Nonmetropolitan,2018,"Howard County",TX,us-tx-227,0.20824989987986
Nonmetropolitan,2018,"Hutchinson County",TX,us-tx-233,0.14510996393466
Nonmetropolitan,2018,"Jack County",TX,us-tx-237,0.19891322246007
Nonmetropolitan,2018,"Jackson County",TX,us-tx-239,0.16778455284553
Nonmetropolitan,2018,"Jasper County",TX,us-tx-241,0.15392324717084
Nonmetropolitan,2018,"Jeff Davis County",TX,us-tx-243,0.14888628370457
Nonmetropolitan,2018,"Jim Hogg County",TX,us-tx-247,0.2579415501906
Nonmetropolitan,2018,"Jim Wells County",TX,us-tx-249,0.25406748728303
Nonmetropolitan,2018,"Karnes County",TX,us-tx-255,0.23835877862595
Nonmetropolitan,2018,"Kenedy County",TX,us-tx-261,0.6634382566586
Nonmetropolitan,2018,"Kent County",TX,us-tx-263,0.18705035971223
Nonmetropolitan,2018,"Kerr County",TX,us-tx-265,0.11517859546176
Nonmetropolitan,2018,"Kimble County",TX,us-tx-267,0.1570987654321
Nonmetropolitan,2018,"King County",TX,us-tx-269,0.14465408805031
Nonmetropolitan,2018,"Kinney County",TX,us-tx-271,0.26610848198034
Nonmetropolitan,2018,"Kleberg County",TX,us-tx-273,0.20842263801193
Nonmetropolitan,2018,"Knox County",TX,us-tx-275,0.19520403870425
Nonmetropolitan,2018,"La Salle County",TX,us-tx-283,0.31745404230085
Nonmetropolitan,2018,"Lamar County",TX,us-tx-277,0.15444233281862
Nonmetropolitan,2018,"Lamb County",TX,us-tx-279,0.25948988145132
Nonmetropolitan,2018,"Lavaca County",TX,us-tx-285,0.14724730556365
Nonmetropolitan,2018,"Lee County",TX,us-tx-287,0.16116488074663
Nonmetropolitan,2018,"Leon County",TX,us-tx-289,0.1760498960499
Nonmetropolitan,2018,"Limestone County",TX,us-tx-293,0.18883160444748
Nonmetropolitan,2018,"Lipscomb County",TX,us-tx-295,0.17846153846154
Nonmetropolitan,2018,"Live Oak County",TX,us-tx-297,0.2080345965631
Nonmetropolitan,2018,"Llano County",TX,us-tx-299,0.14014007970052
Nonmetropolitan,2018,"Loving County",TX,us-tx-301,0.22666666666667
Nonmetropolitan,2018,"Madison County",TX,us-tx-313,0.20012385179069
Nonmetropolitan,2018,"Marion County",TX,us-tx-315,0.1650600818698
Nonmetropolitan,2018,"Mason County",TX,us-tx-319,0.11827956989247
Nonmetropolitan,2018,"Matagorda County",TX,us-tx-321,0.21744532803181
Nonmetropolitan,2018,"Maverick County",TX,us-tx-323,0.4031466601239
Nonmetropolitan,2018,"Mcculloch County",TX,us-tx-307,0.19930008748906
Nonmetropolitan,2018,"Mcmullen County",TX,us-tx-311,0.09698275862069
Nonmetropolitan,2018,"Menard County",TX,us-tx-327,0.18356643356643
Nonmetropolitan,2018,"Milam County",TX,us-tx-331,0.17780732503324
Nonmetropolitan,2018,"Mills County",TX,us-tx-333,0.19525065963061
Nonmetropolitan,2018,"Mitchell County",TX,us-tx-335,0.21234182700641
Nonmetropolitan,2018,"Montague County",TX,us-tx-337,0.14513509523106
Nonmetropolitan,2018,"Moore County",TX,us-tx-341,0.33325343560243
Nonmetropolitan,2018,"Morris County",TX,us-tx-343,0.11633806064799
Nonmetropolitan,2018,"Motley County",TX,us-tx-345,0.1378002528445
Nonmetropolitan,2018,"Nacogdoches County",TX,us-tx-347,0.16741827885257
Nonmetropolitan,2018,"Navarro County",TX,us-tx-349,0.21714700590296
Nonmetropolitan,2018,"Newton County",TX,us-tx-351,0.16295838483725
Nonmetropolitan,2018,"Nolan County",TX,us-tx-353,0.18943097888276
Nonmetropolitan,2018,"Ochiltree County",TX,us-tx-357,0.24732750242954
Nonmetropolitan,2018,"Palo Pinto County",TX,us-tx-363,0.16052836052836
Nonmetropolitan,2018,"Panola County",TX,us-tx-365,0.16344630978777
Nonmetropolitan,2018,"Parmer County",TX,us-tx-369,0.29232804232804
Nonmetropolitan,2018,"Pecos County",TX,us-tx-371,0.30482041587902
Nonmetropolitan,2018,"Polk County",TX,us-tx-373,0.19805440671055
Nonmetropolitan,2018,"Presidio County",TX,us-tx-377,0.4760973489787
Nonmetropolitan,2018,"Rains County",TX,us-tx-379,0.1521302962351
Nonmetropolitan,2018,"Reagan County",TX,us-tx-383,0.2023653088042
Nonmetropolitan,2018,"Real County",TX,us-tx-385,0.15327868852459
Nonmetropolitan,2018,"Red River County",TX,us-tx-387,0.15549750113585
Nonmetropolitan,2018,"Reeves County",TX,us-tx-389,0.36136205698402
Nonmetropolitan,2018,"Refugio County",TX,us-tx-391,0.19326530612245
Nonmetropolitan,2018,"Roberts County",TX,us-tx-393,0.08994708994709
Nonmetropolitan,2018,"Runnels County",TX,us-tx-399,0.2148392652124
Nonmetropolitan,2018,"Sabine County",TX,us-tx-403,0.13722792094071
Nonmetropolitan,2018,"San Augustine County",TX,us-tx-405,0.19186806009144
Nonmetropolitan,2018,"San Jacinto County",TX,us-tx-407,0.16067546387583
Nonmetropolitan,2018,"San Saba County",TX,us-tx-411,0.25760792639774
Nonmetropolitan,2018,"Schleicher County",TX,us-tx-413,0.21489255372314
Nonmetropolitan,2018,"Scurry County",TX,us-tx-415,0.22165865812422
Nonmetropolitan,2018,"Shackelford County",TX,us-tx-417,0.15412026726058
Nonmetropolitan,2018,"Shelby County",TX,us-tx-419,0.24950980392157
Nonmetropolitan,2018,"Sherman County",TX,us-tx-421,0.23470363288719
Nonmetropolitan,2018,"Somervell County",TX,us-tx-425,0.12173476222371
Nonmetropolitan,2018,"Starr County",TX,us-tx-427,0.48516056019239
Nonmetropolitan,2018,"Stephens County",TX,us-tx-429,0.22936779819371
Nonmetropolitan,2018,"Stonewall County",TX,us-tx-433,0.1061678463094
Nonmetropolitan,2018,"Sutton County",TX,us-tx-435,0.24746145167356
Nonmetropolitan,2018,"Swisher County",TX,us-tx-437,0.26783949397114
Nonmetropolitan,2018,"Terrell County",TX,us-tx-443,0.18549511854951
Nonmetropolitan,2018,"Terry County",TX,us-tx-445,0.31585502553244
Nonmetropolitan,2018,"Throckmorton County",TX,us-tx-447,0.14742451154529
Nonmetropolitan,2018,"Titus County",TX,us-tx-449,0.24230537115269
Nonmetropolitan,2018,"Trinity County",TX,us-tx-455,0.16591760299625
Nonmetropolitan,2018,"Tyler County",TX,us-tx-457,0.15614046690034
Nonmetropolitan,2018,"Upton County",TX,us-tx-461,0.21765469493726
Nonmetropolitan,2018,"Uvalde County",TX,us-tx-463,0.27645030908226
Nonmetropolitan,2018,"Val Verde County",TX,us-tx-465,0.31780411388094
Nonmetropolitan,2018,"Van Zandt County",TX,us-tx-467,0.16452832197615
Nonmetropolitan,2018,"Walker County",TX,us-tx-471,0.1485264205652
Nonmetropolitan,2018,"Ward County",TX,us-tx-475,0.21260713298314
Nonmetropolitan,2018,"Washington County",TX,us-tx-477,0.14240738344762
Nonmetropolitan,2018,"Wharton County",TX,us-tx-481,0.21651437486071
Nonmetropolitan,2018,"Wheeler County",TX,us-tx-483,0.18696120689655
Nonmetropolitan,2018,"Wilbarger County",TX,us-tx-487,0.21452589105582
Nonmetropolitan,2018,"Willacy County",TX,us-tx-489,0.34095588235294
Nonmetropolitan,2018,"Winkler County",TX,us-tx-495,0.32988783813503
Nonmetropolitan,2018,"Wood County",TX,us-tx-499,0.15187654552853
Nonmetropolitan,2018,"Yoakum County",TX,us-tx-501,0.31836327345309
Nonmetropolitan,2018,"Young County",TX,us-tx-503,0.1622859898722
Nonmetropolitan,2018,"Zapata County",TX,us-tx-505,0.40029780369773
Nonmetropolitan,2018,"Zavala County",TX,us-tx-507,0.38033291369422
Nonmetropolitan,2018,"Beaver County",UT,us-ut-001,0.09682498032013
Nonmetropolitan,2018,"Carbon County",UT,us-ut-007,0.09155309155309
Nonmetropolitan,2018,"Daggett County",UT,us-ut-009,0.03827751196172
Nonmetropolitan,2018,"Duchesne County",UT,us-ut-013,0.12115269843976
Nonmetropolitan,2018,"Emery County",UT,us-ut-015,0.06148253516675
Nonmetropolitan,2018,"Garfield County",UT,us-ut-017,0.07992998833139
Nonmetropolitan,2018,"Grand County",UT,us-ut-019,0.09189591078067
Nonmetropolitan,2018,"Iron County",UT,us-ut-021,0.07207564875302
Nonmetropolitan,2018,"Kane County",UT,us-ut-025,0.0719171389486
Nonmetropolitan,2018,"Millard County",UT,us-ut-027,0.11344321400979
Nonmetropolitan,2018,"Piute County",UT,us-ut-031,0.13123167155425
Nonmetropolitan,2018,"Rich County",UT,us-ut-033,0.01409495548961
Nonmetropolitan,2018,"San Juan County",UT,us-ut-037,0.16212564737672
Nonmetropolitan,2018,"Sanpete County",UT,us-ut-039,0.10343217371002
Nonmetropolitan,2018,"Sevier County",UT,us-ut-041,0.10069018404908
Nonmetropolitan,2018,"Summit County",UT,us-ut-043,0.05144538816868
Nonmetropolitan,2018,"Uintah County",UT,us-ut-047,0.13863756043851
Nonmetropolitan,2018,"Wasatch County",UT,us-ut-051,0.04936296949975
Nonmetropolitan,2018,"Wayne County",UT,us-ut-055,0.11525974025974
Nonmetropolitan,2018,"Accomack County",VA,us-va-001,0.1872854418309
Nonmetropolitan,2018,"Alleghany County",VA,us-va-005,0.14420007094714
Nonmetropolitan,2018,"Bath County",VA,us-va-017,0.12840236686391
Nonmetropolitan,2018,"Bland County",VA,us-va-021,0.0847423510467
Nonmetropolitan,2018,"Brunswick County",VA,us-va-025,0.20996412263536
Nonmetropolitan,2018,"Buchanan County",VA,us-va-027,0.29702137881336
Nonmetropolitan,2018,"Buckingham County",VA,us-va-029,0.22057534464898
Nonmetropolitan,2018,"Buena Vista City",VA,us-va-530,0.17457212713936
Nonmetropolitan,2018,"Caroline County",VA,us-va-033,0.14381221940269
Nonmetropolitan,2018,"Carroll County",VA,us-va-035,0.19207840303496
Nonmetropolitan,2018,"Charlotte County",VA,us-va-037,0.16078154425612
Nonmetropolitan,2018,"Covington City",VA,us-va-580,0.13676907829534
Nonmetropolitan,2018,"Cumberland County",VA,us-va-049,0.18986069223036
Nonmetropolitan,2018,"Danville City",VA,us-va-590,0.17951748592088
Nonmetropolitan,2018,"Dickenson County",VA,us-va-051,0.24479356960175
Nonmetropolitan,2018,"Emporia City",VA,us-va-595,0.22418066648306
Nonmetropolitan,2018,"Essex County",VA,us-va-057,0.17223288547665
Nonmetropolitan,2018,"Floyd County",VA,us-va-063,0.14474370112945
Nonmetropolitan,2018,"Galax City",VA,us-va-640,0.28600405679513
Nonmetropolitan,2018,"Grayson County",VA,us-va-077,0.1790334696603
Nonmetropolitan,2018,"Greensville County",VA,us-va-081,0.23954200204058
Nonmetropolitan,2018,"Halifax County",VA,us-va-083,0.18069732997078
Nonmetropolitan,2018,"Henry County",VA,us-va-089,0.21177372050625
Nonmetropolitan,2018,"Highland County",VA,us-va-091,0.1310861423221
Nonmetropolitan,2018,"King George County",VA,us-va-099,0.06491453992039
Nonmetropolitan,2018,"Lancaster County",VA,us-va-103,0.11104630817683
Nonmetropolitan,2018,"Lee County",VA,us-va-105,0.2431289640592
Nonmetropolitan,2018,"Lexington City",VA,us-va-678,0.10032596885187
Nonmetropolitan,2018,"Louisa County",VA,us-va-109,0.15836575875486
Nonmetropolitan,2018,"Lunenburg County",VA,us-va-111,0.22403100775194
Nonmetropolitan,2018,"Martinsville City",VA,us-va-690,0.17247134750195
Nonmetropolitan,2018,"Mecklenburg County",VA,us-va-117,0.19403705980504
Nonmetropolitan,2018,"Middlesex County",VA,us-va-119,0.1400655419347
Nonmetropolitan,2018,"Northampton County",VA,us-va-131,0.17802900536713
Nonmetropolitan,2018,"Northumberland County",VA,us-va-133,0.09381054348934
Nonmetropolitan,2018,"Norton City",VA,us-va-720,0.19249823071479
Nonmetropolitan,2018,"Nottoway County",VA,us-va-135,0.2179720152644
Nonmetropolitan,2018,"Orange County",VA,us-va-137,0.11604395604396
Nonmetropolitan,2018,"Page County",VA,us-va-139,0.18622522678685
Nonmetropolitan,2018,"Patrick County",VA,us-va-141,0.20635155096012
Nonmetropolitan,2018,"Pittsylvania County",VA,us-va-143,0.17961648198527
Nonmetropolitan,2018,"Prince Edward County",VA,us-va-147,0.13329706202394
Nonmetropolitan,2018,"Richmond County",VA,us-va-159,0.17604897715395
Nonmetropolitan,2018,"Rockbridge County",VA,us-va-163,0.13528681987357
Nonmetropolitan,2018,"Russell County",VA,us-va-167,0.20673600792472
Nonmetropolitan,2018,"Shenandoah County",VA,us-va-171,0.1313505607021
Nonmetropolitan,2018,"Smyth County",VA,us-va-173,0.16899730910053
Nonmetropolitan,2018,"Surry County",VA,us-va-181,0.13631676634358
Nonmetropolitan,2018,"Tazewell County",VA,us-va-185,0.18825482600345
Nonmetropolitan,2018,"Westmoreland County",VA,us-va-193,0.13940407418668
Nonmetropolitan,2018,"Wise County",VA,us-va-195,0.25173051136158
Nonmetropolitan,2018,"Wythe County",VA,us-va-197,0.13972848966463
Nonmetropolitan,2018,"Addison County",VT,us-vt-001,0.07115044247788
Nonmetropolitan,2018,"Bennington County",VT,us-vt-003,0.08125219838199
Nonmetropolitan,2018,"Caledonia County",VT,us-vt-005,0.09063611585901
Nonmetropolitan,2018,"Essex County",VT,us-vt-009,0.14185750636132
Nonmetropolitan,2018,"Lamoille County",VT,us-vt-015,0.07370687213189
Nonmetropolitan,2018,"Orange County",VT,us-vt-017,0.08198740112727
Nonmetropolitan,2018,"Orleans County",VT,us-vt-019,0.12447964260331
Nonmetropolitan,2018,"Rutland County",VT,us-vt-021,0.07696065886513
Nonmetropolitan,2018,"Washington County",VT,us-vt-023,0.06555063972259
Nonmetropolitan,2018,"Windham County",VT,us-vt-025,0.06602765556254
Nonmetropolitan,2018,"Windsor County",VT,us-vt-027,0.067693710556
Nonmetropolitan,2018,"Adams County",WA,us-wa-001,0.35387785687523
Nonmetropolitan,2018,"Clallam County",WA,us-wa-009,0.07268484966327
Nonmetropolitan,2018,"Columbia County",WA,us-wa-013,0.08067171550873
Nonmetropolitan,2018,"Ferry County",WA,us-wa-019,0.13897174942972
Nonmetropolitan,2018,"Garfield County",WA,us-wa-023,0.03304773561812
Nonmetropolitan,2018,"Grant County",WA,us-wa-025,0.23918970881253
Nonmetropolitan,2018,"Grays Harbor County",WA,us-wa-027,0.11113254499508
Nonmetropolitan,2018,"Island County",WA,us-wa-029,0.04701861890172
Nonmetropolitan,2018,"Jefferson County",WA,us-wa-031,0.05301100967755
Nonmetropolitan,2018,"Kittitas County",WA,us-wa-037,0.07948641828707
Nonmetropolitan,2018,"Klickitat County",WA,us-wa-039,0.122178293585
Nonmetropolitan,2018,"Lewis County",WA,us-wa-041,0.12187097959934
Nonmetropolitan,2018,"Lincoln County",WA,us-wa-043,0.08618186617395
Nonmetropolitan,2018,"Mason County",WA,us-wa-045,0.12567735196187
Nonmetropolitan,2018,"Okanogan County",WA,us-wa-047,0.16519672018191
Nonmetropolitan,2018,"Pacific County",WA,us-wa-049,0.11992665036675
Nonmetropolitan,2018,"Pend Oreille County",WA,us-wa-051,0.10216749771039
Nonmetropolitan,2018,"San Juan County",WA,us-wa-055,0.04062919338005
Nonmetropolitan,2018,"Wahkiakum County",WA,us-wa-069,0.0884012539185
Nonmetropolitan,2018,"Whitman County",WA,us-wa-075,0.04752317436349
Nonmetropolitan,2018,"Adams County",WI,us-wi-001,0.12864622288706
Nonmetropolitan,2018,"Ashland County",WI,us-wi-003,0.07914006759294
Nonmetropolitan,2018,"Barron County",WI,us-wi-005,0.09812575762285
Nonmetropolitan,2018,"Bayfield County",WI,us-wi-007,0.05101327742837
Nonmetropolitan,2018,"Buffalo County",WI,us-wi-011,0.08340327318506
Nonmetropolitan,2018,"Burnett County",WI,us-wi-013,0.06917215991782
Nonmetropolitan,2018,"Clark County",WI,us-wi-019,0.18107622077742
Nonmetropolitan,2018,"Crawford County",WI,us-wi-023,0.09033973919012
Nonmetropolitan,2018,"Dodge County",WI,us-wi-027,0.09023118262473
Nonmetropolitan,2018,"Door County",WI,us-wi-029,0.06048556860177
Nonmetropolitan,2018,"Dunn County",WI,us-wi-033,0.06407888905304
Nonmetropolitan,2018,"Florence County",WI,us-wi-037,0.06862170087977
Nonmetropolitan,2018,"Forest County",WI,us-wi-041,0.11302592765099
Nonmetropolitan,2018,"Grant County",WI,us-wi-043,0.07696903002673
Nonmetropolitan,2018,"Green Lake County",WI,us-wi-047,0.10800842992624
Nonmetropolitan,2018,"Iron County",WI,us-wi-051,0.06300064949123
Nonmetropolitan,2018,"Jackson County",WI,us-wi-053,0.11584986521048
Nonmetropolitan,2018,"Jefferson County",WI,us-wi-055,0.08491475805063
Nonmetropolitan,2018,"Juneau County",WI,us-wi-057,0.11889124476392
Nonmetropolitan,2018,"Lafayette County",WI,us-wi-065,0.09833465503569
Nonmetropolitan,2018,"Langlade County",WI,us-wi-067,0.09352824297474
Nonmetropolitan,2018,"Manitowoc County",WI,us-wi-071,0.0874267925922
Nonmetropolitan,2018,"Marinette County",WI,us-wi-075,0.08901730242501
Nonmetropolitan,2018,"Marquette County",WI,us-wi-077,0.11573460553052
Nonmetropolitan,2018,"Menominee County",WI,us-wi-078,0.08792452830189
Nonmetropolitan,2018,"Monroe County",WI,us-wi-081,0.09695408296374
Nonmetropolitan,2018,"Oneida County",WI,us-wi-085,0.07050120214537
Nonmetropolitan,2018,"Pepin County",WI,us-wi-091,0.08981001727116
Nonmetropolitan,2018,"Polk County",WI,us-wi-095,0.06546544610624
Nonmetropolitan,2018,"Portage County",WI,us-wi-097,0.06667555377813
Nonmetropolitan,2018,"Price County",WI,us-wi-099,0.08806790778432
Nonmetropolitan,2018,"Richland County",WI,us-wi-103,0.10030025156212
Nonmetropolitan,2018,"Rusk County",WI,us-wi-107,0.13252544837615
Nonmetropolitan,2018,"Sauk County",WI,us-wi-111,0.09326612265196
Nonmetropolitan,2018,"Sawyer County",WI,us-wi-113,0.08332647179909
Nonmetropolitan,2018,"Shawano County",WI,us-wi-115,0.08741151123423
Nonmetropolitan,2018,"Taylor County",WI,us-wi-119,0.11352467772951
Nonmetropolitan,2018,"Trempealeau County",WI,us-wi-121,0.10193690095847
Nonmetropolitan,2018,"Vernon County",WI,us-wi-123,0.11437237060953
Nonmetropolitan,2018,"Vilas County",WI,us-wi-125,0.06664695446481
Nonmetropolitan,2018,"Walworth County",WI,us-wi-127,0.09433600377698
Nonmetropolitan,2018,"Washburn County",WI,us-wi-129,0.07712540302053
Nonmetropolitan,2018,"Waupaca County",WI,us-wi-135,0.08138782552434
Nonmetropolitan,2018,"Waushara County",WI,us-wi-137,0.13761366767705
Nonmetropolitan,2018,"Wood County",WI,us-wi-141,0.07181683729328
Nonmetropolitan,2018,"Barbour County",WV,us-wv-001,0.14250331711632
Nonmetropolitan,2018,"Braxton County",WV,us-wv-007,0.19519722249011
Nonmetropolitan,2018,"Calhoun County",WV,us-wv-013,0.19225853569472
Nonmetropolitan,2018,"Doddridge County",WV,us-wv-017,0.17318874744617
Nonmetropolitan,2018,"Gilmer County",WV,us-wv-021,0.15205191160996
Nonmetropolitan,2018,"Grant County",WV,us-wv-023,0.19208245490747
Nonmetropolitan,2018,"Greenbrier County",WV,us-wv-025,0.15028435290501
Nonmetropolitan,2018,"Hardy County",WV,us-wv-031,0.2000792000792
Nonmetropolitan,2018,"Harrison County",WV,us-wv-033,0.1159890814343
Nonmetropolitan,2018,"Lewis County",WV,us-wv-041,0.12979605945385
Nonmetropolitan,2018,"Logan County",WV,us-wv-045,0.19792648444863
Nonmetropolitan,2018,"Marion County",WV,us-wv-049,0.1071456180586
Nonmetropolitan,2018,"Mason County",WV,us-wv-053,0.14501464016027
Nonmetropolitan,2018,"Mcdowell County",WV,us-wv-047,0.33602112173541
Nonmetropolitan,2018,"Mercer County",WV,us-wv-055,0.15542193945326
Nonmetropolitan,2018,"Mingo County",WV,us-wv-059,0.24533895889161
Nonmetropolitan,2018,"Monroe County",WV,us-wv-063,0.16511278195489
Nonmetropolitan,2018,"Nicholas County",WV,us-wv-067,0.13278120601927
Nonmetropolitan,2018,"Pendleton County",WV,us-wv-071,0.18005644402634
Nonmetropolitan,2018,"Pleasants County",WV,us-wv-073,0.10707737440411
Nonmetropolitan,2018,"Pocahontas County",WV,us-wv-075,0.15612526865213
Nonmetropolitan,2018,"Randolph County",WV,us-wv-083,0.16178641146503
Nonmetropolitan,2018,"Ritchie County",WV,us-wv-085,0.17366175863493
Nonmetropolitan,2018,"Roane County",WV,us-wv-087,0.22411932096948
Nonmetropolitan,2018,"Summers County",WV,us-wv-089,0.14423940149626
Nonmetropolitan,2018,"Taylor County",WV,us-wv-091,0.11602657591962
Nonmetropolitan,2018,"Tucker County",WV,us-wv-093,0.11613144137416
Nonmetropolitan,2018,"Tyler County",WV,us-wv-095,0.11938461538462
Nonmetropolitan,2018,"Upshur County",WV,us-wv-097,0.16417554933603
Nonmetropolitan,2018,"Webster County",WV,us-wv-101,0.20788415124698
Nonmetropolitan,2018,"Wetzel County",WV,us-wv-103,0.13880490841188
Nonmetropolitan,2018,"Wyoming County",WV,us-wv-109,0.1997571729823
Nonmetropolitan,2018,"Albany County",WY,us-wy-001,0.04019909931263
Nonmetropolitan,2018,"Big Horn County",WY,us-wy-003,0.10062266500623
Nonmetropolitan,2018,"Campbell County",WY,us-wy-005,0.07699885076342
Nonmetropolitan,2018,"Carbon County",WY,us-wy-007,0.09819487761081
Nonmetropolitan,2018,"Converse County",WY,us-wy-009,0.10134850400337
Nonmetropolitan,2018,"Crook County",WY,us-wy-011,0.06787595084845
Nonmetropolitan,2018,"Fremont County",WY,us-wy-013,0.08789224170366
Nonmetropolitan,2018,"Goshen County",WY,us-wy-015,0.07388059701493
Nonmetropolitan,2018,"Hot Springs County",WY,us-wy-017,0.0557880055788
Nonmetropolitan,2018,"Johnson County",WY,us-wy-019,0.04418718408609
Nonmetropolitan,2018,"Lincoln County",WY,us-wy-023,0.06176470588235
Nonmetropolitan,2018,"Niobrara County",WY,us-wy-027,0.1188850967008
Nonmetropolitan,2018,"Park County",WY,us-wy-029,0.05240827346801
Nonmetropolitan,2018,"Platte County",WY,us-wy-031,0.06589393458241
Nonmetropolitan,2018,"Sheridan County",WY,us-wy-033,0.04801207376315
Nonmetropolitan,2018,"Sublette County",WY,us-wy-035,0.03676470588235
Nonmetropolitan,2018,"Sweetwater County",WY,us-wy-037,0.08996576430311
Nonmetropolitan,2018,"Teton County",WY,us-wy-039,0.0558144954556
Nonmetropolitan,2018,"Uinta County",WY,us-wy-041,0.07231900890437
Nonmetropolitan,2018,"Washakie County",WY,us-wy-043,0.10420346167432
Nonmetropolitan,2018,"Weston County",WY,us-wy-045,0.0775827682489
Nonmetropolitan,2023,"Northeastern Connecticut Planning Region",CT,us-ct-150,0.07894885083371
Nonmetropolitan,2023,"Northwest Hills Planning Region",CT,us-ct-160,0.05939749905267
Nonmetropolitan,2023,"Aleutians East Borough",AK,us-ak-013,0.16110471806674
Nonmetropolitan,2023,"Aleutians West Census Area",AK,us-ak-016,0.09512879367508
Nonmetropolitan,2023,"Bethel Census Area",AK,us-ak-050,0.18072880856497
Nonmetropolitan,2023,"Bristol Bay Borough",AK,us-ak-060,0.05028735632184
Nonmetropolitan,2023,"Chugach Census Area",AK,us-ak-063,0.04320098745114
Nonmetropolitan,2023,"Copper River Census Area",AK,us-ak-066,0.09016838674633
Nonmetropolitan,2023,"Denali Borough",AK,us-ak-068,0.06614552014432
Nonmetropolitan,2023,"Dillingham Census Area",AK,us-ak-070,0.12644079636745
Nonmetropolitan,2023,"Haines Borough",AK,us-ak-100,0.01644528779254
Nonmetropolitan,2023,"Hoonah-Angoon Census Area",AK,us-ak-105,0.06477272727273
Nonmetropolitan,2023,"Juneau City And Borough",AK,us-ak-110,0.05349812210673
Nonmetropolitan,2023,"Kenai Peninsula Borough",AK,us-ak-122,0.056911335155
Nonmetropolitan,2023,"Ketchikan Gateway Borough",AK,us-ak-130,0.05077616424637
Nonmetropolitan,2023,"Kodiak Island Borough",AK,us-ak-150,0.0746215704825
Nonmetropolitan,2023,"Kusilvak Census Area",AK,us-ak-158,0.18953430145218
Nonmetropolitan,2023,"Lake And Peninsula Borough",AK,us-ak-164,0.08895705521472
Nonmetropolitan,2023,"Nome Census Area",AK,us-ak-180,0.11393546060934
Nonmetropolitan,2023,"North Slope Borough",AK,us-ak-185,0.09819227608874
Nonmetropolitan,2023,"Northwest Arctic Borough",AK,us-ak-188,0.14079333986288
Nonmetropolitan,2023,"Petersburg Borough",AK,us-ak-195,0.09407948094079
Nonmetropolitan,2023,"Prince Of Wales-Hyder Census Area",AK,us-ak-198,0.07540263543192
Nonmetropolitan,2023,"Sitka City And Borough",AK,us-ak-220,0.0435994099328
Nonmetropolitan,2023,"Skagway Municipality",AK,us-ak-230,0.0626204238921
Nonmetropolitan,2023,"Southeast Fairbanks Census Area",AK,us-ak-240,0.06974753958066
Nonmetropolitan,2023,"Wrangell City And Borough",AK,us-ak-275,0.0976897689769
Nonmetropolitan,2023,"Yakutat City And Borough",AK,us-ak-282,0.07788944723618
Nonmetropolitan,2023,"Yukon-Koyukuk Census Area",AK,us-ak-290,0.13365909744179
Nonmetropolitan,2023,"Barbour County",AL,us-al-005,0.22186294531427
Nonmetropolitan,2023,"Bullock County",AL,us-al-011,0.25955543507726
Nonmetropolitan,2023,"Butler County",AL,us-al-013,0.12405044059556
Nonmetropolitan,2023,"Chambers County",AL,us-al-017,0.16378042803463
Nonmetropolitan,2023,"Cherokee County",AL,us-al-019,0.16131437396815
Nonmetropolitan,2023,"Choctaw County",AL,us-al-023,0.1578128472994
Nonmetropolitan,2023,"Clarke County",AL,us-al-025,0.14731304021045
Nonmetropolitan,2023,"Clay County",AL,us-al-027,0.17243396042499
Nonmetropolitan,2023,"Cleburne County",AL,us-al-029,0.14602706933063
Nonmetropolitan,2023,"Coffee County",AL,us-al-031,0.13976804682419
Nonmetropolitan,2023,"Conecuh County",AL,us-al-035,0.12513842746401
Nonmetropolitan,2023,"Coosa County",AL,us-al-037,0.17227473219912
Nonmetropolitan,2023,"Covington County",AL,us-al-039,0.1381760459579
Nonmetropolitan,2023,"Crenshaw County",AL,us-al-041,0.17420913884007
Nonmetropolitan,2023,"Cullman County",AL,us-al-043,0.15004807692308
Nonmetropolitan,2023,"Dale County",AL,us-al-045,0.14276424686687
Nonmetropolitan,2023,"Dallas County",AL,us-al-047,0.1294154545811
Nonmetropolitan,2023,"Dekalb County",AL,us-al-049,0.21054803565533
Nonmetropolitan,2023,"Escambia County",AL,us-al-053,0.17467351660849
Nonmetropolitan,2023,"Fayette County",AL,us-al-057,0.14768270944742
Nonmetropolitan,2023,"Franklin County",AL,us-al-059,0.20514274910191
Nonmetropolitan,2023,"Jackson County",AL,us-al-071,0.17944048561626
Nonmetropolitan,2023,"Lamar County",AL,us-al-075,0.16100142479137
Nonmetropolitan,2023,"Marengo County",AL,us-al-091,0.14382926074853
Nonmetropolitan,2023,"Marion County",AL,us-al-093,0.17891389196743
Nonmetropolitan,2023,"Marshall County",AL,us-al-095,0.15579248152643
Nonmetropolitan,2023,"Monroe County",AL,us-al-099,0.16385310232489
Nonmetropolitan,2023,"Perry County",AL,us-al-105,0.17827672231817
Nonmetropolitan,2023,"Pike County",AL,us-al-109,0.1241732120711
Nonmetropolitan,2023,"Randolph County",AL,us-al-111,0.16398980242192
Nonmetropolitan,2023,"Sumter County",AL,us-al-119,0.12048869540795
Nonmetropolitan,2023,"Talladega County",AL,us-al-121,0.15488651673749
Nonmetropolitan,2023,"Tallapoosa County",AL,us-al-123,0.1619114830124
Nonmetropolitan,2023,"Washington County",AL,us-al-129,0.1131495623021
Nonmetropolitan,2023,"Wilcox County",AL,us-al-131,0.22132448420141
Nonmetropolitan,2023,"Winston County",AL,us-al-133,0.21233438855669
Nonmetropolitan,2023,"Arkansas County",AR,us-ar-001,0.12517182130584
Nonmetropolitan,2023,"Ashley County",AR,us-ar-003,0.12170447578173
Nonmetropolitan,2023,"Baxter County",AR,us-ar-005,0.10598003545107
Nonmetropolitan,2023,"Boone County",AR,us-ar-009,0.09275013174735
Nonmetropolitan,2023,"Bradley County",AR,us-ar-011,0.12738026543566
Nonmetropolitan,2023,"Calhoun County",AR,us-ar-013,0.13319551092735
Nonmetropolitan,2023,"Carroll County",AR,us-ar-015,0.16000589883498
Nonmetropolitan,2023,"Chicot County",AR,us-ar-017,0.184463236348
Nonmetropolitan,2023,"Clark County",AR,us-ar-019,0.10034741859901
Nonmetropolitan,2023,"Clay County",AR,us-ar-021,0.13352162056876
Nonmetropolitan,2023,"Cleburne County",AR,us-ar-023,0.11730738384216
Nonmetropolitan,2023,"Cleveland County",AR,us-ar-025,0.08356597803834
Nonmetropolitan,2023,"Columbia County",AR,us-ar-027,0.11536277154622
Nonmetropolitan,2023,"Conway County",AR,us-ar-029,0.0987171571654
Nonmetropolitan,2023,"Cross County",AR,us-ar-037,0.16588132635253
Nonmetropolitan,2023,"Dallas County",AR,us-ar-039,0.10980647966949
Nonmetropolitan,2023,"Desha County",AR,us-ar-041,0.22111155537785
Nonmetropolitan,2023,"Drew County",AR,us-ar-043,0.1286469730124
Nonmetropolitan,2023,"Franklin County",AR,us-ar-047,0.12929894179894
Nonmetropolitan,2023,"Fulton County",AR,us-ar-049,0.12271103171059
Nonmetropolitan,2023,"Greene County",AR,us-ar-055,0.12602055518202
Nonmetropolitan,2023,"Hempstead County",AR,us-ar-057,0.16568405139834
Nonmetropolitan,2023,"Hot Spring County",AR,us-ar-059,0.10603534511504
Nonmetropolitan,2023,"Howard County",AR,us-ar-061,0.10615786970994
Nonmetropolitan,2023,"Independence County",AR,us-ar-063,0.12506406970784
Nonmetropolitan,2023,"Izard County",AR,us-ar-065,0.15228764386949
Nonmetropolitan,2023,"Jackson County",AR,us-ar-067,0.16229535583027
Nonmetropolitan,2023,"Jefferson County",AR,us-ar-069,0.11432957351665
Nonmetropolitan,2023,"Johnson County",AR,us-ar-071,0.16096997690531
Nonmetropolitan,2023,"Lafayette County",AR,us-ar-073,0.18375973303671
Nonmetropolitan,2023,"Lawrence County",AR,us-ar-075,0.17615300146413
Nonmetropolitan,2023,"Lee County",AR,us-ar-077,0.1741935483871
Nonmetropolitan,2023,"Lincoln County",AR,us-ar-079,0.16743189470462
Nonmetropolitan,2023,"Logan County",AR,us-ar-083,0.10710059171598
Nonmetropolitan,2023,"Marion County",AR,us-ar-089,0.13687687226361
Nonmetropolitan,2023,"Mississippi County",AR,us-ar-093,0.14390403826127
Nonmetropolitan,2023,"Monroe County",AR,us-ar-095,0.16568047337278
Nonmetropolitan,2023,"Montgomery County",AR,us-ar-097,0.12419305256686
Nonmetropolitan,2023,"Nevada County",AR,us-ar-099,0.098857958601
Nonmetropolitan,2023,"Newton County",AR,us-ar-101,0.14559020470633
Nonmetropolitan,2023,"Ouachita County",AR,us-ar-103,0.11123172211225
Nonmetropolitan,2023,"Phillips County",AR,us-ar-107,0.1736004601227
Nonmetropolitan,2023,"Pike County",AR,us-ar-109,0.12889578338739
Nonmetropolitan,2023,"Polk County",AR,us-ar-113,0.12617201919528
Nonmetropolitan,2023,"Pope County",AR,us-ar-115,0.14021686746988
Nonmetropolitan,2023,"Prairie County",AR,us-ar-117,0.14076196898179
Nonmetropolitan,2023,"Randolph County",AR,us-ar-121,0.13946935900446
Nonmetropolitan,2023,"Scott County",AR,us-ar-127,0.15416907932831
Nonmetropolitan,2023,"Searcy County",AR,us-ar-129,0.19958202716823
Nonmetropolitan,2023,"Sevier County",AR,us-ar-133,0.27464055011461
Nonmetropolitan,2023,"Sharp County",AR,us-ar-135,0.14641988863619
Nonmetropolitan,2023,"St. Francis County",AR,us-ar-123,0.14315802515022
Nonmetropolitan,2023,"Stone County",AR,us-ar-137,0.13993435448578
Nonmetropolitan,2023,"Union County",AR,us-ar-139,0.12043043577807
Nonmetropolitan,2023,"Van Buren County",AR,us-ar-141,0.13568304172275
Nonmetropolitan,2023,"White County",AR,us-ar-145,0.13252350020606
Nonmetropolitan,2023,"Woodruff County",AR,us-ar-147,0.17083237789498
Nonmetropolitan,2023,"Yell County",AR,us-ar-149,0.18496983792427
Nonmetropolitan,2023,"Apache County",AZ,us-az-001,0.15077814140748
Nonmetropolitan,2023,"Gila County",AZ,us-az-007,0.103668261563
Nonmetropolitan,2023,"Graham County",AZ,us-az-009,0.15761856710394
Nonmetropolitan,2023,"Greenlee County",AZ,us-az-011,0.11907131011609
Nonmetropolitan,2023,"La Paz County",AZ,us-az-012,0.17451084082496
Nonmetropolitan,2023,"Navajo County",AZ,us-az-017,0.14006600843905
Nonmetropolitan,2023,"Santa Cruz County",AZ,us-az-023,0.2229321746909
Nonmetropolitan,2023,"Alpine County",CA,us-ca-003,0.03735144312394
Nonmetropolitan,2023,"Amador County",CA,us-ca-005,0.09032734432685
Nonmetropolitan,2023,"Calaveras County",CA,us-ca-009,0.06653779346669
Nonmetropolitan,2023,"Colusa County",CA,us-ca-011,0.2680744452398
Nonmetropolitan,2023,"Del Norte County",CA,us-ca-015,0.14456253462953
Nonmetropolitan,2023,"Glenn County",CA,us-ca-021,0.19676795876731
Nonmetropolitan,2023,"Humboldt County",CA,us-ca-023,0.08481736991283
Nonmetropolitan,2023,"Inyo County",CA,us-ca-027,0.0719579765417
Nonmetropolitan,2023,"Lake County",CA,us-ca-033,0.12915091447839
Nonmetropolitan,2023,"Lassen County",CA,us-ca-035,0.2085655491726
Nonmetropolitan,2023,"Mariposa County",CA,us-ca-043,0.0952807646356
Nonmetropolitan,2023,"Mendocino County",CA,us-ca-045,0.13837799696277
Nonmetropolitan,2023,"Modoc County",CA,us-ca-049,0.12053432743088
Nonmetropolitan,2023,"Mono County",CA,us-ca-051,0.10445595854922
Nonmetropolitan,2023,"Nevada County",CA,us-ca-057,0.0493139964911
Nonmetropolitan,2023,"Plumas County",CA,us-ca-063,0.06016570226197
Nonmetropolitan,2023,"Sierra County",CA,us-ca-091,0.08608058608059
Nonmetropolitan,2023,"Siskiyou County",CA,us-ca-093,0.08927073299568
Nonmetropolitan,2023,"Tehama County",CA,us-ca-103,0.13720122846842
Nonmetropolitan,2023,"Trinity County",CA,us-ca-105,0.05229342875732
Nonmetropolitan,2023,"Tuolumne County",CA,us-ca-109,0.06481083917752
Nonmetropolitan,2023,"Alamosa County",CO,us-co-003,0.10899809828846
Nonmetropolitan,2023,"Archuleta County",CO,us-co-007,0.04654157468727
Nonmetropolitan,2023,"Baca County",CO,us-co-009,0.14205457463884
Nonmetropolitan,2023,"Bent County",CO,us-co-011,0.18813481071099
Nonmetropolitan,2023,"Chaffee County",CO,us-co-015,0.05405746763499
Nonmetropolitan,2023,"Cheyenne County",CO,us-co-017,0.0829307568438
Nonmetropolitan,2023,"Conejos County",CO,us-co-021,0.10945865556217
Nonmetropolitan,2023,"Costilla County",CO,us-co-023,0.10349962769918
Nonmetropolitan,2023,"Crowley County",CO,us-co-025,0.1706339853877
Nonmetropolitan,2023,"Custer County",CO,us-co-027,0.03546626984127
Nonmetropolitan,2023,"Delta County",CO,us-co-029,0.0899512026601
Nonmetropolitan,2023,"Dolores County",CO,us-co-033,0.03812913065582
Nonmetropolitan,2023,"Eagle County",CO,us-co-037,0.06833153821106
Nonmetropolitan,2023,"Fremont County",CO,us-co-043,0.09438430311231
Nonmetropolitan,2023,"Garfield County",CO,us-co-045,0.11555898524163
Nonmetropolitan,2023,"Grand County",CO,us-co-049,0.05640231477708
Nonmetropolitan,2023,"Gunnison County",CO,us-co-051,0.01726858345021
Nonmetropolitan,2023,"Hinsdale County",CO,us-co-053,0
Nonmetropolitan,2023,"Huerfano County",CO,us-co-055,0.07091527987897
Nonmetropolitan,2023,"Jackson County",CO,us-co-057,0.15553522415371
Nonmetropolitan,2023,"Kiowa County",CO,us-co-061,0.09100529100529
Nonmetropolitan,2023,"Kit Carson County",CO,us-co-063,0.11019283746556
Nonmetropolitan,2023,"La Plata County",CO,us-co-067,0.03595819156488
Nonmetropolitan,2023,"Lake County",CO,us-co-065,0.08055502023511
Nonmetropolitan,2023,"Las Animas County",CO,us-co-071,0.10384001502206
Nonmetropolitan,2023,"Lincoln County",CO,us-co-073,0.11927480916031
Nonmetropolitan,2023,"Logan County",CO,us-co-075,0.1062145401768
Nonmetropolitan,2023,"Mineral County",CO,us-co-079,0.0219298245614
Nonmetropolitan,2023,"Moffat County",CO,us-co-081,0.08492545554942
Nonmetropolitan,2023,"Montezuma County",CO,us-co-083,0.09039932921077
Nonmetropolitan,2023,"Montrose County",CO,us-co-085,0.09038952745849
Nonmetropolitan,2023,"Morgan County",CO,us-co-087,0.15397133707806
Nonmetropolitan,2023,"Otero County",CO,us-co-089,0.10797302657676
Nonmetropolitan,2023,"Ouray County",CO,us-co-091,0.02680652680653
Nonmetropolitan,2023,"Phillips County",CO,us-co-095,0.09479615512098
Nonmetropolitan,2023,"Pitkin County",CO,us-co-097,0.03000671792192
Nonmetropolitan,2023,"Prowers County",CO,us-co-099,0.15277044854881
Nonmetropolitan,2023,"Rio Blanco County",CO,us-co-103,0.06751152073733
Nonmetropolitan,2023,"Rio Grande County",CO,us-co-105,0.10650887573964
Nonmetropolitan,2023,"Routt County",CO,us-co-107,0.03477662502647
Nonmetropolitan,2023,"Saguache County",CO,us-co-109,0.11739130434783
Nonmetropolitan,2023,"San Juan County",CO,us-co-111,0
Nonmetropolitan,2023,"San Miguel County",CO,us-co-113,0.01708049976277
Nonmetropolitan,2023,"Sedgwick County",CO,us-co-115,0.08750754375377
Nonmetropolitan,2023,"Summit County",CO,us-co-117,0.05070141114765
Nonmetropolitan,2023,"Washington County",CO,us-co-121,0.10345838218054
Nonmetropolitan,2023,"Yuma County",CO,us-co-125,0.16222760290557
Nonmetropolitan,2023,"Sussex County",DE,us-de-005,0.10357842587699
Nonmetropolitan,2023,"Bradford County",FL,us-fl-007,0.17311397658218
Nonmetropolitan,2023,"Calhoun County",FL,us-fl-013,0.18198270661572
Nonmetropolitan,2023,"Columbia County",FL,us-fl-023,0.14511226392154
Nonmetropolitan,2023,"Desoto County",FL,us-fl-027,0.27009181480758
Nonmetropolitan,2023,"Dixie County",FL,us-fl-029,0.1766219588272
Nonmetropolitan,2023,"Franklin County",FL,us-fl-037,0.16930683079407
Nonmetropolitan,2023,"Glades County",FL,us-fl-043,0.27630069857158
Nonmetropolitan,2023,"Gulf County",FL,us-fl-045,0.1326042378674
Nonmetropolitan,2023,"Hamilton County",FL,us-fl-047,0.21661354991261
Nonmetropolitan,2023,"Hardee County",FL,us-fl-049,0.21628726773018
Nonmetropolitan,2023,"Hendry County",FL,us-fl-051,0.30497157464993
Nonmetropolitan,2023,"Holmes County",FL,us-fl-059,0.15845688988827
Nonmetropolitan,2023,"Jackson County",FL,us-fl-063,0.16783236828527
Nonmetropolitan,2023,"Lafayette County",FL,us-fl-067,0.1996935648621
Nonmetropolitan,2023,"Liberty County",FL,us-fl-077,0.21
Nonmetropolitan,2023,"Madison County",FL,us-fl-079,0.1941797390412
Nonmetropolitan,2023,"Monroe County",FL,us-fl-087,0.06742740197522
Nonmetropolitan,2023,"Okeechobee County",FL,us-fl-093,0.20013258434807
Nonmetropolitan,2023,"Putnam County",FL,us-fl-107,0.17786442146503
Nonmetropolitan,2023,"Suwannee County",FL,us-fl-121,0.15487443903371
Nonmetropolitan,2023,"Taylor County",FL,us-fl-123,0.13788256341448
Nonmetropolitan,2023,"Union County",FL,us-fl-125,0.21673071766914
Nonmetropolitan,2023,"Appling County",GA,us-ga-001,0.18969307172515
Nonmetropolitan,2023,"Atkinson County",GA,us-ga-003,0.28386035459697
Nonmetropolitan,2023,"Bacon County",GA,us-ga-005,0.1541114790287
Nonmetropolitan,2023,"Baker County",GA,us-ga-007,0.09463414634146
Nonmetropolitan,2023,"Baldwin County",GA,us-ga-009,0.14786374554189
Nonmetropolitan,2023,"Banks County",GA,us-ga-011,0.17741084219257
Nonmetropolitan,2023,"Ben Hill County",GA,us-ga-017,0.15724644011531
Nonmetropolitan,2023,"Berrien County",GA,us-ga-019,0.17206173328057
Nonmetropolitan,2023,"Bleckley County",GA,us-ga-023,0.1209117938553
Nonmetropolitan,2023,"Bulloch County",GA,us-ga-031,0.10379396767782
Nonmetropolitan,2023,"Calhoun County",GA,us-ga-037,0.22861216730038
Nonmetropolitan,2023,"Camden County",GA,us-ga-039,0.0751722237531
Nonmetropolitan,2023,"Candler County",GA,us-ga-043,0.2093470790378
Nonmetropolitan,2023,"Charlton County",GA,us-ga-049,0.14747826086957
Nonmetropolitan,2023,"Chattooga County",GA,us-ga-055,0.25756019627981
Nonmetropolitan,2023,"Clay County",GA,us-ga-061,0.14613034623218
Nonmetropolitan,2023,"Clinch County",GA,us-ga-065,0.18811668811669
Nonmetropolitan,2023,"Coffee County",GA,us-ga-069,0.20354844320751
Nonmetropolitan,2023,"Colquitt County",GA,us-ga-071,0.20281111184778
Nonmetropolitan,2023,"Cook County",GA,us-ga-075,0.16660814606742
Nonmetropolitan,2023,"Crisp County",GA,us-ga-081,0.15811563788986
Nonmetropolitan,2023,"Decatur County",GA,us-ga-087,0.16861065235343
Nonmetropolitan,2023,"Dodge County",GA,us-ga-091,0.1394602886828
Nonmetropolitan,2023,"Dooly County",GA,us-ga-093,0.17049180327869
Nonmetropolitan,2023,"Early County",GA,us-ga-099,0.19017704169046
Nonmetropolitan,2023,"Elbert County",GA,us-ga-105,0.15088271031377
Nonmetropolitan,2023,"Emanuel County",GA,us-ga-107,0.20615324319028
Nonmetropolitan,2023,"Evans County",GA,us-ga-109,0.17603423680456
Nonmetropolitan,2023,"Fannin County",GA,us-ga-111,0.11713828617138
Nonmetropolitan,2023,"Franklin County",GA,us-ga-119,0.17972521351652
Nonmetropolitan,2023,"Gilmer County",GA,us-ga-123,0.14143351540675
Nonmetropolitan,2023,"Glascock County",GA,us-ga-125,0.16132315521628
Nonmetropolitan,2023,"Gordon County",GA,us-ga-129,0.20514628128305
Nonmetropolitan,2023,"Grady County",GA,us-ga-131,0.19629398764663
Nonmetropolitan,2023,"Greene County",GA,us-ga-133,0.09849577580878
Nonmetropolitan,2023,"Habersham County",GA,us-ga-137,0.17674563591022
Nonmetropolitan,2023,"Hancock County",GA,us-ga-141,0.26094862858009
Nonmetropolitan,2023,"Hart County",GA,us-ga-147,0.14962013540751
Nonmetropolitan,2023,"Irwin County",GA,us-ga-155,0.16363636363636
Nonmetropolitan,2023,"Jackson County",GA,us-ga-157,0.12429118491789
Nonmetropolitan,2023,"Jeff Davis County",GA,us-ga-161,0.2197962154294
Nonmetropolitan,2023,"Jefferson County",GA,us-ga-163,0.18598689831957
Nonmetropolitan,2023,"Jenkins County",GA,us-ga-165,0.18882817243473
Nonmetropolitan,2023,"Johnson County",GA,us-ga-167,0.24652320304494
Nonmetropolitan,2023,"Lamar County",GA,us-ga-171,0.10299391860284
Nonmetropolitan,2023,"Laurens County",GA,us-ga-175,0.13907125940582
Nonmetropolitan,2023,"Macon County",GA,us-ga-193,0.23777752214425
Nonmetropolitan,2023,"Miller County",GA,us-ga-201,0.1639751552795
Nonmetropolitan,2023,"Mitchell County",GA,us-ga-205,0.15510457651688
Nonmetropolitan,2023,"Montgomery County",GA,us-ga-209,0.1472275334608
Nonmetropolitan,2023,"Pierce County",GA,us-ga-229,0.13263032823407
Nonmetropolitan,2023,"Polk County",GA,us-ga-233,0.17875333495028
Nonmetropolitan,2023,"Pulaski County",GA,us-ga-235,0.19892331932773
Nonmetropolitan,2023,"Putnam County",GA,us-ga-237,0.12143891839691
Nonmetropolitan,2023,"Quitman County",GA,us-ga-239,0.17777777777778
Nonmetropolitan,2023,"Rabun County",GA,us-ga-241,0.09859689040576
Nonmetropolitan,2023,"Randolph County",GA,us-ga-243,0.16639170398303
Nonmetropolitan,2023,"Schley County",GA,us-ga-249,0.1523474928138
Nonmetropolitan,2023,"Screven County",GA,us-ga-251,0.15376508909753
Nonmetropolitan,2023,"Seminole County",GA,us-ga-253,0.10662310662311
Nonmetropolitan,2023,"Stephens County",GA,us-ga-257,0.1618031358885
Nonmetropolitan,2023,"Sumter County",GA,us-ga-261,0.15699251383313
Nonmetropolitan,2023,"Taliaferro County",GA,us-ga-265,0.16511627906977
Nonmetropolitan,2023,"Tattnall County",GA,us-ga-267,0.19237557359689
Nonmetropolitan,2023,"Taylor County",GA,us-ga-269,0.22265974583855
Nonmetropolitan,2023,"Telfair County",GA,us-ga-271,0.21528935460824
Nonmetropolitan,2023,"Thomas County",GA,us-ga-275,0.11980769230769
Nonmetropolitan,2023,"Tift County",GA,us-ga-277,0.14327291482464
Nonmetropolitan,2023,"Toombs County",GA,us-ga-279,0.16073919107392
Nonmetropolitan,2023,"Towns County",GA,us-ga-281,0.06984354228449
Nonmetropolitan,2023,"Treutlen County",GA,us-ga-283,0.2523832221163
Nonmetropolitan,2023,"Troup County",GA,us-ga-285,0.12097690674786
Nonmetropolitan,2023,"Turner County",GA,us-ga-287,0.19368041912246
Nonmetropolitan,2023,"Union County",GA,us-ga-291,0.11151845429775
Nonmetropolitan,2023,"Upson County",GA,us-ga-293,0.14491697464994
Nonmetropolitan,2023,"Ware County",GA,us-ga-299,0.18469211112027
Nonmetropolitan,2023,"Warren County",GA,us-ga-301,0.2216577540107
Nonmetropolitan,2023,"Washington County",GA,us-ga-303,0.15282534246575
Nonmetropolitan,2023,"Wayne County",GA,us-ga-305,0.1370390217762
Nonmetropolitan,2023,"Webster County",GA,us-ga-307,0.15905147484095
Nonmetropolitan,2023,"Wheeler County",GA,us-ga-309,0.23299088970731
Nonmetropolitan,2023,"White County",GA,us-ga-311,0.15596785395377
Nonmetropolitan,2023,"Wilcox County",GA,us-ga-315,0.21111285512478
Nonmetropolitan,2023,"Wilkes County",GA,us-ga-317,0.1798357405834
Nonmetropolitan,2023,"Wilkinson County",GA,us-ga-319,0.10380116959064
Nonmetropolitan,2023,"Hawaii County",HI,us-hi-001,0.06911251251793
Nonmetropolitan,2023,"Kauai County",HI,us-hi-007,0.07282010701635
Nonmetropolitan,2023,"Adair County",IA,us-ia-001,0.05459387483356
Nonmetropolitan,2023,"Adams County",IA,us-ia-003,0.07425555974369
Nonmetropolitan,2023,"Allamakee County",IA,us-ia-005,0.07456049638056
Nonmetropolitan,2023,"Appanoose County",IA,us-ia-007,0.1031267765776
Nonmetropolitan,2023,"Audubon County",IA,us-ia-009,0.07972270363951
Nonmetropolitan,2023,"Buchanan County",IA,us-ia-019,0.05363708456492
Nonmetropolitan,2023,"Buena Vista County",IA,us-ia-021,0.19453794369645
Nonmetropolitan,2023,"Butler County",IA,us-ia-023,0.0643153526971
Nonmetropolitan,2023,"Calhoun County",IA,us-ia-025,0.06287170773152
Nonmetropolitan,2023,"Carroll County",IA,us-ia-027,0.04982561036373
Nonmetropolitan,2023,"Cass County",IA,us-ia-029,0.06986093003042
Nonmetropolitan,2023,"Cedar County",IA,us-ia-031,0.04232484317134
Nonmetropolitan,2023,"Cerro Gordo County",IA,us-ia-033,0.05525997976303
Nonmetropolitan,2023,"Cherokee County",IA,us-ia-035,0.06930098486668
Nonmetropolitan,2023,"Chickasaw County",IA,us-ia-037,0.0680596285435
Nonmetropolitan,2023,"Clarke County",IA,us-ia-039,0.1389841071985
Nonmetropolitan,2023,"Clay County",IA,us-ia-041,0.05102309651357
Nonmetropolitan,2023,"Clayton County",IA,us-ia-043,0.09192861820563
Nonmetropolitan,2023,"Clinton County",IA,us-ia-045,0.07335464051882
Nonmetropolitan,2023,"Crawford County",IA,us-ia-047,0.16006398795521
Nonmetropolitan,2023,"Davis County",IA,us-ia-051,0.1969166082691
Nonmetropolitan,2023,"Decatur County",IA,us-ia-053,0.10966659677081
Nonmetropolitan,2023,"Delaware County",IA,us-ia-055,0.0782494457673
Nonmetropolitan,2023,"Des Moines County",IA,us-ia-057,0.0603598590243
Nonmetropolitan,2023,"Dickinson County",IA,us-ia-059,0.02686880816572
Nonmetropolitan,2023,"Emmet County",IA,us-ia-063,0.12331260427726
Nonmetropolitan,2023,"Fayette County",IA,us-ia-065,0.06569343065693
Nonmetropolitan,2023,"Floyd County",IA,us-ia-067,0.0531414337116
Nonmetropolitan,2023,"Franklin County",IA,us-ia-069,0.08367586611861
Nonmetropolitan,2023,"Fremont County",IA,us-ia-071,0.05037194473964
Nonmetropolitan,2023,"Greene County",IA,us-ia-073,0.06996148908858
Nonmetropolitan,2023,"Hamilton County",IA,us-ia-079,0.07437858508604
Nonmetropolitan,2023,"Hancock County",IA,us-ia-081,0.08439531859558
Nonmetropolitan,2023,"Hardin County",IA,us-ia-083,0.06305273501474
Nonmetropolitan,2023,"Henry County",IA,us-ia-087,0.08561099060014
Nonmetropolitan,2023,"Howard County",IA,us-ia-089,0.08199559332704
Nonmetropolitan,2023,"Humboldt County",IA,us-ia-091,0.06422018348624
Nonmetropolitan,2023,"Ida County",IA,us-ia-093,0.06636980491942
Nonmetropolitan,2023,"Iowa County",IA,us-ia-095,0.05256355019388
Nonmetropolitan,2023,"Jackson County",IA,us-ia-097,0.06167464809171
Nonmetropolitan,2023,"Jefferson County",IA,us-ia-101,0.04616169344555
Nonmetropolitan,2023,"Keokuk County",IA,us-ia-107,0.05691756272401
Nonmetropolitan,2023,"Kossuth County",IA,us-ia-109,0.05317406800886
Nonmetropolitan,2023,"Lee County",IA,us-ia-111,0.05836772509054
Nonmetropolitan,2023,"Louisa County",IA,us-ia-115,0.12395041983207
Nonmetropolitan,2023,"Lucas County",IA,us-ia-117,0.07460239383505
Nonmetropolitan,2023,"Lyon County",IA,us-ia-119,0.0460364670891
Nonmetropolitan,2023,"Mahaska County",IA,us-ia-123,0.05970455478047
Nonmetropolitan,2023,"Marion County",IA,us-ia-125,0.05419314418688
Nonmetropolitan,2023,"Marshall County",IA,us-ia-127,0.12970853286075
Nonmetropolitan,2023,"Mitchell County",IA,us-ia-131,0.07077688692286
Nonmetropolitan,2023,"Monona County",IA,us-ia-133,0.06405462526418
Nonmetropolitan,2023,"Monroe County",IA,us-ia-135,0.05413707045498
Nonmetropolitan,2023,"Montgomery County",IA,us-ia-137,0.07371041349744
Nonmetropolitan,2023,"Muscatine County",IA,us-ia-139,0.09517375186225
Nonmetropolitan,2023,"O'brien County",IA,us-ia-141,0.09711857379768
Nonmetropolitan,2023,"Osceola County",IA,us-ia-143,0.14425087108014
Nonmetropolitan,2023,"Page County",IA,us-ia-145,0.06818181818182
Nonmetropolitan,2023,"Palo Alto County",IA,us-ia-147,0.06086527389373
Nonmetropolitan,2023,"Plymouth County",IA,us-ia-149,0.05809556548642
Nonmetropolitan,2023,"Pocahontas County",IA,us-ia-151,0.08587825374052
Nonmetropolitan,2023,"Poweshiek County",IA,us-ia-157,0.05359927768202
Nonmetropolitan,2023,"Ringgold County",IA,us-ia-159,0.06555349412492
Nonmetropolitan,2023,"Sac County",IA,us-ia-161,0.07823571945047
Nonmetropolitan,2023,"Shelby County",IA,us-ia-165,0.04700751150957
Nonmetropolitan,2023,"Sioux County",IA,us-ia-167,0.09381003701795
Nonmetropolitan,2023,"Tama County",IA,us-ia-171,0.08520639261602
Nonmetropolitan,2023,"Taylor County",IA,us-ia-173,0.07950401167031
Nonmetropolitan,2023,"Union County",IA,us-ia-175,0.06960157402853
Nonmetropolitan,2023,"Van Buren County",IA,us-ia-177,0.10740375123396
Nonmetropolitan,2023,"Wapello County",IA,us-ia-179,0.12309486133089
Nonmetropolitan,2023,"Wayne County",IA,us-ia-185,0.11556064073227
Nonmetropolitan,2023,"Webster County",IA,us-ia-187,0.0767867928327
Nonmetropolitan,2023,"Winnebago County",IA,us-ia-189,0.05302505883982
Nonmetropolitan,2023,"Winneshiek County",IA,us-ia-191,0.04593929450369
Nonmetropolitan,2023,"Worth County",IA,us-ia-195,0.05781424841477
Nonmetropolitan,2023,"Wright County",IA,us-ia-197,0.07296636797393
Nonmetropolitan,2023,"Adams County",ID,us-id-003,0.07101086048454
Nonmetropolitan,2023,"Bear Lake County",ID,us-id-007,0.06995788488535
Nonmetropolitan,2023,"Benewah County",ID,us-id-009,0.15571913929785
Nonmetropolitan,2023,"Bingham County",ID,us-id-011,0.10804162095675
Nonmetropolitan,2023,"Blaine County",ID,us-id-013,0.08820083682008
Nonmetropolitan,2023,"Bonner County",ID,us-id-017,0.0837981300353
Nonmetropolitan,2023,"Boundary County",ID,us-id-021,0.12769353551476
Nonmetropolitan,2023,"Camas County",ID,us-id-025,0.13975576662144
Nonmetropolitan,2023,"Caribou County",ID,us-id-029,0.09454148471616
Nonmetropolitan,2023,"Cassia County",ID,us-id-031,0.14622421045603
Nonmetropolitan,2023,"Clark County",ID,us-id-033,0.24261603375527
Nonmetropolitan,2023,"Clearwater County",ID,us-id-035,0.08885754583921
Nonmetropolitan,2023,"Custer County",ID,us-id-037,0.06393931183961
Nonmetropolitan,2023,"Elmore County",ID,us-id-039,0.11881563278121
Nonmetropolitan,2023,"Fremont County",ID,us-id-043,0.09332615715823
Nonmetropolitan,2023,"Gooding County",ID,us-id-047,0.20211399782673
Nonmetropolitan,2023,"Idaho County",ID,us-id-049,0.08158929976397
Nonmetropolitan,2023,"Latah County",ID,us-id-057,0.03059241105383
Nonmetropolitan,2023,"Lemhi County",ID,us-id-059,0.07325157441167
Nonmetropolitan,2023,"Lewis County",ID,us-id-061,0.09220925856229
Nonmetropolitan,2023,"Lincoln County",ID,us-id-063,0.17480719794344
Nonmetropolitan,2023,"Madison County",ID,us-id-065,0.02965960749529
Nonmetropolitan,2023,"Minidoka County",ID,us-id-067,0.17929515418502
Nonmetropolitan,2023,"Oneida County",ID,us-id-071,0.0576986482031
Nonmetropolitan,2023,"Payette County",ID,us-id-075,0.1330748617367
Nonmetropolitan,2023,"Power County",ID,us-id-077,0.11980830670927
Nonmetropolitan,2023,"Shoshone County",ID,us-id-079,0.11234354329907
Nonmetropolitan,2023,"Teton County",ID,us-id-081,0.07405660377358
Nonmetropolitan,2023,"Valley County",ID,us-id-085,0.09013875648766
Nonmetropolitan,2023,"Washington County",ID,us-id-087,0.1127000787195
Nonmetropolitan,2023,"Adams County",IL,us-il-001,0.06548884165781
Nonmetropolitan,2023,"Brown County",IL,us-il-009,0.20389170896785
Nonmetropolitan,2023,"Bureau County",IL,us-il-011,0.09036093418259
Nonmetropolitan,2023,"Carroll County",IL,us-il-015,0.12306488084884
Nonmetropolitan,2023,"Cass County",IL,us-il-017,0.13256616800921
Nonmetropolitan,2023,"Christian County",IL,us-il-021,0.0908829922487
Nonmetropolitan,2023,"Clark County",IL,us-il-023,0.07961075069509
Nonmetropolitan,2023,"Clay County",IL,us-il-025,0.12291169451074
Nonmetropolitan,2023,"Coles County",IL,us-il-029,0.08504669812877
Nonmetropolitan,2023,"Crawford County",IL,us-il-033,0.11831526148853
Nonmetropolitan,2023,"Cumberland County",IL,us-il-035,0.06131749758321
Nonmetropolitan,2023,"De Witt County",IL,us-il-039,0.07247033245765
Nonmetropolitan,2023,"Douglas County",IL,us-il-041,0.13932448733414
Nonmetropolitan,2023,"Edgar County",IL,us-il-045,0.09921734876895
Nonmetropolitan,2023,"Edwards County",IL,us-il-047,0.0812876331635
Nonmetropolitan,2023,"Effingham County",IL,us-il-049,0.06839553025511
Nonmetropolitan,2023,"Fayette County",IL,us-il-051,0.12691060676239
Nonmetropolitan,2023,"Franklin County",IL,us-il-055,0.10786271333308
Nonmetropolitan,2023,"Fulton County",IL,us-il-057,0.09103635689875
Nonmetropolitan,2023,"Gallatin County",IL,us-il-059,0.13609796827164
Nonmetropolitan,2023,"Greene County",IL,us-il-061,0.09592610137376
Nonmetropolitan,2023,"Hamilton County",IL,us-il-065,0.10976909413854
Nonmetropolitan,2023,"Hancock County",IL,us-il-067,0.05977267307845
Nonmetropolitan,2023,"Hardin County",IL,us-il-069,0.11543624161074
Nonmetropolitan,2023,"Henderson County",IL,us-il-071,0.07936507936508
Nonmetropolitan,2023,"Iroquois County",IL,us-il-075,0.10857717339542
Nonmetropolitan,2023,"Jackson County",IL,us-il-077,0.07926675889825
Nonmetropolitan,2023,"Jasper County",IL,us-il-079,0.06932676012941
Nonmetropolitan,2023,"Jefferson County",IL,us-il-081,0.08621623713335
Nonmetropolitan,2023,"Jo Daviess County",IL,us-il-085,0.0656568704363
Nonmetropolitan,2023,"Johnson County",IL,us-il-087,0.1406604747162
Nonmetropolitan,2023,"Knox County",IL,us-il-095,0.10682226211849
Nonmetropolitan,2023,"Lasalle County",IL,us-il-099,0.08623278450865
Nonmetropolitan,2023,"Lawrence County",IL,us-il-101,0.14868778280543
Nonmetropolitan,2023,"Lee County",IL,us-il-103,0.095148657289
Nonmetropolitan,2023,"Livingston County",IL,us-il-105,0.09714331121618
Nonmetropolitan,2023,"Logan County",IL,us-il-107,0.08502602837603
Nonmetropolitan,2023,"Marion County",IL,us-il-121,0.09658695147434
Nonmetropolitan,2023,"Mason County",IL,us-il-125,0.07919520547945
Nonmetropolitan,2023,"Mcdonough County",IL,us-il-109,0.05729322408947
Nonmetropolitan,2023,"Montgomery County",IL,us-il-135,0.10048455777984
Nonmetropolitan,2023,"Morgan County",IL,us-il-137,0.10373263888889
Nonmetropolitan,2023,"Moultrie County",IL,us-il-139,0.1431215299198
Nonmetropolitan,2023,"Ogle County",IL,us-il-141,0.08959875340865
Nonmetropolitan,2023,"Perry County",IL,us-il-145,0.14653058519451
Nonmetropolitan,2023,"Pike County",IL,us-il-149,0.08209247648903
Nonmetropolitan,2023,"Pope County",IL,us-il-151,0.08266480641786
Nonmetropolitan,2023,"Pulaski County",IL,us-il-153,0.12595097210482
Nonmetropolitan,2023,"Putnam County",IL,us-il-155,0.06413359148112
Nonmetropolitan,2023,"Randolph County",IL,us-il-157,0.12119405722671
Nonmetropolitan,2023,"Richland County",IL,us-il-159,0.08085340170314
Nonmetropolitan,2023,"Saline County",IL,us-il-165,0.11238990017616
Nonmetropolitan,2023,"Schuyler County",IL,us-il-169,0.07968957031989
Nonmetropolitan,2023,"Scott County",IL,us-il-171,0.0681619574716
Nonmetropolitan,2023,"Shelby County",IL,us-il-173,0.05507631055076
Nonmetropolitan,2023,"Stephenson County",IL,us-il-177,0.08524120363
Nonmetropolitan,2023,"Union County",IL,us-il-181,0.12964478638075
Nonmetropolitan,2023,"Vermilion County",IL,us-il-183,0.09265449046994
Nonmetropolitan,2023,"Wabash County",IL,us-il-185,0.0718317085685
Nonmetropolitan,2023,"Warren County",IL,us-il-187,0.13428703276419
Nonmetropolitan,2023,"Washington County",IL,us-il-189,0.06817027329066
Nonmetropolitan,2023,"Wayne County",IL,us-il-191,0.09845799361928
Nonmetropolitan,2023,"White County",IL,us-il-193,0.13455502683001
Nonmetropolitan,2023,"Whiteside County",IL,us-il-195,0.08987635239567
Nonmetropolitan,2023,"Williamson County",IL,us-il-199,0.07563865003852
Nonmetropolitan,2023,"Adams County",IN,us-in-001,0.13031976609273
Nonmetropolitan,2023,"Blackford County",IN,us-in-009,0.10481856038073
Nonmetropolitan,2023,"Cass County",IN,us-in-017,0.14219320145957
Nonmetropolitan,2023,"Clinton County",IN,us-in-023,0.13646395867575
Nonmetropolitan,2023,"Crawford County",IN,us-in-025,0.14414295168762
Nonmetropolitan,2023,"Daviess County",IN,us-in-027,0.22823585810163
Nonmetropolitan,2023,"Decatur County",IN,us-in-031,0.09456840706495
Nonmetropolitan,2023,"Dekalb County",IN,us-in-033,0.07706366128541
Nonmetropolitan,2023,"Dubois County",IN,us-in-037,0.10765606595995
Nonmetropolitan,2023,"Fayette County",IN,us-in-041,0.14123705020536
Nonmetropolitan,2023,"Fountain County",IN,us-in-045,0.10341865658822
Nonmetropolitan,2023,"Fulton County",IN,us-in-049,0.12701226863343
Nonmetropolitan,2023,"Gibson County",IN,us-in-051,0.09277846864452
Nonmetropolitan,2023,"Grant County",IN,us-in-053,0.11236032240337
Nonmetropolitan,2023,"Greene County",IN,us-in-055,0.11858463500159
Nonmetropolitan,2023,"Henry County",IN,us-in-065,0.0936740702627
Nonmetropolitan,2023,"Huntington County",IN,us-in-069,0.06963821234334
Nonmetropolitan,2023,"Jackson County",IN,us-in-071,0.10831315577078
Nonmetropolitan,2023,"Jay County",IN,us-in-075,0.13133194278903
Nonmetropolitan,2023,"Jefferson County",IN,us-in-077,0.1136804030487
Nonmetropolitan,2023,"Jennings County",IN,us-in-079,0.12398384643625
Nonmetropolitan,2023,"Knox County",IN,us-in-083,0.09904298325221
Nonmetropolitan,2023,"Kosciusko County",IN,us-in-085,0.11967249473256
Nonmetropolitan,2023,"Lagrange County",IN,us-in-087,0.39429819036822
Nonmetropolitan,2023,"Lawrence County",IN,us-in-093,0.0964901324007
Nonmetropolitan,2023,"Marshall County",IN,us-in-099,0.13881275594106
Nonmetropolitan,2023,"Martin County",IN,us-in-101,0.11287735161149
Nonmetropolitan,2023,"Miami County",IN,us-in-103,0.12546712252524
Nonmetropolitan,2023,"Montgomery County",IN,us-in-107,0.11058506543495
Nonmetropolitan,2023,"Noble County",IN,us-in-113,0.17368042301555
Nonmetropolitan,2023,"Orange County",IN,us-in-117,0.14249382357216
Nonmetropolitan,2023,"Parke County",IN,us-in-121,0.15937256261374
Nonmetropolitan,2023,"Perry County",IN,us-in-123,0.08807086328324
Nonmetropolitan,2023,"Pike County",IN,us-in-125,0.09763210078152
Nonmetropolitan,2023,"Pulaski County",IN,us-in-131,0.1046658259773
Nonmetropolitan,2023,"Putnam County",IN,us-in-133,0.0917803896821
Nonmetropolitan,2023,"Randolph County",IN,us-in-135,0.09367475186469
Nonmetropolitan,2023,"Ripley County",IN,us-in-137,0.09376417805112
Nonmetropolitan,2023,"Rush County",IN,us-in-139,0.0916114790287
Nonmetropolitan,2023,"Scott County",IN,us-in-143,0.15962386129885
Nonmetropolitan,2023,"Spencer County",IN,us-in-147,0.06921392753726
Nonmetropolitan,2023,"Starke County",IN,us-in-149,0.14152505981228
Nonmetropolitan,2023,"Steuben County",IN,us-in-151,0.07872922364822
Nonmetropolitan,2023,"Switzerland County",IN,us-in-155,0.17605736865213
Nonmetropolitan,2023,"Union County",IN,us-in-161,0.10141181149334
Nonmetropolitan,2023,"Wabash County",IN,us-in-169,0.08186566819211
Nonmetropolitan,2023,"Wayne County",IN,us-in-177,0.1165500651056
Nonmetropolitan,2023,"White County",IN,us-in-181,0.09703250117758
Nonmetropolitan,2023,"Allen County",KS,us-ks-001,0.06467079873699
Nonmetropolitan,2023,"Anderson County",KS,us-ks-003,0.10526315789474
Nonmetropolitan,2023,"Atchison County",KS,us-ks-005,0.05697347266881
Nonmetropolitan,2023,"Barber County",KS,us-ks-007,0.05984419263456
Nonmetropolitan,2023,"Barton County",KS,us-ks-009,0.09747292418773
Nonmetropolitan,2023,"Bourbon County",KS,us-ks-011,0.08997456549385
Nonmetropolitan,2023,"Brown County",KS,us-ks-013,0.04957528957529
Nonmetropolitan,2023,"Chase County",KS,us-ks-017,0.07425213675214
Nonmetropolitan,2023,"Chautauqua County",KS,us-ks-019,0.10626816106268
Nonmetropolitan,2023,"Cheyenne County",KS,us-ks-023,0.12150537634409
Nonmetropolitan,2023,"Clark County",KS,us-ks-025,0.0755939524838
Nonmetropolitan,2023,"Clay County",KS,us-ks-027,0.06790665028952
Nonmetropolitan,2023,"Cloud County",KS,us-ks-029,0.04187689202825
Nonmetropolitan,2023,"Coffey County",KS,us-ks-031,0.07798784604997
Nonmetropolitan,2023,"Comanche County",KS,us-ks-033,0.04837430610626
Nonmetropolitan,2023,"Cowley County",KS,us-ks-035,0.0841396903589
Nonmetropolitan,2023,"Crawford County",KS,us-ks-037,0.0577662027154
Nonmetropolitan,2023,"Decatur County",KS,us-ks-039,0.05847145488029
Nonmetropolitan,2023,"Dickinson County",KS,us-ks-041,0.07583774250441
Nonmetropolitan,2023,"Edwards County",KS,us-ks-047,0.12305374183827
Nonmetropolitan,2023,"Elk County",KS,us-ks-049,0.07975460122699
Nonmetropolitan,2023,"Ellis County",KS,us-ks-051,0.04719218090336
Nonmetropolitan,2023,"Ellsworth County",KS,us-ks-053,0.06919642857143
Nonmetropolitan,2023,"Finney County",KS,us-ks-055,0.28851963746224
Nonmetropolitan,2023,"Ford County",KS,us-ks-057,0.23045185663866
Nonmetropolitan,2023,"Franklin County",KS,us-ks-059,0.07770787281075
Nonmetropolitan,2023,"Gove County",KS,us-ks-063,0.05555555555556
Nonmetropolitan,2023,"Graham County",KS,us-ks-065,0.04631217838765
Nonmetropolitan,2023,"Grant County",KS,us-ks-067,0.18876611418048
Nonmetropolitan,2023,"Gray County",KS,us-ks-069,0.22231520223152
Nonmetropolitan,2023,"Greeley County",KS,us-ks-071,0.10361445783133
Nonmetropolitan,2023,"Greenwood County",KS,us-ks-073,0.07534562211982
Nonmetropolitan,2023,"Hamilton County",KS,us-ks-075,0.14163372859025
Nonmetropolitan,2023,"Harper County",KS,us-ks-077,0.10277324632953
Nonmetropolitan,2023,"Haskell County",KS,us-ks-081,0.25171232876712
Nonmetropolitan,2023,"Hodgeman County",KS,us-ks-083,0.04675324675325
Nonmetropolitan,2023,"Jewell County",KS,us-ks-089,0.06213151927438
Nonmetropolitan,2023,"Kearny County",KS,us-ks-093,0.14684167350287
Nonmetropolitan,2023,"Kingman County",KS,us-ks-095,0.0936278342455
Nonmetropolitan,2023,"Kiowa County",KS,us-ks-097,0.10722891566265
Nonmetropolitan,2023,"Labette County",KS,us-ks-099,0.10197947214076
Nonmetropolitan,2023,"Lane County",KS,us-ks-101,0.04962546816479
Nonmetropolitan,2023,"Lincoln County",KS,us-ks-105,0.0381133873273
Nonmetropolitan,2023,"Logan County",KS,us-ks-109,0.07772561293688
Nonmetropolitan,2023,"Lyon County",KS,us-ks-111,0.10826650215916
Nonmetropolitan,2023,"Marion County",KS,us-ks-115,0.07690390128381
Nonmetropolitan,2023,"Marshall County",KS,us-ks-117,0.09042322692474
Nonmetropolitan,2023,"Mcpherson County",KS,us-ks-113,0.07672340637947
Nonmetropolitan,2023,"Meade County",KS,us-ks-119,0.15363457760314
Nonmetropolitan,2023,"Mitchell County",KS,us-ks-123,0.05614837398374
Nonmetropolitan,2023,"Montgomery County",KS,us-ks-125,0.10126461465044
Nonmetropolitan,2023,"Morris County",KS,us-ks-127,0.07110665998998
Nonmetropolitan,2023,"Morton County",KS,us-ks-129,0.13301023155627
Nonmetropolitan,2023,"Nemaha County",KS,us-ks-131,0.06321665660833
Nonmetropolitan,2023,"Neosho County",KS,us-ks-133,0.07670944263551
Nonmetropolitan,2023,"Ness County",KS,us-ks-135,0.0845147219193
Nonmetropolitan,2023,"Norton County",KS,us-ks-137,0.0771565899317
Nonmetropolitan,2023,"Osborne County",KS,us-ks-141,0.04752396166134
Nonmetropolitan,2023,"Ottawa County",KS,us-ks-143,0.05204736063148
Nonmetropolitan,2023,"Pawnee County",KS,us-ks-145,0.10579293344289
Nonmetropolitan,2023,"Phillips County",KS,us-ks-147,0.07647231174919
Nonmetropolitan,2023,"Pratt County",KS,us-ks-151,0.07710760795065
Nonmetropolitan,2023,"Rawlins County",KS,us-ks-153,0.04582651391162
Nonmetropolitan,2023,"Reno County",KS,us-ks-155,0.08814790359855
Nonmetropolitan,2023,"Republic County",KS,us-ks-157,0.05171889260724
Nonmetropolitan,2023,"Rice County",KS,us-ks-159,0.07060755336617
Nonmetropolitan,2023,"Rooks County",KS,us-ks-163,0.07810750279955
Nonmetropolitan,2023,"Rush County",KS,us-ks-165,0.0861581920904
Nonmetropolitan,2023,"Russell County",KS,us-ks-167,0.07476051645148
Nonmetropolitan,2023,"Saline County",KS,us-ks-169,0.07100914925577
Nonmetropolitan,2023,"Scott County",KS,us-ks-171,0.10858806404658
Nonmetropolitan,2023,"Seward County",KS,us-ks-175,0.28052831382474
Nonmetropolitan,2023,"Sheridan County",KS,us-ks-179,0.03465045592705
Nonmetropolitan,2023,"Sherman County",KS,us-ks-181,0.08256639495135
Nonmetropolitan,2023,"Smith County",KS,us-ks-183,0.05107022155464
Nonmetropolitan,2023,"Stafford County",KS,us-ks-185,0.07373774064657
Nonmetropolitan,2023,"Stanton County",KS,us-ks-187,0.2361963190184
Nonmetropolitan,2023,"Stevens County",KS,us-ks-189,0.26204357164774
Nonmetropolitan,2023,"Thomas County",KS,us-ks-193,0.0654376012966
Nonmetropolitan,2023,"Trego County",KS,us-ks-195,0.03569751056834
Nonmetropolitan,2023,"Wallace County",KS,us-ks-199,0.07821782178218
Nonmetropolitan,2023,"Washington County",KS,us-ks-201,0.05525006546216
Nonmetropolitan,2023,"Wichita County",KS,us-ks-203,0.1221843003413
Nonmetropolitan,2023,"Wilson County",KS,us-ks-205,0.08381016492763
Nonmetropolitan,2023,"Woodson County",KS,us-ks-207,0.08863443596268
Nonmetropolitan,2023,"Adair County",KY,us-ky-001,0.14212088083711
Nonmetropolitan,2023,"Anderson County",KY,us-ky-005,0.08302361827119
Nonmetropolitan,2023,"Barren County",KY,us-ky-009,0.13465526179368
Nonmetropolitan,2023,"Bath County",KY,us-ky-011,0.18612838868677
Nonmetropolitan,2023,"Bell County",KY,us-ky-013,0.20631992382766
Nonmetropolitan,2023,"Boyle County",KY,us-ky-021,0.0856218929485
Nonmetropolitan,2023,"Breathitt County",KY,us-ky-025,0.19372427983539
Nonmetropolitan,2023,"Breckinridge County",KY,us-ky-027,0.13591825307951
Nonmetropolitan,2023,"Caldwell County",KY,us-ky-033,0.1015332197615
Nonmetropolitan,2023,"Calloway County",KY,us-ky-035,0.08618477331052
Nonmetropolitan,2023,"Carroll County",KY,us-ky-041,0.16052484645449
Nonmetropolitan,2023,"Casey County",KY,us-ky-045,0.22132632723319
Nonmetropolitan,2023,"Clay County",KY,us-ky-051,0.25927200165141
Nonmetropolitan,2023,"Clinton County",KY,us-ky-053,0.20750988142292
Nonmetropolitan,2023,"Crittenden County",KY,us-ky-055,0.16222187154805
Nonmetropolitan,2023,"Cumberland County",KY,us-ky-057,0.18028624192059
Nonmetropolitan,2023,"Elliott County",KY,us-ky-063,0.2505796326021
Nonmetropolitan,2023,"Estill County",KY,us-ky-065,0.21880846873461
Nonmetropolitan,2023,"Fleming County",KY,us-ky-069,0.16581411060708
Nonmetropolitan,2023,"Floyd County",KY,us-ky-071,0.18937182614259
Nonmetropolitan,2023,"Franklin County",KY,us-ky-073,0.07522136099081
Nonmetropolitan,2023,"Fulton County",KY,us-ky-075,0.18814945832412
Nonmetropolitan,2023,"Garrard County",KY,us-ky-079,0.1417450535193
Nonmetropolitan,2023,"Graves County",KY,us-ky-083,0.11299071804557
Nonmetropolitan,2023,"Grayson County",KY,us-ky-085,0.1495245382009
Nonmetropolitan,2023,"Green County",KY,us-ky-087,0.1503355704698
Nonmetropolitan,2023,"Hancock County",KY,us-ky-091,0.13427734375
Nonmetropolitan,2023,"Harlan County",KY,us-ky-095,0.20750286681592
Nonmetropolitan,2023,"Harrison County",KY,us-ky-097,0.10885749012458
Nonmetropolitan,2023,"Hart County",KY,us-ky-099,0.21063007051331
Nonmetropolitan,2023,"Henderson County",KY,us-ky-101,0.10887745255709
Nonmetropolitan,2023,"Hickman County",KY,us-ky-105,0.12797800855223
Nonmetropolitan,2023,"Hopkins County",KY,us-ky-107,0.12273885350318
Nonmetropolitan,2023,"Jackson County",KY,us-ky-109,0.26711572438163
Nonmetropolitan,2023,"Johnson County",KY,us-ky-115,0.17651151024538
Nonmetropolitan,2023,"Knott County",KY,us-ky-119,0.27206931702345
Nonmetropolitan,2023,"Knox County",KY,us-ky-121,0.24267188646929
Nonmetropolitan,2023,"Laurel County",KY,us-ky-125,0.16912643678161
Nonmetropolitan,2023,"Lee County",KY,us-ky-129,0.25774316247057
Nonmetropolitan,2023,"Leslie County",KY,us-ky-131,0.18607837763771
Nonmetropolitan,2023,"Letcher County",KY,us-ky-133,0.20196362677912
Nonmetropolitan,2023,"Lewis County",KY,us-ky-135,0.19355193661972
Nonmetropolitan,2023,"Lincoln County",KY,us-ky-137,0.16802039485386
Nonmetropolitan,2023,"Logan County",KY,us-ky-141,0.13010859870941
Nonmetropolitan,2023,"Lyon County",KY,us-ky-143,0.0986235277423
Nonmetropolitan,2023,"Madison County",KY,us-ky-151,0.08746652201919
Nonmetropolitan,2023,"Magoffin County",KY,us-ky-153,0.25107958050586
Nonmetropolitan,2023,"Marion County",KY,us-ky-155,0.13691054480233
Nonmetropolitan,2023,"Marshall County",KY,us-ky-157,0.07680298365064
Nonmetropolitan,2023,"Martin County",KY,us-ky-159,0.26271496523966
Nonmetropolitan,2023,"Mason County",KY,us-ky-161,0.14837790259033
Nonmetropolitan,2023,"Mccreary County",KY,us-ky-147,0.2253781512605
Nonmetropolitan,2023,"Menifee County",KY,us-ky-165,0.21640956852224
Nonmetropolitan,2023,"Mercer County",KY,us-ky-167,0.08914120820526
Nonmetropolitan,2023,"Metcalfe County",KY,us-ky-169,0.15731741183005
Nonmetropolitan,2023,"Monroe County",KY,us-ky-171,0.17551282051282
Nonmetropolitan,2023,"Montgomery County",KY,us-ky-173,0.15046892713594
Nonmetropolitan,2023,"Morgan County",KY,us-ky-175,0.1890629561156
Nonmetropolitan,2023,"Muhlenberg County",KY,us-ky-177,0.15384264538198
Nonmetropolitan,2023,"Nicholas County",KY,us-ky-181,0.16257964858081
Nonmetropolitan,2023,"Ohio County",KY,us-ky-183,0.1617976131278
Nonmetropolitan,2023,"Owen County",KY,us-ky-187,0.15905052043666
Nonmetropolitan,2023,"Owsley County",KY,us-ky-189,0.27018842530283
Nonmetropolitan,2023,"Perry County",KY,us-ky-193,0.20493903063839
Nonmetropolitan,2023,"Pike County",KY,us-ky-195,0.19176848561554
Nonmetropolitan,2023,"Powell County",KY,us-ky-197,0.17350978396109
Nonmetropolitan,2023,"Pulaski County",KY,us-ky-199,0.15093241349574
Nonmetropolitan,2023,"Robertson County",KY,us-ky-201,0.14795244385733
Nonmetropolitan,2023,"Rockcastle County",KY,us-ky-203,0.1863580998782
Nonmetropolitan,2023,"Rowan County",KY,us-ky-205,0.12705654638463
Nonmetropolitan,2023,"Russell County",KY,us-ky-207,0.1821162920899
Nonmetropolitan,2023,"Simpson County",KY,us-ky-213,0.10839500635419
Nonmetropolitan,2023,"Taylor County",KY,us-ky-217,0.11309696512505
Nonmetropolitan,2023,"Todd County",KY,us-ky-219,0.2018691588785
Nonmetropolitan,2023,"Trimble County",KY,us-ky-223,0.14361613813714
Nonmetropolitan,2023,"Union County",KY,us-ky-225,0.0796855078623
Nonmetropolitan,2023,"Washington County",KY,us-ky-229,0.1083382613838
Nonmetropolitan,2023,"Wayne County",KY,us-ky-231,0.20599729979393
Nonmetropolitan,2023,"Webster County",KY,us-ky-233,0.13388353966071
Nonmetropolitan,2023,"Whitley County",KY,us-ky-235,0.1689592525305
Nonmetropolitan,2023,"Wolfe County",KY,us-ky-237,0.34014209591474
Nonmetropolitan,2023,"Allen Parish",LA,us-la-003,0.20740833125468
Nonmetropolitan,2023,"Avoyelles Parish",LA,us-la-009,0.2295920285768
Nonmetropolitan,2023,"Beauregard Parish",LA,us-la-011,0.12766391769413
Nonmetropolitan,2023,"Bienville Parish",LA,us-la-013,0.13974187805964
Nonmetropolitan,2023,"Caldwell Parish",LA,us-la-021,0.17199017199017
Nonmetropolitan,2023,"Catahoula Parish",LA,us-la-025,0.25784535748949
Nonmetropolitan,2023,"Claiborne Parish",LA,us-la-027,0.20620510774142
Nonmetropolitan,2023,"Concordia Parish",LA,us-la-029,0.16437240368168
Nonmetropolitan,2023,"East Carroll Parish",LA,us-la-035,0.30925460636516
Nonmetropolitan,2023,"Evangeline Parish",LA,us-la-039,0.20879851774431
Nonmetropolitan,2023,"Franklin Parish",LA,us-la-041,0.2149704731958
Nonmetropolitan,2023,"Iberia Parish",LA,us-la-045,0.1681661204109
Nonmetropolitan,2023,"Jackson Parish",LA,us-la-049,0.14336951392166
Nonmetropolitan,2023,"Lasalle Parish",LA,us-la-059,0.19610516066212
Nonmetropolitan,2023,"Lincoln Parish",LA,us-la-061,0.10609215857029
Nonmetropolitan,2023,"Madison Parish",LA,us-la-065,0.23889063977309
Nonmetropolitan,2023,"Natchitoches Parish",LA,us-la-069,0.12668926553672
Nonmetropolitan,2023,"Red River Parish",LA,us-la-081,0.18759904912837
Nonmetropolitan,2023,"Sabine Parish",LA,us-la-085,0.14319698671777
Nonmetropolitan,2023,"St. Landry Parish",LA,us-la-097,0.19418639496554
Nonmetropolitan,2023,"St. Mary Parish",LA,us-la-101,0.19413852735051
Nonmetropolitan,2023,"Tensas Parish",LA,us-la-107,0.19140083217753
Nonmetropolitan,2023,"Vernon Parish",LA,us-la-115,0.1243590597323
Nonmetropolitan,2023,"Washington Parish",LA,us-la-117,0.15913049087273
Nonmetropolitan,2023,"Webster Parish",LA,us-la-119,0.1375769200032
Nonmetropolitan,2023,"West Carroll Parish",LA,us-la-123,0.16311951183212
Nonmetropolitan,2023,"Winn Parish",LA,us-la-127,0.15647314498603
Nonmetropolitan,2023,"Dukes County",MA,us-ma-007,0.04754139488209
Nonmetropolitan,2023,"Franklin County",MA,us-ma-011,0.06078062109966
Nonmetropolitan,2023,"Nantucket County",MA,us-ma-019,0.0400956937799
Nonmetropolitan,2023,"Allegany County",MD,us-md-001,0.10274972878244
Nonmetropolitan,2023,"Caroline County",MD,us-md-011,0.15992292870906
Nonmetropolitan,2023,"Dorchester County",MD,us-md-019,0.13182457486255
Nonmetropolitan,2023,"Garrett County",MD,us-md-023,0.10149781375012
Nonmetropolitan,2023,"Kent County",MD,us-md-029,0.08195780106215
Nonmetropolitan,2023,"Talbot County",MD,us-md-041,0.08032269379165
Nonmetropolitan,2023,"Worcester County",MD,us-md-047,0.06303682495804
Nonmetropolitan,2023,"Aroostook County",ME,us-me-003,0.08817671194678
Nonmetropolitan,2023,"Franklin County",ME,us-me-007,0.06156038802814
Nonmetropolitan,2023,"Hancock County",ME,us-me-009,0.05046064630781
Nonmetropolitan,2023,"Kennebec County",ME,us-me-011,0.05161169497874
Nonmetropolitan,2023,"Knox County",ME,us-me-013,0.05704826181077
Nonmetropolitan,2023,"Lincoln County",ME,us-me-015,0.05143869288606
Nonmetropolitan,2023,"Oxford County",ME,us-me-017,0.07389912467259
Nonmetropolitan,2023,"Piscataquis County",ME,us-me-021,0.08002080392303
Nonmetropolitan,2023,"Somerset County",ME,us-me-025,0.07147547873598
Nonmetropolitan,2023,"Waldo County",ME,us-me-027,0.06295480339141
Nonmetropolitan,2023,"Washington County",ME,us-me-029,0.08842422935978
Nonmetropolitan,2023,"Alcona County",MI,us-mi-001,0.07109338338808
Nonmetropolitan,2023,"Alger County",MI,us-mi-003,0.06376133372331
Nonmetropolitan,2023,"Allegan County",MI,us-mi-005,0.07947680074949
Nonmetropolitan,2023,"Alpena County",MI,us-mi-007,0.06902302311576
Nonmetropolitan,2023,"Antrim County",MI,us-mi-009,0.05603377378146
Nonmetropolitan,2023,"Arenac County",MI,us-mi-011,0.11375661375661
Nonmetropolitan,2023,"Baraga County",MI,us-mi-013,0.07905329254548
Nonmetropolitan,2023,"Branch County",MI,us-mi-023,0.11352135374698
Nonmetropolitan,2023,"Charlevoix County",MI,us-mi-029,0.04682426948052
Nonmetropolitan,2023,"Cheboygan County",MI,us-mi-031,0.10309433206489
Nonmetropolitan,2023,"Chippewa County",MI,us-mi-033,0.07161855589455
Nonmetropolitan,2023,"Clare County",MI,us-mi-035,0.11820835693434
Nonmetropolitan,2023,"Crawford County",MI,us-mi-039,0.08563291760778
Nonmetropolitan,2023,"Delta County",MI,us-mi-041,0.07565801549135
Nonmetropolitan,2023,"Dickinson County",MI,us-mi-043,0.04211408517102
Nonmetropolitan,2023,"Emmet County",MI,us-mi-047,0.039872219593
Nonmetropolitan,2023,"Gladwin County",MI,us-mi-051,0.11083795376085
Nonmetropolitan,2023,"Gogebic County",MI,us-mi-053,0.04176334106729
Nonmetropolitan,2023,"Gratiot County",MI,us-mi-057,0.08134155744025
Nonmetropolitan,2023,"Hillsdale County",MI,us-mi-059,0.0950582410258
Nonmetropolitan,2023,"Houghton County",MI,us-mi-061,0.0548228482147
Nonmetropolitan,2023,"Huron County",MI,us-mi-063,0.08114877996113
Nonmetropolitan,2023,"Iosco County",MI,us-mi-069,0.10924284112911
Nonmetropolitan,2023,"Iron County",MI,us-mi-071,0.0655737704918
Nonmetropolitan,2023,"Isabella County",MI,us-mi-073,0.08048289738431
Nonmetropolitan,2023,"Keweenaw County",MI,us-mi-083,0.02476083286438
Nonmetropolitan,2023,"Lake County",MI,us-mi-085,0.17387237580545
Nonmetropolitan,2023,"Lenawee County",MI,us-mi-091,0.08622723480162
Nonmetropolitan,2023,"Luce County",MI,us-mi-095,0.07252927881652
Nonmetropolitan,2023,"Mackinac County",MI,us-mi-097,0.07821620359561
Nonmetropolitan,2023,"Manistee County",MI,us-mi-101,0.09695935463854
Nonmetropolitan,2023,"Marquette County",MI,us-mi-103,0.04496151942032
Nonmetropolitan,2023,"Mason County",MI,us-mi-105,0.06638345548761
Nonmetropolitan,2023,"Mecosta County",MI,us-mi-107,0.08267363704257
Nonmetropolitan,2023,"Menominee County",MI,us-mi-109,0.0760888178549
Nonmetropolitan,2023,"Missaukee County",MI,us-mi-113,0.0894731952058
Nonmetropolitan,2023,"Montmorency County",MI,us-mi-119,0.10584433072987
Nonmetropolitan,2023,"Newaygo County",MI,us-mi-123,0.10252887742514
Nonmetropolitan,2023,"Oceana County",MI,us-mi-127,0.09407243630238
Nonmetropolitan,2023,"Ogemaw County",MI,us-mi-129,0.10325534079349
Nonmetropolitan,2023,"Ontonagon County",MI,us-mi-131,0.05889595731582
Nonmetropolitan,2023,"Osceola County",MI,us-mi-133,0.10343350266234
Nonmetropolitan,2023,"Oscoda County",MI,us-mi-135,0.13881293228245
Nonmetropolitan,2023,"Otsego County",MI,us-mi-137,0.06057461219139
Nonmetropolitan,2023,"Presque Isle County",MI,us-mi-141,0.08225899557437
Nonmetropolitan,2023,"Roscommon County",MI,us-mi-143,0.09202518363064
Nonmetropolitan,2023,"Sanilac County",MI,us-mi-151,0.09301525009467
Nonmetropolitan,2023,"Schoolcraft County",MI,us-mi-153,0.10271660504742
Nonmetropolitan,2023,"Shiawassee County",MI,us-mi-155,0.07331673900969
Nonmetropolitan,2023,"St. Joseph County",MI,us-mi-149,0.13693650024237
Nonmetropolitan,2023,"Tuscola County",MI,us-mi-157,0.07799543946932
Nonmetropolitan,2023,"Van Buren County",MI,us-mi-159,0.1116735812431
Nonmetropolitan,2023,"Wexford County",MI,us-mi-165,0.09966707404442
Nonmetropolitan,2023,"Aitkin County",MN,us-mn-001,0.06437699680511
Nonmetropolitan,2023,"Becker County",MN,us-mn-005,0.06683857236411
Nonmetropolitan,2023,"Beltrami County",MN,us-mn-007,0.07205398857934
Nonmetropolitan,2023,"Big Stone County",MN,us-mn-011,0.06709608158884
Nonmetropolitan,2023,"Brown County",MN,us-mn-015,0.07125556244015
Nonmetropolitan,2023,"Cass County",MN,us-mn-021,0.05557764523967
Nonmetropolitan,2023,"Chippewa County",MN,us-mn-023,0.09896446222641
Nonmetropolitan,2023,"Clearwater County",MN,us-mn-029,0.11472602739726
Nonmetropolitan,2023,"Cook County",MN,us-mn-031,0.02700290113814
Nonmetropolitan,2023,"Cottonwood County",MN,us-mn-033,0.07591014717273
Nonmetropolitan,2023,"Crow Wing County",MN,us-mn-035,0.05431911713519
Nonmetropolitan,2023,"Douglas County",MN,us-mn-041,0.03974167908594
Nonmetropolitan,2023,"Faribault County",MN,us-mn-043,0.07953971939033
Nonmetropolitan,2023,"Freeborn County",MN,us-mn-047,0.10134610997034
Nonmetropolitan,2023,"Goodhue County",MN,us-mn-049,0.06334668394393
Nonmetropolitan,2023,"Grant County",MN,us-mn-051,0.0571098265896
Nonmetropolitan,2023,"Hubbard County",MN,us-mn-057,0.05430178898793
Nonmetropolitan,2023,"Itasca County",MN,us-mn-061,0.05347577399147
Nonmetropolitan,2023,"Jackson County",MN,us-mn-063,0.06106977397164
Nonmetropolitan,2023,"Kanabec County",MN,us-mn-065,0.08838253064043
Nonmetropolitan,2023,"Kandiyohi County",MN,us-mn-067,0.0917108775724
Nonmetropolitan,2023,"Kittson County",MN,us-mn-069,0.04114671163575
Nonmetropolitan,2023,"Koochiching County",MN,us-mn-071,0.06493649917173
Nonmetropolitan,2023,"Lac Qui Parle County",MN,us-mn-073,0.04812061131764
Nonmetropolitan,2023,"Lake County",MN,us-mn-075,0.06836151319791
Nonmetropolitan,2023,"Lake Of The Woods County",MN,us-mn-077,0.03902953586498
Nonmetropolitan,2023,"Lincoln County",MN,us-mn-081,0.05733130390665
Nonmetropolitan,2023,"Lyon County",MN,us-mn-083,0.08146204539907
Nonmetropolitan,2023,"Mahnomen County",MN,us-mn-087,0.13271889400922
Nonmetropolitan,2023,"Marshall County",MN,us-mn-089,0.07222222222222
Nonmetropolitan,2023,"Martin County",MN,us-mn-091,0.053267904132
Nonmetropolitan,2023,"Mcleod County",MN,us-mn-085,0.06510093167702
Nonmetropolitan,2023,"Meeker County",MN,us-mn-093,0.06295580627065
Nonmetropolitan,2023,"Morrison County",MN,us-mn-097,0.07170428799194
Nonmetropolitan,2023,"Mower County",MN,us-mn-099,0.10310016197687
Nonmetropolitan,2023,"Murray County",MN,us-mn-101,0.09131633356306
Nonmetropolitan,2023,"Nobles County",MN,us-mn-105,0.22203624190379
Nonmetropolitan,2023,"Norman County",MN,us-mn-107,0.06642809214941
Nonmetropolitan,2023,"Otter Tail County",MN,us-mn-111,0.06033444506207
Nonmetropolitan,2023,"Pennington County",MN,us-mn-113,0.05434220060035
Nonmetropolitan,2023,"Pine County",MN,us-mn-115,0.0861018191816
Nonmetropolitan,2023,"Pipestone County",MN,us-mn-117,0.07350591243209
Nonmetropolitan,2023,"Pope County",MN,us-mn-121,0.05085568636971
Nonmetropolitan,2023,"Red Lake County",MN,us-mn-125,0.04598540145985
Nonmetropolitan,2023,"Redwood County",MN,us-mn-127,0.07367716008038
Nonmetropolitan,2023,"Renville County",MN,us-mn-129,0.08454438334643
Nonmetropolitan,2023,"Rice County",MN,us-mn-131,0.07022914927173
Nonmetropolitan,2023,"Roseau County",MN,us-mn-135,0.07035175879397
Nonmetropolitan,2023,"Sibley County",MN,us-mn-143,0.07482798165138
Nonmetropolitan,2023,"Steele County",MN,us-mn-147,0.06347521911724
Nonmetropolitan,2023,"Stevens County",MN,us-mn-149,0.06838487972509
Nonmetropolitan,2023,"Swift County",MN,us-mn-151,0.05502002076227
Nonmetropolitan,2023,"Todd County",MN,us-mn-153,0.11053079761567
Nonmetropolitan,2023,"Traverse County",MN,us-mn-155,0.05267740531128
Nonmetropolitan,2023,"Wadena County",MN,us-mn-159,0.08629977817682
Nonmetropolitan,2023,"Waseca County",MN,us-mn-161,0.07129284791366
Nonmetropolitan,2023,"Watonwan County",MN,us-mn-165,0.11622308412465
Nonmetropolitan,2023,"Wilkin County",MN,us-mn-167,0.06558108409547
Nonmetropolitan,2023,"Winona County",MN,us-mn-169,0.0614945843748
Nonmetropolitan,2023,"Yellow Medicine County",MN,us-mn-173,0.07459066100667
Nonmetropolitan,2023,"Adair County",MO,us-mo-001,0.07269099201824
Nonmetropolitan,2023,"Atchison County",MO,us-mo-005,0.081589958159
Nonmetropolitan,2023,"Audrain County",MO,us-mo-007,0.11554364917594
Nonmetropolitan,2023,"Barry County",MO,us-mo-009,0.14829364105082
Nonmetropolitan,2023,"Barton County",MO,us-mo-011,0.13945113622253
Nonmetropolitan,2023,"Benton County",MO,us-mo-015,0.10904480135249
Nonmetropolitan,2023,"Butler County",MO,us-mo-023,0.15517776475051
Nonmetropolitan,2023,"Camden County",MO,us-mo-029,0.07644114032195
Nonmetropolitan,2023,"Carroll County",MO,us-mo-033,0.10345405767941
Nonmetropolitan,2023,"Carter County",MO,us-mo-035,0.14798206278027
Nonmetropolitan,2023,"Cedar County",MO,us-mo-039,0.11884753901561
Nonmetropolitan,2023,"Chariton County",MO,us-mo-041,0.08720030935808
Nonmetropolitan,2023,"Clark County",MO,us-mo-045,0.10010695187166
Nonmetropolitan,2023,"Crawford County",MO,us-mo-055,0.15054829316647
Nonmetropolitan,2023,"Dade County",MO,us-mo-057,0.09043415600793
Nonmetropolitan,2023,"Daviess County",MO,us-mo-061,0.1432841068917
Nonmetropolitan,2023,"Dent County",MO,us-mo-065,0.14367872112292
Nonmetropolitan,2023,"Douglas County",MO,us-mo-067,0.1637350962106
Nonmetropolitan,2023,"Dunklin County",MO,us-mo-069,0.20010899182561
Nonmetropolitan,2023,"Gasconade County",MO,us-mo-073,0.10123272319761
Nonmetropolitan,2023,"Gentry County",MO,us-mo-075,0.11590424271154
Nonmetropolitan,2023,"Grundy County",MO,us-mo-079,0.14589941096511
Nonmetropolitan,2023,"Harrison County",MO,us-mo-081,0.0926689370855
Nonmetropolitan,2023,"Henry County",MO,us-mo-083,0.09945174040546
Nonmetropolitan,2023,"Hickory County",MO,us-mo-085,0.12039770079229
Nonmetropolitan,2023,"Holt County",MO,us-mo-087,0.07568438003221
Nonmetropolitan,2023,"Howell County",MO,us-mo-091,0.14065242832066
Nonmetropolitan,2023,"Iron County",MO,us-mo-093,0.14087995337995
Nonmetropolitan,2023,"Johnson County",MO,us-mo-101,0.06857320484924
Nonmetropolitan,2023,"Knox County",MO,us-mo-103,0.17131474103586
Nonmetropolitan,2023,"Laclede County",MO,us-mo-105,0.14159616010413
Nonmetropolitan,2023,"Lawrence County",MO,us-mo-109,0.14496612757959
Nonmetropolitan,2023,"Lewis County",MO,us-mo-111,0.12545540947252
Nonmetropolitan,2023,"Linn County",MO,us-mo-115,0.08524951076321
Nonmetropolitan,2023,"Livingston County",MO,us-mo-117,0.12020182034032
Nonmetropolitan,2023,"Macon County",MO,us-mo-121,0.08323798627002
Nonmetropolitan,2023,"Madison County",MO,us-mo-123,0.11916980271411
Nonmetropolitan,2023,"Maries County",MO,us-mo-125,0.13917441670746
Nonmetropolitan,2023,"Marion County",MO,us-mo-127,0.09645301804605
Nonmetropolitan,2023,"Mcdonald County",MO,us-mo-119,0.18659153486585
Nonmetropolitan,2023,"Mercer County",MO,us-mo-129,0.0936974789916
Nonmetropolitan,2023,"Miller County",MO,us-mo-131,0.10450772423334
Nonmetropolitan,2023,"Mississippi County",MO,us-mo-133,0.18075254952526
Nonmetropolitan,2023,"Monroe County",MO,us-mo-137,0.10115091586967
Nonmetropolitan,2023,"Montgomery County",MO,us-mo-139,0.11491809428536
Nonmetropolitan,2023,"Morgan County",MO,us-mo-141,0.19949645531041
Nonmetropolitan,2023,"New Madrid County",MO,us-mo-143,0.16610874875599
Nonmetropolitan,2023,"Nodaway County",MO,us-mo-147,0.058185010775
Nonmetropolitan,2023,"Oregon County",MO,us-mo-149,0.1307541625857
Nonmetropolitan,2023,"Ozark County",MO,us-mo-153,0.16661654135338
Nonmetropolitan,2023,"Pemiscot County",MO,us-mo-155,0.16666666666667
Nonmetropolitan,2023,"Perry County",MO,us-mo-157,0.12095790115924
Nonmetropolitan,2023,"Pettis County",MO,us-mo-159,0.12763286371879
Nonmetropolitan,2023,"Phelps County",MO,us-mo-161,0.08404281626453
Nonmetropolitan,2023,"Pike County",MO,us-mo-163,0.12681218439485
Nonmetropolitan,2023,"Pulaski County",MO,us-mo-169,0.05947727967916
Nonmetropolitan,2023,"Putnam County",MO,us-mo-171,0.06136230182032
Nonmetropolitan,2023,"Ralls County",MO,us-mo-173,0.08881797633293
Nonmetropolitan,2023,"Randolph County",MO,us-mo-175,0.10249226638651
Nonmetropolitan,2023,"Reynolds County",MO,us-mo-179,0.19446922390723
Nonmetropolitan,2023,"Ripley County",MO,us-mo-181,0.16309698017826
Nonmetropolitan,2023,"Saline County",MO,us-mo-195,0.12413559322034
Nonmetropolitan,2023,"Schuyler County",MO,us-mo-197,0.06259541984733
Nonmetropolitan,2023,"Scotland County",MO,us-mo-199,0.21607869742198
Nonmetropolitan,2023,"Scott County",MO,us-mo-201,0.13572178783989
Nonmetropolitan,2023,"Shannon County",MO,us-mo-203,0.13433417820238
Nonmetropolitan,2023,"Shelby County",MO,us-mo-205,0.10036014405762
Nonmetropolitan,2023,"St. Clair County",MO,us-mo-185,0.12069216228006
Nonmetropolitan,2023,"St. Francois County",MO,us-mo-187,0.13280486249841
Nonmetropolitan,2023,"Ste. Genevieve County",MO,us-mo-186,0.07274931797514
Nonmetropolitan,2023,"Stoddard County",MO,us-mo-207,0.17631486938714
Nonmetropolitan,2023,"Stone County",MO,us-mo-209,0.0821361902443
Nonmetropolitan,2023,"Sullivan County",MO,us-mo-211,0.14154810706535
Nonmetropolitan,2023,"Taney County",MO,us-mo-213,0.09296754250386
Nonmetropolitan,2023,"Texas County",MO,us-mo-215,0.14355793628418
Nonmetropolitan,2023,"Vernon County",MO,us-mo-217,0.11805555555556
Nonmetropolitan,2023,"Washington County",MO,us-mo-221,0.16817183304857
Nonmetropolitan,2023,"Wayne County",MO,us-mo-223,0.19278158058494
Nonmetropolitan,2023,"Worth County",MO,us-mo-227,0.06223175965665
Nonmetropolitan,2023,"Wright County",MO,us-mo-229,0.1718334809566
Nonmetropolitan,2023,"Adams County",MS,us-ms-001,0.16386182462356
Nonmetropolitan,2023,"Alcorn County",MS,us-ms-003,0.16575826919076
Nonmetropolitan,2023,"Amite County",MS,us-ms-005,0.12952968388589
Nonmetropolitan,2023,"Attala County",MS,us-ms-007,0.14792646430098
Nonmetropolitan,2023,"Bolivar County",MS,us-ms-011,0.16760228594548
Nonmetropolitan,2023,"Calhoun County",MS,us-ms-013,0.20983356901991
Nonmetropolitan,2023,"Carroll County",MS,us-ms-015,0.19981225693979
Nonmetropolitan,2023,"Chickasaw County",MS,us-ms-017,0.19338624338624
Nonmetropolitan,2023,"Choctaw County",MS,us-ms-019,0.14158829676071
Nonmetropolitan,2023,"Claiborne County",MS,us-ms-021,0.16305189775368
Nonmetropolitan,2023,"Clarke County",MS,us-ms-023,0.13623699851412
Nonmetropolitan,2023,"Clay County",MS,us-ms-025,0.17232417106403
Nonmetropolitan,2023,"Coahoma County",MS,us-ms-027,0.18027158986878
Nonmetropolitan,2023,"Covington County",MS,us-ms-031,0.15290269828291
Nonmetropolitan,2023,"Franklin County",MS,us-ms-037,0.13200075429002
Nonmetropolitan,2023,"George County",MS,us-ms-039,0.1211691434914
Nonmetropolitan,2023,"Greene County",MS,us-ms-041,0.19360252739658
Nonmetropolitan,2023,"Grenada County",MS,us-ms-043,0.15527992873295
Nonmetropolitan,2023,"Humphreys County",MS,us-ms-053,0.23076923076923
Nonmetropolitan,2023,"Issaquena County",MS,us-ms-055,0.32704402515723
Nonmetropolitan,2023,"Itawamba County",MS,us-ms-057,0.14792168488667
Nonmetropolitan,2023,"Jasper County",MS,us-ms-061,0.10425778809248
Nonmetropolitan,2023,"Jefferson County",MS,us-ms-063,0.19245990418663
Nonmetropolitan,2023,"Jefferson Davis County",MS,us-ms-065,0.12427890644595
Nonmetropolitan,2023,"Jones County",MS,us-ms-067,0.12913475825809
Nonmetropolitan,2023,"Kemper County",MS,us-ms-069,0.20430645968953
Nonmetropolitan,2023,"Lafayette County",MS,us-ms-071,0.08077691051007
Nonmetropolitan,2023,"Lauderdale County",MS,us-ms-075,0.14782184060065
Nonmetropolitan,2023,"Lawrence County",MS,us-ms-077,0.17901706137
Nonmetropolitan,2023,"Leake County",MS,us-ms-079,0.17774810233343
Nonmetropolitan,2023,"Lee County",MS,us-ms-081,0.12189081706435
Nonmetropolitan,2023,"Leflore County",MS,us-ms-083,0.17186953989517
Nonmetropolitan,2023,"Lincoln County",MS,us-ms-085,0.12947991331889
Nonmetropolitan,2023,"Lowndes County",MS,us-ms-087,0.1193023255814
Nonmetropolitan,2023,"Marion County",MS,us-ms-091,0.17456626721517
Nonmetropolitan,2023,"Monroe County",MS,us-ms-095,0.146999240314
Nonmetropolitan,2023,"Montgomery County",MS,us-ms-097,0.18601878074229
Nonmetropolitan,2023,"Neshoba County",MS,us-ms-099,0.17769921131357
Nonmetropolitan,2023,"Newton County",MS,us-ms-101,0.14077278392844
Nonmetropolitan,2023,"Noxubee County",MS,us-ms-103,0.20068178449681
Nonmetropolitan,2023,"Oktibbeha County",MS,us-ms-105,0.09001518602885
Nonmetropolitan,2023,"Panola County",MS,us-ms-107,0.16305337948625
Nonmetropolitan,2023,"Pearl River County",MS,us-ms-109,0.1218522986883
Nonmetropolitan,2023,"Pike County",MS,us-ms-113,0.17037295765902
Nonmetropolitan,2023,"Pontotoc County",MS,us-ms-115,0.21139080571484
Nonmetropolitan,2023,"Prentiss County",MS,us-ms-117,0.16139316650626
Nonmetropolitan,2023,"Quitman County",MS,us-ms-119,0.23180924287119
Nonmetropolitan,2023,"Sharkey County",MS,us-ms-125,0.19008603031544
Nonmetropolitan,2023,"Smith County",MS,us-ms-129,0.1770192701927
Nonmetropolitan,2023,"Sunflower County",MS,us-ms-133,0.24233677769439
Nonmetropolitan,2023,"Tallahatchie County",MS,us-ms-135,0.18913294797688
Nonmetropolitan,2023,"Tippah County",MS,us-ms-139,0.1822573869206
Nonmetropolitan,2023,"Tishomingo County",MS,us-ms-141,0.16710241278853
Nonmetropolitan,2023,"Union County",MS,us-ms-145,0.21428571428571
Nonmetropolitan,2023,"Walthall County",MS,us-ms-147,0.19965870307167
Nonmetropolitan,2023,"Warren County",MS,us-ms-149,0.11946679233851
Nonmetropolitan,2023,"Washington County",MS,us-ms-151,0.2079077658138
Nonmetropolitan,2023,"Wayne County",MS,us-ms-153,0.16031733563742
Nonmetropolitan,2023,"Webster County",MS,us-ms-155,0.15759988205809
Nonmetropolitan,2023,"Wilkinson County",MS,us-ms-157,0.12491760052736
Nonmetropolitan,2023,"Winston County",MS,us-ms-159,0.16369930761622
Nonmetropolitan,2023,"Yalobusha County",MS,us-ms-161,0.1583816317432
Nonmetropolitan,2023,"Beaverhead County",MT,us-mt-001,0.06988847583643
Nonmetropolitan,2023,"Big Horn County",MT,us-mt-003,0.11547714514836
Nonmetropolitan,2023,"Blaine County",MT,us-mt-005,0.09431345353675
Nonmetropolitan,2023,"Carter County",MT,us-mt-011,0.06666666666667
Nonmetropolitan,2023,"Chouteau County",MT,us-mt-015,0.07710843373494
Nonmetropolitan,2023,"Custer County",MT,us-mt-017,0.05289467565682
Nonmetropolitan,2023,"Daniels County",MT,us-mt-019,0.03342128408091
Nonmetropolitan,2023,"Dawson County",MT,us-mt-021,0.05666720025612
Nonmetropolitan,2023,"Deer Lodge County",MT,us-mt-023,0.07201266156687
Nonmetropolitan,2023,"Fallon County",MT,us-mt-025,0.0304347826087
Nonmetropolitan,2023,"Fergus County",MT,us-mt-027,0.05764470116704
Nonmetropolitan,2023,"Flathead County",MT,us-mt-029,0.04377607251378
Nonmetropolitan,2023,"Garfield County",MT,us-mt-033,0.03603603603604
Nonmetropolitan,2023,"Glacier County",MT,us-mt-035,0.1442481067436
Nonmetropolitan,2023,"Golden Valley County",MT,us-mt-037,0.1089552238806
Nonmetropolitan,2023,"Granite County",MT,us-mt-039,0.07048286604361
Nonmetropolitan,2023,"Hill County",MT,us-mt-041,0.08779806445176
Nonmetropolitan,2023,"Judith Basin County",MT,us-mt-045,0.05921938088829
Nonmetropolitan,2023,"Lake County",MT,us-mt-047,0.07010400531091
Nonmetropolitan,2023,"Liberty County",MT,us-mt-051,0.1885800150263
Nonmetropolitan,2023,"Lincoln County",MT,us-mt-053,0.08118127552623
Nonmetropolitan,2023,"Madison County",MT,us-mt-057,0.04615602435226
Nonmetropolitan,2023,"Mccone County",MT,us-mt-055,0.0352422907489
Nonmetropolitan,2023,"Meagher County",MT,us-mt-059,0.04506858262573
Nonmetropolitan,2023,"Musselshell County",MT,us-mt-065,0.09627492130115
Nonmetropolitan,2023,"Park County",MT,us-mt-067,0.03311258278146
Nonmetropolitan,2023,"Petroleum County",MT,us-mt-069,0.01219512195122
Nonmetropolitan,2023,"Phillips County",MT,us-mt-071,0.04650395778364
Nonmetropolitan,2023,"Pondera County",MT,us-mt-073,0.13209817131858
Nonmetropolitan,2023,"Powder River County",MT,us-mt-075,0.10491071428571
Nonmetropolitan,2023,"Powell County",MT,us-mt-077,0.06856005788712
Nonmetropolitan,2023,"Prairie County",MT,us-mt-079,0.11542497376705
Nonmetropolitan,2023,"Ravalli County",MT,us-mt-081,0.06749283377248
Nonmetropolitan,2023,"Richland County",MT,us-mt-083,0.03765856236786
Nonmetropolitan,2023,"Roosevelt County",MT,us-mt-085,0.08178559791463
Nonmetropolitan,2023,"Rosebud County",MT,us-mt-087,0.08638388533798
Nonmetropolitan,2023,"Sanders County",MT,us-mt-089,0.07778450363196
Nonmetropolitan,2023,"Sheridan County",MT,us-mt-091,0.08544423440454
Nonmetropolitan,2023,"Silver Bow County",MT,us-mt-093,0.05991879588238
Nonmetropolitan,2023,"Sweet Grass County",MT,us-mt-097,0.03636363636364
Nonmetropolitan,2023,"Teton County",MT,us-mt-099,0.09090909090909
Nonmetropolitan,2023,"Toole County",MT,us-mt-101,0.13801652892562
Nonmetropolitan,2023,"Treasure County",MT,us-mt-103,0.05107084019769
Nonmetropolitan,2023,"Valley County",MT,us-mt-105,0.05347196435202
Nonmetropolitan,2023,"Wheatland County",MT,us-mt-107,0.07395069953364
Nonmetropolitan,2023,"Wibaux County",MT,us-mt-109,0.02685421994885
Nonmetropolitan,2023,"Alleghany County",NC,us-nc-005,0.16883267579485
Nonmetropolitan,2023,"Ashe County",NC,us-nc-009,0.12498787937555
Nonmetropolitan,2023,"Avery County",NC,us-nc-011,0.13624583487597
Nonmetropolitan,2023,"Beaufort County",NC,us-nc-013,0.11921740720424
Nonmetropolitan,2023,"Bertie County",NC,us-nc-015,0.18028338860416
Nonmetropolitan,2023,"Bladen County",NC,us-nc-017,0.11444012515407
Nonmetropolitan,2023,"Carteret County",NC,us-nc-031,0.07296202627926
Nonmetropolitan,2023,"Caswell County",NC,us-nc-033,0.16348757446296
Nonmetropolitan,2023,"Cherokee County",NC,us-nc-039,0.08573686290004
Nonmetropolitan,2023,"Chowan County",NC,us-nc-041,0.12622654091645
Nonmetropolitan,2023,"Clay County",NC,us-nc-043,0.10064457763203
Nonmetropolitan,2023,"Cleveland County",NC,us-nc-045,0.12535781408125
Nonmetropolitan,2023,"Columbus County",NC,us-nc-047,0.13489530847609
Nonmetropolitan,2023,"Craven County",NC,us-nc-049,0.08227047308794
Nonmetropolitan,2023,"Dare County",NC,us-nc-055,0.04771427569028
Nonmetropolitan,2023,"Duplin County",NC,us-nc-061,0.1808693553739
Nonmetropolitan,2023,"Graham County",NC,us-nc-075,0.15244852050528
Nonmetropolitan,2023,"Granville County",NC,us-nc-077,0.13380522890741
Nonmetropolitan,2023,"Greene County",NC,us-nc-079,0.22161159579584
Nonmetropolitan,2023,"Halifax County",NC,us-nc-083,0.19092622119148
Nonmetropolitan,2023,"Harnett County",NC,us-nc-085,0.11337651803869
Nonmetropolitan,2023,"Haywood County",NC,us-nc-087,0.08396284305635
Nonmetropolitan,2023,"Hertford County",NC,us-nc-091,0.15280504908836
Nonmetropolitan,2023,"Hyde County",NC,us-nc-095,0.13173652694611
Nonmetropolitan,2023,"Jackson County",NC,us-nc-099,0.10217701641685
Nonmetropolitan,2023,"Jones County",NC,us-nc-103,0.13544083526682
Nonmetropolitan,2023,"Lee County",NC,us-nc-105,0.14862087861905
Nonmetropolitan,2023,"Lenoir County",NC,us-nc-107,0.17520773807964
Nonmetropolitan,2023,"Macon County",NC,us-nc-113,0.09963138867229
Nonmetropolitan,2023,"Martin County",NC,us-nc-117,0.16691852411535
Nonmetropolitan,2023,"Mcdowell County",NC,us-nc-111,0.13879711209006
Nonmetropolitan,2023,"Mitchell County",NC,us-nc-121,0.10290827740492
Nonmetropolitan,2023,"Montgomery County",NC,us-nc-123,0.16043153883313
Nonmetropolitan,2023,"Northampton County",NC,us-nc-131,0.15462649861666
Nonmetropolitan,2023,"Pamlico County",NC,us-nc-137,0.09969450101833
Nonmetropolitan,2023,"Pasquotank County",NC,us-nc-139,0.10000714336738
Nonmetropolitan,2023,"Perquimans County",NC,us-nc-143,0.13275968039336
Nonmetropolitan,2023,"Polk County",NC,us-nc-149,0.08126686367725
Nonmetropolitan,2023,"Richmond County",NC,us-nc-153,0.15821521948534
Nonmetropolitan,2023,"Robeson County",NC,us-nc-155,0.21117962894051
Nonmetropolitan,2023,"Rutherford County",NC,us-nc-161,0.13402740890258
Nonmetropolitan,2023,"Sampson County",NC,us-nc-163,0.15709680668883
Nonmetropolitan,2023,"Scotland County",NC,us-nc-165,0.176412586813
Nonmetropolitan,2023,"Stanly County",NC,us-nc-167,0.12867317685003
Nonmetropolitan,2023,"Surry County",NC,us-nc-171,0.17350319476217
Nonmetropolitan,2023,"Swain County",NC,us-nc-173,0.12854209445585
Nonmetropolitan,2023,"Transylvania County",NC,us-nc-175,0.06168487839267
Nonmetropolitan,2023,"Tyrrell County",NC,us-nc-177,0.19477989871445
Nonmetropolitan,2023,"Vance County",NC,us-nc-181,0.14562903507241
Nonmetropolitan,2023,"Warren County",NC,us-nc-185,0.13274966189764
Nonmetropolitan,2023,"Washington County",NC,us-nc-187,0.14440251572327
Nonmetropolitan,2023,"Watauga County",NC,us-nc-189,0.0755569802853
Nonmetropolitan,2023,"Wilkes County",NC,us-nc-193,0.18125013105198
Nonmetropolitan,2023,"Wilson County",NC,us-nc-195,0.1557620886532
Nonmetropolitan,2023,"Yancey County",NC,us-nc-199,0.11886120996441
Nonmetropolitan,2023,"Adams County",ND,us-nd-001,0.0762331838565
Nonmetropolitan,2023,"Barnes County",ND,us-nd-003,0.04665071770335
Nonmetropolitan,2023,"Benson County",ND,us-nd-005,0.11516601854622
Nonmetropolitan,2023,"Billings County",ND,us-nd-007,0.05382436260623
Nonmetropolitan,2023,"Bottineau County",ND,us-nd-009,0.05992844364937
Nonmetropolitan,2023,"Bowman County",ND,us-nd-011,0.0980587356894
Nonmetropolitan,2023,"Burke County",ND,us-nd-013,0.07266666666667
Nonmetropolitan,2023,"Cavalier County",ND,us-nd-019,0.06911362748926
Nonmetropolitan,2023,"Dickey County",ND,us-nd-021,0.08646967340591
Nonmetropolitan,2023,"Divide County",ND,us-nd-023,0.11614550095724
Nonmetropolitan,2023,"Dunn County",ND,us-nd-025,0.07274011299435
Nonmetropolitan,2023,"Eddy County",ND,us-nd-027,0.07259425998875
Nonmetropolitan,2023,"Emmons County",ND,us-nd-029,0.11138112596193
Nonmetropolitan,2023,"Foster County",ND,us-nd-031,0.06824568446407
Nonmetropolitan,2023,"Golden Valley County",ND,us-nd-033,0.03445447087777
Nonmetropolitan,2023,"Grant County",ND,us-nd-037,0.10615835777126
Nonmetropolitan,2023,"Griggs County",ND,us-nd-039,0.06453522794553
Nonmetropolitan,2023,"Hettinger County",ND,us-nd-041,0.06942148760331
Nonmetropolitan,2023,"Kidder County",ND,us-nd-043,0.08196721311475
Nonmetropolitan,2023,"Lamoure County",ND,us-nd-045,0.08011049723757
Nonmetropolitan,2023,"Logan County",ND,us-nd-047,0.10074074074074
Nonmetropolitan,2023,"Mcintosh County",ND,us-nd-051,0.11569416498994
Nonmetropolitan,2023,"Mckenzie County",ND,us-nd-053,0.07650946566596
Nonmetropolitan,2023,"Mclean County",ND,us-nd-055,0.06403803131991
Nonmetropolitan,2023,"Mercer County",ND,us-nd-057,0.09580030359251
Nonmetropolitan,2023,"Mountrail County",ND,us-nd-061,0.11404660321628
Nonmetropolitan,2023,"Nelson County",ND,us-nd-063,0.06728640991589
Nonmetropolitan,2023,"Pembina County",ND,us-nd-067,0.08138351983723
Nonmetropolitan,2023,"Pierce County",ND,us-nd-069,0.06143465909091
Nonmetropolitan,2023,"Ramsey County",ND,us-nd-071,0.06873586328223
Nonmetropolitan,2023,"Ransom County",ND,us-nd-073,0.09359104781282
Nonmetropolitan,2023,"Richland County",ND,us-nd-077,0.05076378539493
Nonmetropolitan,2023,"Rolette County",ND,us-nd-079,0.16077441077441
Nonmetropolitan,2023,"Sargent County",ND,us-nd-081,0.07764198418404
Nonmetropolitan,2023,"Sheridan County",ND,us-nd-083,0.09205426356589
Nonmetropolitan,2023,"Sioux County",ND,us-nd-085,0.13056092843327
Nonmetropolitan,2023,"Slope County",ND,us-nd-087,0.08723747980614
Nonmetropolitan,2023,"Stark County",ND,us-nd-089,0.08812099077586
Nonmetropolitan,2023,"Steele County",ND,us-nd-091,0.05471847739889
Nonmetropolitan,2023,"Stutsman County",ND,us-nd-093,0.07232810290255
Nonmetropolitan,2023,"Towner County",ND,us-nd-095,0.10484406104844
Nonmetropolitan,2023,"Traill County",ND,us-nd-097,0.06301824212272
Nonmetropolitan,2023,"Walsh County",ND,us-nd-099,0.12439928600851
Nonmetropolitan,2023,"Wells County",ND,us-nd-103,0.08193736343773
Nonmetropolitan,2023,"Williams County",ND,us-nd-105,0.09357128371527
Nonmetropolitan,2023,"Adams County",NE,us-ne-001,0.08132706987669
Nonmetropolitan,2023,"Antelope County",NE,us-ne-003,0.06903765690377
Nonmetropolitan,2023,"Arthur County",NE,us-ne-005,0.02083333333333
Nonmetropolitan,2023,"Banner County",NE,us-ne-007,0.09541984732824
Nonmetropolitan,2023,"Blaine County",NE,us-ne-009,0.03986710963455
Nonmetropolitan,2023,"Boone County",NE,us-ne-011,0.0619635193133
Nonmetropolitan,2023,"Box Butte County",NE,us-ne-013,0.07649757150567
Nonmetropolitan,2023,"Boyd County",NE,us-ne-015,0.04314329738059
Nonmetropolitan,2023,"Brown County",NE,us-ne-017,0.07727503812913
Nonmetropolitan,2023,"Buffalo County",NE,us-ne-019,0.06532759445242
Nonmetropolitan,2023,"Burt County",NE,us-ne-021,0.07779408681065
Nonmetropolitan,2023,"Butler County",NE,us-ne-023,0.08220120378332
Nonmetropolitan,2023,"Cedar County",NE,us-ne-027,0.03853737228894
Nonmetropolitan,2023,"Chase County",NE,us-ne-029,0.11491053677932
Nonmetropolitan,2023,"Cherry County",NE,us-ne-031,0.02566096423017
Nonmetropolitan,2023,"Cheyenne County",NE,us-ne-033,0.07079778476276
Nonmetropolitan,2023,"Clay County",NE,us-ne-035,0.05852842809365
Nonmetropolitan,2023,"Colfax County",NE,us-ne-037,0.2327467482785
Nonmetropolitan,2023,"Cuming County",NE,us-ne-039,0.07919973544974
Nonmetropolitan,2023,"Custer County",NE,us-ne-041,0.05985241869363
Nonmetropolitan,2023,"Dawes County",NE,us-ne-045,0.04300019634793
Nonmetropolitan,2023,"Dawson County",NE,us-ne-047,0.22169535563495
Nonmetropolitan,2023,"Deuel County",NE,us-ne-049,0.08708272859216
Nonmetropolitan,2023,"Dixon County",NE,us-ne-051,0.15733047440365
Nonmetropolitan,2023,"Dodge County",NE,us-ne-053,0.10795593635251
Nonmetropolitan,2023,"Dundy County",NE,us-ne-057,0.0484375
Nonmetropolitan,2023,"Fillmore County",NE,us-ne-059,0.05338510070371
Nonmetropolitan,2023,"Franklin County",NE,us-ne-061,0.05824330671677
Nonmetropolitan,2023,"Frontier County",NE,us-ne-063,0.07101616628176
Nonmetropolitan,2023,"Furnas County",NE,us-ne-065,0.09446652399878
Nonmetropolitan,2023,"Gage County",NE,us-ne-067,0.07248666798341
Nonmetropolitan,2023,"Garden County",NE,us-ne-069,0.04815409309791
Nonmetropolitan,2023,"Garfield County",NE,us-ne-071,0.04556166535742
Nonmetropolitan,2023,"Gosper County",NE,us-ne-073,0.04458161865569
Nonmetropolitan,2023,"Grant County",NE,us-ne-075,0.07352941176471
Nonmetropolitan,2023,"Greeley County",NE,us-ne-077,0.0651890482399
Nonmetropolitan,2023,"Hamilton County",NE,us-ne-081,0.02917442582247
Nonmetropolitan,2023,"Harlan County",NE,us-ne-083,0.07492931196984
Nonmetropolitan,2023,"Hayes County",NE,us-ne-085,0.053125
Nonmetropolitan,2023,"Hitchcock County",NE,us-ne-087,0.06789788158609
Nonmetropolitan,2023,"Holt County",NE,us-ne-089,0.06953113659457
Nonmetropolitan,2023,"Hooker County",NE,us-ne-091,0.06293706293706
Nonmetropolitan,2023,"Jefferson County",NE,us-ne-095,0.06890389197776
Nonmetropolitan,2023,"Johnson County",NE,us-ne-097,0.11605003992547
Nonmetropolitan,2023,"Kearney County",NE,us-ne-099,0.05980861244019
Nonmetropolitan,2023,"Keith County",NE,us-ne-101,0.09216589861751
Nonmetropolitan,2023,"Keya Paha County",NE,us-ne-103,0.03174603174603
Nonmetropolitan,2023,"Kimball County",NE,us-ne-105,0.10774142059058
Nonmetropolitan,2023,"Knox County",NE,us-ne-107,0.07251176573122
Nonmetropolitan,2023,"Lincoln County",NE,us-ne-111,0.06558479778021
Nonmetropolitan,2023,"Logan County",NE,us-ne-113,0.01818181818182
Nonmetropolitan,2023,"Loup County",NE,us-ne-115,0
Nonmetropolitan,2023,"Madison County",NE,us-ne-119,0.07802883580805
Nonmetropolitan,2023,"Mcpherson County",NE,us-ne-117,0.03614457831325
Nonmetropolitan,2023,"Morrill County",NE,us-ne-123,0.09114004445856
Nonmetropolitan,2023,"Nance County",NE,us-ne-125,0.07351676698194
Nonmetropolitan,2023,"Nemaha County",NE,us-ne-127,0.10565057371725
Nonmetropolitan,2023,"Nuckolls County",NE,us-ne-129,0.07858990944373
Nonmetropolitan,2023,"Otoe County",NE,us-ne-131,0.06523511823865
Nonmetropolitan,2023,"Pawnee County",NE,us-ne-133,0.12122936824132
Nonmetropolitan,2023,"Perkins County",NE,us-ne-135,0.07341772151899
Nonmetropolitan,2023,"Phelps County",NE,us-ne-137,0.0794300687848
Nonmetropolitan,2023,"Pierce County",NE,us-ne-139,0.05599353143319
Nonmetropolitan,2023,"Platte County",NE,us-ne-141,0.10209915140688
Nonmetropolitan,2023,"Polk County",NE,us-ne-143,0.06688687035508
Nonmetropolitan,2023,"Red Willow County",NE,us-ne-145,0.04657610202384
Nonmetropolitan,2023,"Richardson County",NE,us-ne-147,0.08319885242962
Nonmetropolitan,2023,"Rock County",NE,us-ne-149,0.05744680851064
Nonmetropolitan,2023,"Saline County",NE,us-ne-151,0.20170361472098
Nonmetropolitan,2023,"Scotts Bluff County",NE,us-ne-157,0.10507945632982
Nonmetropolitan,2023,"Sheridan County",NE,us-ne-161,0.10013793103448
Nonmetropolitan,2023,"Sherman County",NE,us-ne-163,0.08699719363891
Nonmetropolitan,2023,"Sioux County",NE,us-ne-165,0.04631828978622
Nonmetropolitan,2023,"Stanton County",NE,us-ne-167,0.0481897627965
Nonmetropolitan,2023,"Thayer County",NE,us-ne-169,0.05561926605505
Nonmetropolitan,2023,"Thomas County",NE,us-ne-171,0.06930693069307
Nonmetropolitan,2023,"Thurston County",NE,us-ne-173,0.07634001082837
Nonmetropolitan,2023,"Valley County",NE,us-ne-175,0.05637676177381
Nonmetropolitan,2023,"Wayne County",NE,us-ne-179,0.04891005678696
Nonmetropolitan,2023,"Webster County",NE,us-ne-181,0.06060606060606
Nonmetropolitan,2023,"Wheeler County",NE,us-ne-183,0.02215189873418
Nonmetropolitan,2023,"York County",NE,us-ne-185,0.08253338898164
Nonmetropolitan,2023,"Belknap County",NH,us-nh-001,0.06192895480805
Nonmetropolitan,2023,"Carroll County",NH,us-nh-003,0.04425496363279
Nonmetropolitan,2023,"Cheshire County",NH,us-nh-005,0.06011403746945
Nonmetropolitan,2023,"Coos County",NH,us-nh-007,0.10466587745438
Nonmetropolitan,2023,"Grafton County",NH,us-nh-009,0.06105585541876
Nonmetropolitan,2023,"Merrimack County",NH,us-nh-013,0.06284913708483
Nonmetropolitan,2023,"Sullivan County",NH,us-nh-019,0.0885629070546
Nonmetropolitan,2023,"Catron County",NM,us-nm-003,0.02410832232497
Nonmetropolitan,2023,"Chaves County",NM,us-nm-005,0.19057372168901
Nonmetropolitan,2023,"Cibola County",NM,us-nm-006,0.14597949271452
Nonmetropolitan,2023,"Colfax County",NM,us-nm-007,0.09488261386996
Nonmetropolitan,2023,"Curry County",NM,us-nm-009,0.17843540395699
Nonmetropolitan,2023,"De Baca County",NM,us-nm-011,0.12340036563071
Nonmetropolitan,2023,"Eddy County",NM,us-nm-015,0.15692762778572
Nonmetropolitan,2023,"Grant County",NM,us-nm-017,0.1033780836524
Nonmetropolitan,2023,"Guadalupe County",NM,us-nm-019,0.16846652267819
Nonmetropolitan,2023,"Harding County",NM,us-nm-021,0.11220472440945
Nonmetropolitan,2023,"Hidalgo County",NM,us-nm-023,0.15102182196051
Nonmetropolitan,2023,"Lea County",NM,us-nm-025,0.24418126114591
Nonmetropolitan,2023,"Lincoln County",NM,us-nm-027,0.08210659898477
Nonmetropolitan,2023,"Los Alamos County",NM,us-nm-028,0.01689141234918
Nonmetropolitan,2023,"Luna County",NM,us-nm-029,0.24094103269172
Nonmetropolitan,2023,"Mckinley County",NM,us-nm-031,0.19119276627809
Nonmetropolitan,2023,"Mora County",NM,us-nm-033,0.06204156479218
Nonmetropolitan,2023,"Otero County",NM,us-nm-035,0.12708071521485
Nonmetropolitan,2023,"Quay County",NM,us-nm-037,0.12304320601127
Nonmetropolitan,2023,"Rio Arriba County",NM,us-nm-039,0.13612377499372
Nonmetropolitan,2023,"Roosevelt County",NM,us-nm-041,0.14114811177573
Nonmetropolitan,2023,"San Miguel County",NM,us-nm-047,0.14283562606687
Nonmetropolitan,2023,"Sierra County",NM,us-nm-051,0.098141506358
Nonmetropolitan,2023,"Socorro County",NM,us-nm-053,0.15303230682033
Nonmetropolitan,2023,"Taos County",NM,us-nm-055,0.06646163078539
Nonmetropolitan,2023,"Union County",NM,us-nm-059,0.11079545454545
Nonmetropolitan,2023,"Churchill County",NV,us-nv-001,0.07979023344987
Nonmetropolitan,2023,"Douglas County",NV,us-nv-005,0.06258440995846
Nonmetropolitan,2023,"Elko County",NV,us-nv-007,0.12786079602274
Nonmetropolitan,2023,"Esmeralda County",NV,us-nv-009,0.22685185185185
Nonmetropolitan,2023,"Eureka County",NV,us-nv-011,0.04488330341113
Nonmetropolitan,2023,"Humboldt County",NV,us-nv-013,0.12764835164835
Nonmetropolitan,2023,"Lander County",NV,us-nv-015,0.10753794700283
Nonmetropolitan,2023,"Lincoln County",NV,us-nv-017,0.05911792305286
Nonmetropolitan,2023,"Mineral County",NV,us-nv-021,0.09273947528981
Nonmetropolitan,2023,"Nye County",NV,us-nv-023,0.13344594594595
Nonmetropolitan,2023,"Pershing County",NV,us-nv-027,0.14366653176851
Nonmetropolitan,2023,"White Pine County",NV,us-nv-033,0.11706438541198
Nonmetropolitan,2023,"Allegany County",NY,us-ny-003,0.08375293722726
Nonmetropolitan,2023,"Cattaraugus County",NY,us-ny-009,0.10779144698301
Nonmetropolitan,2023,"Cayuga County",NY,us-ny-011,0.11071701407836
Nonmetropolitan,2023,"Chautauqua County",NY,us-ny-013,0.10026319653891
Nonmetropolitan,2023,"Chenango County",NY,us-ny-017,0.11270066939162
Nonmetropolitan,2023,"Clinton County",NY,us-ny-019,0.11809489117567
Nonmetropolitan,2023,"Columbia County",NY,us-ny-021,0.08483697372586
Nonmetropolitan,2023,"Cortland County",NY,us-ny-023,0.09088108441158
Nonmetropolitan,2023,"Delaware County",NY,us-ny-025,0.09585984380183
Nonmetropolitan,2023,"Essex County",NY,us-ny-031,0.08496438204578
Nonmetropolitan,2023,"Franklin County",NY,us-ny-033,0.12678454094737
Nonmetropolitan,2023,"Fulton County",NY,us-ny-035,0.11504192872117
Nonmetropolitan,2023,"Genesee County",NY,us-ny-037,0.07457148329024
Nonmetropolitan,2023,"Greene County",NY,us-ny-039,0.11199360194148
Nonmetropolitan,2023,"Hamilton County",NY,us-ny-041,0.10689238210399
Nonmetropolitan,2023,"Lewis County",NY,us-ny-049,0.08637765871083
Nonmetropolitan,2023,"Montgomery County",NY,us-ny-057,0.11475984574033
Nonmetropolitan,2023,"Otsego County",NY,us-ny-077,0.0788025477707
Nonmetropolitan,2023,"Schuyler County",NY,us-ny-097,0.09207644081879
Nonmetropolitan,2023,"Seneca County",NY,us-ny-099,0.15385258930812
Nonmetropolitan,2023,"St. Lawrence County",NY,us-ny-089,0.10889322788633
Nonmetropolitan,2023,"Steuben County",NY,us-ny-101,0.08207444558584
Nonmetropolitan,2023,"Sullivan County",NY,us-ny-105,0.12345546170262
Nonmetropolitan,2023,"Wyoming County",NY,us-ny-121,0.13348172130042
Nonmetropolitan,2023,"Yates County",NY,us-ny-123,0.15558749550844
Nonmetropolitan,2023,"Adams County",OH,us-oh-001,0.14837095400341
Nonmetropolitan,2023,"Ashland County",OH,us-oh-005,0.09049421193232
Nonmetropolitan,2023,"Athens County",OH,us-oh-009,0.08179992848695
Nonmetropolitan,2023,"Auglaize County",OH,us-oh-011,0.0640757633346
Nonmetropolitan,2023,"Champaign County",OH,us-oh-021,0.08175294720656
Nonmetropolitan,2023,"Clinton County",OH,us-oh-027,0.08397919099692
Nonmetropolitan,2023,"Columbiana County",OH,us-oh-029,0.10315737745198
Nonmetropolitan,2023,"Coshocton County",OH,us-oh-031,0.14968897341416
Nonmetropolitan,2023,"Crawford County",OH,us-oh-033,0.09500323140243
Nonmetropolitan,2023,"Darke County",OH,us-oh-037,0.09307249322493
Nonmetropolitan,2023,"Defiance County",OH,us-oh-039,0.07682959249554
Nonmetropolitan,2023,"Fayette County",OH,us-oh-047,0.14230846977966
Nonmetropolitan,2023,"Gallia County",OH,us-oh-053,0.13146084413292
Nonmetropolitan,2023,"Guernsey County",OH,us-oh-059,0.14313820112105
Nonmetropolitan,2023,"Hancock County",OH,us-oh-063,0.05093187035524
Nonmetropolitan,2023,"Hardin County",OH,us-oh-065,0.08287590140997
Nonmetropolitan,2023,"Harrison County",OH,us-oh-067,0.10183943284154
Nonmetropolitan,2023,"Henry County",OH,us-oh-069,0.07408957722897
Nonmetropolitan,2023,"Highland County",OH,us-oh-071,0.13147598488937
Nonmetropolitan,2023,"Holmes County",OH,us-oh-075,0.42943601770246
Nonmetropolitan,2023,"Huron County",OH,us-oh-077,0.09346428212599
Nonmetropolitan,2023,"Jackson County",OH,us-oh-079,0.12545730347104
Nonmetropolitan,2023,"Knox County",OH,us-oh-083,0.08906931360975
Nonmetropolitan,2023,"Logan County",OH,us-oh-091,0.07135094855156
Nonmetropolitan,2023,"Marion County",OH,us-oh-101,0.10938690230048
Nonmetropolitan,2023,"Meigs County",OH,us-oh-105,0.13253316487682
Nonmetropolitan,2023,"Mercer County",OH,us-oh-107,0.05336958076978
Nonmetropolitan,2023,"Monroe County",OH,us-oh-111,0.09963598543942
Nonmetropolitan,2023,"Morgan County",OH,us-oh-115,0.11463934259917
Nonmetropolitan,2023,"Muskingum County",OH,us-oh-119,0.09662276258021
Nonmetropolitan,2023,"Noble County",OH,us-oh-121,0.14660931637229
Nonmetropolitan,2023,"Paulding County",OH,us-oh-125,0.09606650758217
Nonmetropolitan,2023,"Pike County",OH,us-oh-131,0.14395610307171
Nonmetropolitan,2023,"Preble County",OH,us-oh-135,0.07364895509891
Nonmetropolitan,2023,"Putnam County",OH,us-oh-137,0.05340691812967
Nonmetropolitan,2023,"Ross County",OH,us-oh-141,0.11093424086069
Nonmetropolitan,2023,"Sandusky County",OH,us-oh-143,0.06700424776213
Nonmetropolitan,2023,"Scioto County",OH,us-oh-145,0.11310937898808
Nonmetropolitan,2023,"Seneca County",OH,us-oh-147,0.06759309228278
Nonmetropolitan,2023,"Shelby County",OH,us-oh-149,0.08622031313226
Nonmetropolitan,2023,"Tuscarawas County",OH,us-oh-157,0.11075142700758
Nonmetropolitan,2023,"Van Wert County",OH,us-oh-161,0.06443854286716
Nonmetropolitan,2023,"Vinton County",OH,us-oh-163,0.16893702545779
Nonmetropolitan,2023,"Washington County",OH,us-oh-167,0.07057469644661
Nonmetropolitan,2023,"Wayne County",OH,us-oh-169,0.13690375479925
Nonmetropolitan,2023,"Williams County",OH,us-oh-171,0.08601693277148
Nonmetropolitan,2023,"Wyandot County",OH,us-oh-175,0.05183727034121
Nonmetropolitan,2023,"Adair County",OK,us-ok-001,0.17163653439775
Nonmetropolitan,2023,"Alfalfa County",OK,us-ok-003,0.14163979732842
Nonmetropolitan,2023,"Atoka County",OK,us-ok-005,0.16362380341459
Nonmetropolitan,2023,"Beaver County",OK,us-ok-007,0.14898688915375
Nonmetropolitan,2023,"Beckham County",OK,us-ok-009,0.15687570210798
Nonmetropolitan,2023,"Blaine County",OK,us-ok-011,0.1533721898418
Nonmetropolitan,2023,"Bryan County",OK,us-ok-013,0.1235587459899
Nonmetropolitan,2023,"Caddo County",OK,us-ok-015,0.132617671346
Nonmetropolitan,2023,"Carter County",OK,us-ok-019,0.12193308550186
Nonmetropolitan,2023,"Cherokee County",OK,us-ok-021,0.1008749020632
Nonmetropolitan,2023,"Choctaw County",OK,us-ok-023,0.13697643305547
Nonmetropolitan,2023,"Cimarron County",OK,us-ok-025,0.14723127035831
Nonmetropolitan,2023,"Coal County",OK,us-ok-029,0.1562412342216
Nonmetropolitan,2023,"Craig County",OK,us-ok-035,0.13783020770317
Nonmetropolitan,2023,"Custer County",OK,us-ok-039,0.1156319490354
Nonmetropolitan,2023,"Delaware County",OK,us-ok-041,0.12558728466229
Nonmetropolitan,2023,"Dewey County",OK,us-ok-043,0.07443820224719
Nonmetropolitan,2023,"Ellis County",OK,us-ok-045,0.11778290993072
Nonmetropolitan,2023,"Garvin County",OK,us-ok-049,0.12354810748339
Nonmetropolitan,2023,"Grant County",OK,us-ok-053,0.08844011142061
Nonmetropolitan,2023,"Greer County",OK,us-ok-055,0.18293601003764
Nonmetropolitan,2023,"Harmon County",OK,us-ok-057,0.16500877706261
Nonmetropolitan,2023,"Harper County",OK,us-ok-059,0.12363138686131
Nonmetropolitan,2023,"Haskell County",OK,us-ok-061,0.14342679127726
Nonmetropolitan,2023,"Hughes County",OK,us-ok-063,0.1591418507845
Nonmetropolitan,2023,"Jackson County",OK,us-ok-065,0.13343808925204
Nonmetropolitan,2023,"Jefferson County",OK,us-ok-067,0.15216201423098
Nonmetropolitan,2023,"Johnston County",OK,us-ok-069,0.12478057343476
Nonmetropolitan,2023,"Kay County",OK,us-ok-071,0.09470415732275
Nonmetropolitan,2023,"Kingfisher County",OK,us-ok-073,0.09830920319935
Nonmetropolitan,2023,"Kiowa County",OK,us-ok-075,0.13955479452055
Nonmetropolitan,2023,"Latimer County",OK,us-ok-077,0.1529970872298
Nonmetropolitan,2023,"Le Flore County",OK,us-ok-079,0.14668948027743
Nonmetropolitan,2023,"Love County",OK,us-ok-085,0.14729473530699
Nonmetropolitan,2023,"Major County",OK,us-ok-093,0.09873223203995
Nonmetropolitan,2023,"Marshall County",OK,us-ok-095,0.15296951727972
Nonmetropolitan,2023,"Mayes County",OK,us-ok-097,0.10654950897142
Nonmetropolitan,2023,"Mccurtain County",OK,us-ok-089,0.14294862322053
Nonmetropolitan,2023,"Mcintosh County",OK,us-ok-091,0.13373451327434
Nonmetropolitan,2023,"Murray County",OK,us-ok-099,0.14230568596766
Nonmetropolitan,2023,"Muskogee County",OK,us-ok-101,0.13015880187038
Nonmetropolitan,2023,"Noble County",OK,us-ok-103,0.08919814446653
Nonmetropolitan,2023,"Nowata County",OK,us-ok-105,0.09618039576622
Nonmetropolitan,2023,"Okfuskee County",OK,us-ok-107,0.16715282181357
Nonmetropolitan,2023,"Ottawa County",OK,us-ok-115,0.12765849191004
Nonmetropolitan,2023,"Payne County",OK,us-ok-119,0.06825450072683
Nonmetropolitan,2023,"Pittsburg County",OK,us-ok-121,0.12730681930327
Nonmetropolitan,2023,"Pontotoc County",OK,us-ok-123,0.09546085232904
Nonmetropolitan,2023,"Pottawatomie County",OK,us-ok-125,0.11454694883912
Nonmetropolitan,2023,"Pushmataha County",OK,us-ok-127,0.14583603160212
Nonmetropolitan,2023,"Roger Mills County",OK,us-ok-129,0.06429489927132
Nonmetropolitan,2023,"Seminole County",OK,us-ok-133,0.14731601455288
Nonmetropolitan,2023,"Stephens County",OK,us-ok-137,0.11694257373188
Nonmetropolitan,2023,"Texas County",OK,us-ok-139,0.25001976128369
Nonmetropolitan,2023,"Tillman County",OK,us-ok-141,0.18475010679197
Nonmetropolitan,2023,"Washington County",OK,us-ok-147,0.08514315983161
Nonmetropolitan,2023,"Washita County",OK,us-ok-149,0.11102172164119
Nonmetropolitan,2023,"Woods County",OK,us-ok-151,0.11422172452408
Nonmetropolitan,2023,"Woodward County",OK,us-ok-153,0.12032710280374
Nonmetropolitan,2023,"Baker County",OR,us-or-001,0.0761069006781
Nonmetropolitan,2023,"Clatsop County",OR,us-or-007,0.07155951500338
Nonmetropolitan,2023,"Coos County",OR,us-or-011,0.08980250393154
Nonmetropolitan,2023,"Curry County",OR,us-or-015,0.09441925902767
Nonmetropolitan,2023,"Douglas County",OR,us-or-019,0.08371310046294
Nonmetropolitan,2023,"Gilliam County",OR,us-or-021,0.12941961307538
Nonmetropolitan,2023,"Grant County",OR,us-or-023,0.103760198652
Nonmetropolitan,2023,"Harney County",OR,us-or-025,0.08184925346285
Nonmetropolitan,2023,"Hood River County",OR,us-or-027,0.15779069070868
Nonmetropolitan,2023,"Klamath County",OR,us-or-035,0.10411686048867
Nonmetropolitan,2023,"Lake County",OR,us-or-037,0.10754962577286
Nonmetropolitan,2023,"Lincoln County",OR,us-or-041,0.08246119621821
Nonmetropolitan,2023,"Malheur County",OR,us-or-045,0.1619180992853
Nonmetropolitan,2023,"Morrow County",OR,us-or-049,0.23986353496916
Nonmetropolitan,2023,"Sherman County",OR,us-or-055,0.11730205278592
Nonmetropolitan,2023,"Tillamook County",OR,us-or-057,0.09420669300709
Nonmetropolitan,2023,"Umatilla County",OR,us-or-059,0.15576962877947
Nonmetropolitan,2023,"Union County",OR,us-or-061,0.06451796594727
Nonmetropolitan,2023,"Wallowa County",OR,us-or-063,0.07074468085106
Nonmetropolitan,2023,"Wasco County",OR,us-or-065,0.13071409609769
Nonmetropolitan,2023,"Wheeler County",OR,us-or-069,0.08556611927398
Nonmetropolitan,2023,"Bedford County",PA,us-pa-009,0.10040103122315
Nonmetropolitan,2023,"Bradford County",PA,us-pa-015,0.0893448981031
Nonmetropolitan,2023,"Cameron County",PA,us-pa-023,0.09018036072144
Nonmetropolitan,2023,"Clarion County",PA,us-pa-031,0.09000236537097
Nonmetropolitan,2023,"Clearfield County",PA,us-pa-033,0.09566590808736
Nonmetropolitan,2023,"Clinton County",PA,us-pa-035,0.10321110089175
Nonmetropolitan,2023,"Columbia County",PA,us-pa-037,0.08191523335919
Nonmetropolitan,2023,"Crawford County",PA,us-pa-039,0.08974838490309
Nonmetropolitan,2023,"Elk County",PA,us-pa-047,0.06491451676702
Nonmetropolitan,2023,"Forest County",PA,us-pa-053,0.14357767316745
Nonmetropolitan,2023,"Fulton County",PA,us-pa-057,0.10705550329257
Nonmetropolitan,2023,"Greene County",PA,us-pa-059,0.1008097965633
Nonmetropolitan,2023,"Huntingdon County",PA,us-pa-061,0.09299110929597
Nonmetropolitan,2023,"Indiana County",PA,us-pa-063,0.07633840052875
Nonmetropolitan,2023,"Jefferson County",PA,us-pa-065,0.08601092202184
Nonmetropolitan,2023,"Juniata County",PA,us-pa-067,0.16744752053544
Nonmetropolitan,2023,"Mckean County",PA,us-pa-083,0.07486537520106
Nonmetropolitan,2023,"Mercer County",PA,us-pa-085,0.0869487886372
Nonmetropolitan,2023,"Mifflin County",PA,us-pa-087,0.1564926827759
Nonmetropolitan,2023,"Monroe County",PA,us-pa-089,0.09684073390511
Nonmetropolitan,2023,"Montour County",PA,us-pa-093,0.0718111186543
Nonmetropolitan,2023,"Northumberland County",PA,us-pa-097,0.09987245854903
Nonmetropolitan,2023,"Pike County",PA,us-pa-103,0.06793370165746
Nonmetropolitan,2023,"Potter County",PA,us-pa-105,0.0917554306802
Nonmetropolitan,2023,"Schuylkill County",PA,us-pa-107,0.10004606437496
Nonmetropolitan,2023,"Snyder County",PA,us-pa-109,0.15686274509804
Nonmetropolitan,2023,"Somerset County",PA,us-pa-111,0.0994502293745
Nonmetropolitan,2023,"Sullivan County",PA,us-pa-113,0.0818293683347
Nonmetropolitan,2023,"Susquehanna County",PA,us-pa-115,0.08523581442506
Nonmetropolitan,2023,"Tioga County",PA,us-pa-117,0.08034501494159
Nonmetropolitan,2023,"Union County",PA,us-pa-119,0.13315273300871
Nonmetropolitan,2023,"Venango County",PA,us-pa-121,0.08466376390905
Nonmetropolitan,2023,"Warren County",PA,us-pa-123,0.06084919057086
Nonmetropolitan,2023,"Wayne County",PA,us-pa-127,0.08570342205323
Nonmetropolitan,2023,"Abbeville County",SC,us-sc-001,0.13805104408353
Nonmetropolitan,2023,"Allendale County",SC,us-sc-005,0.203829634932
Nonmetropolitan,2023,"Bamberg County",SC,us-sc-009,0.23113892925003
Nonmetropolitan,2023,"Barnwell County",SC,us-sc-011,0.19184083889966
Nonmetropolitan,2023,"Cherokee County",SC,us-sc-021,0.14492640557549
Nonmetropolitan,2023,"Chesterfield County",SC,us-sc-025,0.18025596543485
Nonmetropolitan,2023,"Clarendon County",SC,us-sc-027,0.18070105644698
Nonmetropolitan,2023,"Colleton County",SC,us-sc-029,0.14434402548337
Nonmetropolitan,2023,"Dillon County",SC,us-sc-033,0.18371089536138
Nonmetropolitan,2023,"Georgetown County",SC,us-sc-043,0.08085987979734
Nonmetropolitan,2023,"Greenwood County",SC,us-sc-047,0.11123024467652
Nonmetropolitan,2023,"Hampton County",SC,us-sc-049,0.17499240813848
Nonmetropolitan,2023,"Lee County",SC,us-sc-061,0.18977543382103
Nonmetropolitan,2023,"Marion County",SC,us-sc-067,0.16001981669557
Nonmetropolitan,2023,"Marlboro County",SC,us-sc-069,0.18468611287254
Nonmetropolitan,2023,"Mccormick County",SC,us-sc-065,0.14837827761899
Nonmetropolitan,2023,"Newberry County",SC,us-sc-071,0.13729405891163
Nonmetropolitan,2023,"Oconee County",SC,us-sc-073,0.12862290994176
Nonmetropolitan,2023,"Orangeburg County",SC,us-sc-075,0.16685548396233
Nonmetropolitan,2023,"Williamsburg County",SC,us-sc-089,0.16628424888649
Nonmetropolitan,2023,"Aurora County",SD,us-sd-003,0.08900523560209
Nonmetropolitan,2023,"Beadle County",SD,us-sd-005,0.14937056165268
Nonmetropolitan,2023,"Bennett County",SD,us-sd-007,0.13146551724138
Nonmetropolitan,2023,"Bon Homme County",SD,us-sd-009,0.10214741729541
Nonmetropolitan,2023,"Brookings County",SD,us-sd-011,0.03280667681487
Nonmetropolitan,2023,"Brown County",SD,us-sd-013,0.06336633663366
Nonmetropolitan,2023,"Brule County",SD,us-sd-015,0.09874826147427
Nonmetropolitan,2023,"Buffalo County",SD,us-sd-017,0.14410480349345
Nonmetropolitan,2023,"Butte County",SD,us-sd-019,0.11730529810486
Nonmetropolitan,2023,"Campbell County",SD,us-sd-021,0.0851818988465
Nonmetropolitan,2023,"Charles Mix County",SD,us-sd-023,0.10418130709768
Nonmetropolitan,2023,"Clark County",SD,us-sd-025,0.09972624168948
Nonmetropolitan,2023,"Clay County",SD,us-sd-027,0.06093771112012
Nonmetropolitan,2023,"Codington County",SD,us-sd-029,0.07646938147502
Nonmetropolitan,2023,"Corson County",SD,us-sd-031,0.13233223838573
Nonmetropolitan,2023,"Davison County",SD,us-sd-035,0.08234944679587
Nonmetropolitan,2023,"Day County",SD,us-sd-037,0.08225889633832
Nonmetropolitan,2023,"Deuel County",SD,us-sd-039,0.06426385583135
Nonmetropolitan,2023,"Dewey County",SD,us-sd-041,0.13135289906943
Nonmetropolitan,2023,"Douglas County",SD,us-sd-043,0.08285565398645
Nonmetropolitan,2023,"Edmunds County",SD,us-sd-045,0.0546218487395
Nonmetropolitan,2023,"Fall River County",SD,us-sd-047,0.08545780969479
Nonmetropolitan,2023,"Faulk County",SD,us-sd-049,0.07128027681661
Nonmetropolitan,2023,"Grant County",SD,us-sd-051,0.07859595574208
Nonmetropolitan,2023,"Gregory County",SD,us-sd-053,0.08646888567294
Nonmetropolitan,2023,"Haakon County",SD,us-sd-055,0.03081914030819
Nonmetropolitan,2023,"Hamlin County",SD,us-sd-057,0.07426692244451
Nonmetropolitan,2023,"Hand County",SD,us-sd-059,0.04578313253012
Nonmetropolitan,2023,"Hanson County",SD,us-sd-061,0.07744874715262
Nonmetropolitan,2023,"Harding County",SD,us-sd-063,0.05507955936353
Nonmetropolitan,2023,"Hughes County",SD,us-sd-065,0.03896209533106
Nonmetropolitan,2023,"Hutchinson County",SD,us-sd-067,0.06885443929938
Nonmetropolitan,2023,"Hyde County",SD,us-sd-069,0.1030303030303
Nonmetropolitan,2023,"Jackson County",SD,us-sd-071,0.10735826296743
Nonmetropolitan,2023,"Jerauld County",SD,us-sd-073,0.06132756132756
Nonmetropolitan,2023,"Jones County",SD,us-sd-075,0.04482225656878
Nonmetropolitan,2023,"Kingsbury County",SD,us-sd-077,0.08361486486486
Nonmetropolitan,2023,"Lake County",SD,us-sd-079,0.06349824698091
Nonmetropolitan,2023,"Lawrence County",SD,us-sd-081,0.04639663335087
Nonmetropolitan,2023,"Lyman County",SD,us-sd-085,0.08993115318417
Nonmetropolitan,2023,"Marshall County",SD,us-sd-091,0.07892039631022
Nonmetropolitan,2023,"Mcpherson County",SD,us-sd-089,0.19024390243902
Nonmetropolitan,2023,"Mellette County",SD,us-sd-095,0.15440582053355
Nonmetropolitan,2023,"Miner County",SD,us-sd-097,0.06622516556291
Nonmetropolitan,2023,"Moody County",SD,us-sd-101,0.05434015525759
Nonmetropolitan,2023,"Oglala Lakota County",SD,us-sd-102,0.22010521825679
Nonmetropolitan,2023,"Perkins County",SD,us-sd-105,0.07192900513779
Nonmetropolitan,2023,"Potter County",SD,us-sd-107,0.02305475504323
Nonmetropolitan,2023,"Roberts County",SD,us-sd-109,0.08296744890235
Nonmetropolitan,2023,"Sanborn County",SD,us-sd-111,0.10220820189274
Nonmetropolitan,2023,"Spink County",SD,us-sd-115,0.07965387175505
Nonmetropolitan,2023,"Stanley County",SD,us-sd-117,0.04585052728106
Nonmetropolitan,2023,"Sully County",SD,us-sd-119,0.03807796917498
Nonmetropolitan,2023,"Todd County",SD,us-sd-121,0.1753524134985
Nonmetropolitan,2023,"Tripp County",SD,us-sd-123,0.1047197640118
Nonmetropolitan,2023,"Walworth County",SD,us-sd-129,0.08001056245049
Nonmetropolitan,2023,"Yankton County",SD,us-sd-135,0.07267833109017
Nonmetropolitan,2023,"Ziebach County",SD,us-sd-137,0.11214333112143
Nonmetropolitan,2023,"Bedford County",TN,us-tn-003,0.15237063285208
Nonmetropolitan,2023,"Benton County",TN,us-tn-005,0.12782736805616
Nonmetropolitan,2023,"Bledsoe County",TN,us-tn-007,0.20375635392436
Nonmetropolitan,2023,"Carroll County",TN,us-tn-017,0.11284206210925
Nonmetropolitan,2023,"Claiborne County",TN,us-tn-025,0.16879917005274
Nonmetropolitan,2023,"Clay County",TN,us-tn-027,0.16188598063822
Nonmetropolitan,2023,"Cocke County",TN,us-tn-029,0.16345173832622
Nonmetropolitan,2023,"Coffee County",TN,us-tn-031,0.125624875025
Nonmetropolitan,2023,"Cumberland County",TN,us-tn-035,0.10352941176471
Nonmetropolitan,2023,"Decatur County",TN,us-tn-039,0.15842414082146
Nonmetropolitan,2023,"Dekalb County",TN,us-tn-041,0.17315630159604
Nonmetropolitan,2023,"Dyer County",TN,us-tn-045,0.10841352873058
Nonmetropolitan,2023,"Fentress County",TN,us-tn-049,0.16760388519682
Nonmetropolitan,2023,"Franklin County",TN,us-tn-051,0.09161578754212
Nonmetropolitan,2023,"Giles County",TN,us-tn-055,0.12409302325581
Nonmetropolitan,2023,"Greene County",TN,us-tn-059,0.13305013737602
Nonmetropolitan,2023,"Grundy County",TN,us-tn-061,0.2001639848314
Nonmetropolitan,2023,"Hancock County",TN,us-tn-067,0.21151854153719
Nonmetropolitan,2023,"Hardeman County",TN,us-tn-069,0.17367618217477
Nonmetropolitan,2023,"Hardin County",TN,us-tn-071,0.15576164369524
Nonmetropolitan,2023,"Haywood County",TN,us-tn-075,0.17248327557024
Nonmetropolitan,2023,"Henderson County",TN,us-tn-077,0.1075124864837
Nonmetropolitan,2023,"Henry County",TN,us-tn-079,0.11606456571868
Nonmetropolitan,2023,"Houston County",TN,us-tn-083,0.1266360700323
Nonmetropolitan,2023,"Humphreys County",TN,us-tn-085,0.12297806337248
Nonmetropolitan,2023,"Jackson County",TN,us-tn-087,0.17443423706027
Nonmetropolitan,2023,"Johnson County",TN,us-tn-091,0.18677889848342
Nonmetropolitan,2023,"Lake County",TN,us-tn-095,0.28168191551489
Nonmetropolitan,2023,"Lauderdale County",TN,us-tn-097,0.17220222995693
Nonmetropolitan,2023,"Lawrence County",TN,us-tn-099,0.14453125
Nonmetropolitan,2023,"Lewis County",TN,us-tn-101,0.14607242339833
Nonmetropolitan,2023,"Lincoln County",TN,us-tn-103,0.13024247054566
Nonmetropolitan,2023,"Marshall County",TN,us-tn-117,0.09482687038113
Nonmetropolitan,2023,"Mcminn County",TN,us-tn-107,0.13822391804307
Nonmetropolitan,2023,"Mcnairy County",TN,us-tn-109,0.12594251994318
Nonmetropolitan,2023,"Meigs County",TN,us-tn-121,0.17087542087542
Nonmetropolitan,2023,"Monroe County",TN,us-tn-123,0.13676643192488
Nonmetropolitan,2023,"Moore County",TN,us-tn-127,0.10864093959732
Nonmetropolitan,2023,"Obion County",TN,us-tn-131,0.15002555405845
Nonmetropolitan,2023,"Overton County",TN,us-tn-133,0.18179012345679
Nonmetropolitan,2023,"Perry County",TN,us-tn-135,0.17603123408589
Nonmetropolitan,2023,"Pickett County",TN,us-tn-137,0.18585699263933
Nonmetropolitan,2023,"Putnam County",TN,us-tn-141,0.11246223853772
Nonmetropolitan,2023,"Rhea County",TN,us-tn-143,0.15905267244726
Nonmetropolitan,2023,"Scott County",TN,us-tn-151,0.19525293376649
Nonmetropolitan,2023,"Sevier County",TN,us-tn-155,0.12202649379932
Nonmetropolitan,2023,"Van Buren County",TN,us-tn-175,0.15782551512495
Nonmetropolitan,2023,"Warren County",TN,us-tn-177,0.15209710707664
Nonmetropolitan,2023,"Wayne County",TN,us-tn-181,0.16492252778454
Nonmetropolitan,2023,"Weakley County",TN,us-tn-183,0.12039579585267
Nonmetropolitan,2023,"White County",TN,us-tn-185,0.16611429145325
Nonmetropolitan,2023,"Anderson County",TX,us-tx-001,0.14014706939088
Nonmetropolitan,2023,"Andrews County",TX,us-tx-003,0.23128209748626
Nonmetropolitan,2023,"Angelina County",TX,us-tx-005,0.15121368182377
Nonmetropolitan,2023,"Bailey County",TX,us-tx-017,0.28053527980535
Nonmetropolitan,2023,"Baylor County",TX,us-tx-023,0.17505030181087
Nonmetropolitan,2023,"Bee County",TX,us-tx-025,0.1843219353338
Nonmetropolitan,2023,"Blanco County",TX,us-tx-031,0.07511889321228
Nonmetropolitan,2023,"Borden County",TX,us-tx-033,0.05369127516779
Nonmetropolitan,2023,"Brewster County",TX,us-tx-043,0.10030691964286
Nonmetropolitan,2023,"Briscoe County",TX,us-tx-045,0.1954261954262
Nonmetropolitan,2023,"Brooks County",TX,us-tx-047,0.32641984880791
Nonmetropolitan,2023,"Brown County",TX,us-tx-049,0.12256831215563
Nonmetropolitan,2023,"Burnet County",TX,us-tx-053,0.1079972844535
Nonmetropolitan,2023,"Calhoun County",TX,us-tx-057,0.17527993109388
Nonmetropolitan,2023,"Camp County",TX,us-tx-063,0.1588228285476
Nonmetropolitan,2023,"Cass County",TX,us-tx-067,0.12719167904903
Nonmetropolitan,2023,"Castro County",TX,us-tx-069,0.23684799641818
Nonmetropolitan,2023,"Cherokee County",TX,us-tx-073,0.19305212377927
Nonmetropolitan,2023,"Childress County",TX,us-tx-075,0.16061650780775
Nonmetropolitan,2023,"Coke County",TX,us-tx-081,0.12199102407181
Nonmetropolitan,2023,"Coleman County",TX,us-tx-083,0.11407043981076
Nonmetropolitan,2023,"Collingsworth County",TX,us-tx-087,0.24593023255814
Nonmetropolitan,2023,"Colorado County",TX,us-tx-089,0.11567400323465
Nonmetropolitan,2023,"Comanche County",TX,us-tx-093,0.15398983086023
Nonmetropolitan,2023,"Concho County",TX,us-tx-095,0.20504973221117
Nonmetropolitan,2023,"Cooke County",TX,us-tx-097,0.11609379348734
Nonmetropolitan,2023,"Cottle County",TX,us-tx-101,0.20405982905983
Nonmetropolitan,2023,"Crane County",TX,us-tx-103,0.24413793103448
Nonmetropolitan,2023,"Crockett County",TX,us-tx-105,0.34223630602082
Nonmetropolitan,2023,"Culberson County",TX,us-tx-109,0.26695706285003
Nonmetropolitan,2023,"Dallam County",TX,us-tx-111,0.19267515923567
Nonmetropolitan,2023,"Dawson County",TX,us-tx-115,0.27684459375389
Nonmetropolitan,2023,"Deaf Smith County",TX,us-tx-117,0.28591326957006
Nonmetropolitan,2023,"Delta County",TX,us-tx-119,0.10047974413646
Nonmetropolitan,2023,"Dewitt County",TX,us-tx-123,0.14577006507592
Nonmetropolitan,2023,"Dickens County",TX,us-tx-125,0.15004191114837
Nonmetropolitan,2023,"Dimmit County",TX,us-tx-127,0.25609284332689
Nonmetropolitan,2023,"Donley County",TX,us-tx-129,0.16463138851199
Nonmetropolitan,2023,"Duval County",TX,us-tx-131,0.26429226536227
Nonmetropolitan,2023,"Eastland County",TX,us-tx-133,0.15028332101503
Nonmetropolitan,2023,"Edwards County",TX,us-tx-137,0.21583514099783
Nonmetropolitan,2023,"Erath County",TX,us-tx-143,0.12939571150097
Nonmetropolitan,2023,"Fannin County",TX,us-tx-147,0.1323279195669
Nonmetropolitan,2023,"Fayette County",TX,us-tx-149,0.09746556473829
Nonmetropolitan,2023,"Fisher County",TX,us-tx-151,0.0968096809681
Nonmetropolitan,2023,"Floyd County",TX,us-tx-153,0.25418526785714
Nonmetropolitan,2023,"Foard County",TX,us-tx-155,0.18759231905465
Nonmetropolitan,2023,"Franklin County",TX,us-tx-159,0.09115389793995
Nonmetropolitan,2023,"Freestone County",TX,us-tx-161,0.13412709797733
Nonmetropolitan,2023,"Frio County",TX,us-tx-163,0.29421122403889
Nonmetropolitan,2023,"Gaines County",TX,us-tx-165,0.41733084619298
Nonmetropolitan,2023,"Gillespie County",TX,us-tx-171,0.10719205037387
Nonmetropolitan,2023,"Glasscock County",TX,us-tx-173,0.12435897435897
Nonmetropolitan,2023,"Gonzales County",TX,us-tx-177,0.23008305136881
Nonmetropolitan,2023,"Gray County",TX,us-tx-179,0.15241582310288
Nonmetropolitan,2023,"Grimes County",TX,us-tx-185,0.18051057344256
Nonmetropolitan,2023,"Hale County",TX,us-tx-189,0.2487983176447
Nonmetropolitan,2023,"Hall County",TX,us-tx-191,0.16699123661149
Nonmetropolitan,2023,"Hamilton County",TX,us-tx-193,0.11650983746792
Nonmetropolitan,2023,"Hansford County",TX,us-tx-195,0.25379609544469
Nonmetropolitan,2023,"Hardeman County",TX,us-tx-197,0.14302932904781
Nonmetropolitan,2023,"Hartley County",TX,us-tx-205,0.16925
Nonmetropolitan,2023,"Haskell County",TX,us-tx-207,0.16687995904786
Nonmetropolitan,2023,"Hemphill County",TX,us-tx-211,0.15482118605704
Nonmetropolitan,2023,"Henderson County",TX,us-tx-213,0.12478889414308
Nonmetropolitan,2023,"Hill County",TX,us-tx-217,0.13073275690322
Nonmetropolitan,2023,"Hood County",TX,us-tx-221,0.07740110573008
Nonmetropolitan,2023,"Hopkins County",TX,us-tx-223,0.1536539910385
Nonmetropolitan,2023,"Houston County",TX,us-tx-225,0.17333169774289
Nonmetropolitan,2023,"Howard County",TX,us-tx-227,0.18776083995958
Nonmetropolitan,2023,"Hutchinson County",TX,us-tx-233,0.14170584284755
Nonmetropolitan,2023,"Jack County",TX,us-tx-237,0.19751404733526
Nonmetropolitan,2023,"Jackson County",TX,us-tx-239,0.17019006982157
Nonmetropolitan,2023,"Jasper County",TX,us-tx-241,0.11661615496113
Nonmetropolitan,2023,"Jeff Davis County",TX,us-tx-243,0.13328581610834
Nonmetropolitan,2023,"Jim Hogg County",TX,us-tx-247,0.21238570241064
Nonmetropolitan,2023,"Jim Wells County",TX,us-tx-249,0.20794884248017
Nonmetropolitan,2023,"Karnes County",TX,us-tx-255,0.22827743902439
Nonmetropolitan,2023,"Kenedy County",TX,us-tx-261,0.53191489361702
Nonmetropolitan,2023,"Kent County",TX,us-tx-263,0.10088495575221
Nonmetropolitan,2023,"Kerr County",TX,us-tx-265,0.0968262093678
Nonmetropolitan,2023,"Kimble County",TX,us-tx-267,0.16869979172865
Nonmetropolitan,2023,"King County",TX,us-tx-269,0.2012987012987
Nonmetropolitan,2023,"Kinney County",TX,us-tx-271,0.11289690317523
Nonmetropolitan,2023,"Kleberg County",TX,us-tx-273,0.16172149565017
Nonmetropolitan,2023,"Knox County",TX,us-tx-275,0.14774696707106
Nonmetropolitan,2023,"La Salle County",TX,us-tx-283,0.36143238434164
Nonmetropolitan,2023,"Lamar County",TX,us-tx-277,0.11968898337168
Nonmetropolitan,2023,"Lamb County",TX,us-tx-279,0.22605363984674
Nonmetropolitan,2023,"Lavaca County",TX,us-tx-285,0.12873999157185
Nonmetropolitan,2023,"Lee County",TX,us-tx-287,0.16804189146303
Nonmetropolitan,2023,"Leon County",TX,us-tx-289,0.13685136323659
Nonmetropolitan,2023,"Limestone County",TX,us-tx-293,0.14446444644464
Nonmetropolitan,2023,"Lipscomb County",TX,us-tx-295,0.16504854368932
Nonmetropolitan,2023,"Live Oak County",TX,us-tx-297,0.23092634867235
Nonmetropolitan,2023,"Llano County",TX,us-tx-299,0.08078727543197
Nonmetropolitan,2023,"Loving County",TX,us-tx-301,0.05769230769231
Nonmetropolitan,2023,"Madison County",TX,us-tx-313,0.19796454366382
Nonmetropolitan,2023,"Marion County",TX,us-tx-315,0.13387824126268
Nonmetropolitan,2023,"Mason County",TX,us-tx-319,0.15749730312837
Nonmetropolitan,2023,"Matagorda County",TX,us-tx-321,0.17253696627347
Nonmetropolitan,2023,"Mcculloch County",TX,us-tx-307,0.17240096708202
Nonmetropolitan,2023,"Mcmullen County",TX,us-tx-311,0.11581920903955
Nonmetropolitan,2023,"Menard County",TX,us-tx-327,0.23246217331499
Nonmetropolitan,2023,"Milam County",TX,us-tx-331,0.13279008378285
Nonmetropolitan,2023,"Mills County",TX,us-tx-333,0.10521739130435
Nonmetropolitan,2023,"Mitchell County",TX,us-tx-335,0.16729663105998
Nonmetropolitan,2023,"Montague County",TX,us-tx-337,0.13124177574624
Nonmetropolitan,2023,"Moore County",TX,us-tx-341,0.29807079081633
Nonmetropolitan,2023,"Morris County",TX,us-tx-343,0.12940033988832
Nonmetropolitan,2023,"Motley County",TX,us-tx-345,0.14270724029381
Nonmetropolitan,2023,"Nacogdoches County",TX,us-tx-347,0.1484822111454
Nonmetropolitan,2023,"Navarro County",TX,us-tx-349,0.20649244111098
Nonmetropolitan,2023,"Newton County",TX,us-tx-351,0.15552786588129
Nonmetropolitan,2023,"Nolan County",TX,us-tx-353,0.16496243739566
Nonmetropolitan,2023,"Ochiltree County",TX,us-tx-357,0.19081153588196
Nonmetropolitan,2023,"Palo Pinto County",TX,us-tx-363,0.13857903728269
Nonmetropolitan,2023,"Panola County",TX,us-tx-365,0.14955992751747
Nonmetropolitan,2023,"Parmer County",TX,us-tx-369,0.27277147487844
Nonmetropolitan,2023,"Pecos County",TX,us-tx-371,0.20945146014207
Nonmetropolitan,2023,"Polk County",TX,us-tx-373,0.18214142494319
Nonmetropolitan,2023,"Presidio County",TX,us-tx-377,0.3394617639222
Nonmetropolitan,2023,"Rains County",TX,us-tx-379,0.10182823129252
Nonmetropolitan,2023,"Reagan County",TX,us-tx-383,0.10955841252096
Nonmetropolitan,2023,"Real County",TX,us-tx-385,0.13124034997427
Nonmetropolitan,2023,"Red River County",TX,us-tx-387,0.1293567251462
Nonmetropolitan,2023,"Reeves County",TX,us-tx-389,0.28740439770554
Nonmetropolitan,2023,"Refugio County",TX,us-tx-391,0.17354317311782
Nonmetropolitan,2023,"Roberts County",TX,us-tx-393,0.02490421455939
Nonmetropolitan,2023,"Runnels County",TX,us-tx-399,0.13791088385683
Nonmetropolitan,2023,"Sabine County",TX,us-tx-403,0.12651691195456
Nonmetropolitan,2023,"San Augustine County",TX,us-tx-405,0.18315461777932
Nonmetropolitan,2023,"San Saba County",TX,us-tx-411,0.15515564202335
Nonmetropolitan,2023,"Schleicher County",TX,us-tx-413,0.18963486454653
Nonmetropolitan,2023,"Scurry County",TX,us-tx-415,0.1481685486092
Nonmetropolitan,2023,"Shackelford County",TX,us-tx-417,0.07584014532243
Nonmetropolitan,2023,"Shelby County",TX,us-tx-419,0.17507625826131
Nonmetropolitan,2023,"Sherman County",TX,us-tx-421,0.21977329974811
Nonmetropolitan,2023,"Somervell County",TX,us-tx-425,0.08653987910954
Nonmetropolitan,2023,"Starr County",TX,us-tx-427,0.39926460574697
Nonmetropolitan,2023,"Stephens County",TX,us-tx-429,0.16674546887313
Nonmetropolitan,2023,"Sterling County",TX,us-tx-431,0.12071156289708
Nonmetropolitan,2023,"Stonewall County",TX,us-tx-433,0.15470297029703
Nonmetropolitan,2023,"Sutton County",TX,us-tx-435,0.19254079254079
Nonmetropolitan,2023,"Swisher County",TX,us-tx-437,0.19669569100246
Nonmetropolitan,2023,"Terrell County",TX,us-tx-443,0.05957446808511
Nonmetropolitan,2023,"Terry County",TX,us-tx-445,0.22255313388385
Nonmetropolitan,2023,"Throckmorton County",TX,us-tx-447,0.07299912049252
Nonmetropolitan,2023,"Titus County",TX,us-tx-449,0.22890273804659
Nonmetropolitan,2023,"Trinity County",TX,us-tx-455,0.11034278375976
Nonmetropolitan,2023,"Tyler County",TX,us-tx-457,0.16886669858423
Nonmetropolitan,2023,"Upton County",TX,us-tx-461,0.18516853932584
Nonmetropolitan,2023,"Uvalde County",TX,us-tx-463,0.21730719628579
Nonmetropolitan,2023,"Val Verde County",TX,us-tx-465,0.24930145917417
Nonmetropolitan,2023,"Van Zandt County",TX,us-tx-467,0.12686794754498
Nonmetropolitan,2023,"Walker County",TX,us-tx-471,0.15237222794763
Nonmetropolitan,2023,"Ward County",TX,us-tx-475,0.18958011515237
Nonmetropolitan,2023,"Washington County",TX,us-tx-477,0.09615775564139
Nonmetropolitan,2023,"Wharton County",TX,us-tx-481,0.16056276742331
Nonmetropolitan,2023,"Wheeler County",TX,us-tx-483,0.12366548042705
Nonmetropolitan,2023,"Wilbarger County",TX,us-tx-487,0.18708034267191
Nonmetropolitan,2023,"Willacy County",TX,us-tx-489,0.32268543584191
Nonmetropolitan,2023,"Winkler County",TX,us-tx-495,0.26165637641047
Nonmetropolitan,2023,"Wood County",TX,us-tx-499,0.1327645961077
Nonmetropolitan,2023,"Yoakum County",TX,us-tx-501,0.24266666666667
Nonmetropolitan,2023,"Young County",TX,us-tx-503,0.10618473895582
Nonmetropolitan,2023,"Zapata County",TX,us-tx-505,0.35939073514602
Nonmetropolitan,2023,"Zavala County",TX,us-tx-507,0.26621100595864
Nonmetropolitan,2023,"Beaver County",UT,us-ut-001,0.06580440208759
Nonmetropolitan,2023,"Box Elder County",UT,us-ut-003,0.07421036491874
Nonmetropolitan,2023,"Carbon County",UT,us-ut-007,0.08194517068798
Nonmetropolitan,2023,"Daggett County",UT,us-ut-009,0.08644400785855
Nonmetropolitan,2023,"Duchesne County",UT,us-ut-013,0.09370535339104
Nonmetropolitan,2023,"Emery County",UT,us-ut-015,0.06825670798682
Nonmetropolitan,2023,"Garfield County",UT,us-ut-017,0.04921579232017
Nonmetropolitan,2023,"Grand County",UT,us-ut-019,0.05742459396752
Nonmetropolitan,2023,"Iron County",UT,us-ut-021,0.06832261663584
Nonmetropolitan,2023,"Kane County",UT,us-ut-025,0.05269565217391
Nonmetropolitan,2023,"Millard County",UT,us-ut-027,0.08685268979387
Nonmetropolitan,2023,"Piute County",UT,us-ut-031,0.14371772805508
Nonmetropolitan,2023,"Rich County",UT,us-ut-033,0.04494382022472
Nonmetropolitan,2023,"San Juan County",UT,us-ut-037,0.12272829257348
Nonmetropolitan,2023,"Sanpete County",UT,us-ut-039,0.09250281848929
Nonmetropolitan,2023,"Sevier County",UT,us-ut-041,0.07319370968911
Nonmetropolitan,2023,"Summit County",UT,us-ut-043,0.04987754820462
Nonmetropolitan,2023,"Uintah County",UT,us-ut-047,0.10658234859675
Nonmetropolitan,2023,"Wasatch County",UT,us-ut-051,0.04352552198922
Nonmetropolitan,2023,"Wayne County",UT,us-ut-055,0.04309392265193
Nonmetropolitan,2023,"Accomack County",VA,us-va-001,0.17229923714215
Nonmetropolitan,2023,"Alleghany County",VA,us-va-005,0.09930861093652
Nonmetropolitan,2023,"Bath County",VA,us-va-017,0.15710253998119
Nonmetropolitan,2023,"Bland County",VA,us-va-021,0.08848146671981
Nonmetropolitan,2023,"Brunswick County",VA,us-va-025,0.20588724430401
Nonmetropolitan,2023,"Buchanan County",VA,us-va-027,0.22483022351157
Nonmetropolitan,2023,"Buckingham County",VA,us-va-029,0.15269037130271
Nonmetropolitan,2023,"Buena Vista City",VA,us-va-530,0.16642228739003
Nonmetropolitan,2023,"Caroline County",VA,us-va-033,0.1066929314215
Nonmetropolitan,2023,"Carroll County",VA,us-va-035,0.14741144414169
Nonmetropolitan,2023,"Charlotte County",VA,us-va-037,0.18575851393189
Nonmetropolitan,2023,"Covington City",VA,us-va-580,0.12947946638765
Nonmetropolitan,2023,"Cumberland County",VA,us-va-049,0.11403869905311
Nonmetropolitan,2023,"Danville City",VA,us-va-590,0.14983067081723
Nonmetropolitan,2023,"Dickenson County",VA,us-va-051,0.18395360077332
Nonmetropolitan,2023,"Emporia City",VA,us-va-595,0.24265715069997
Nonmetropolitan,2023,"Essex County",VA,us-va-057,0.14257989390607
Nonmetropolitan,2023,"Franklin City",VA,us-va-620,0.15336435218325
Nonmetropolitan,2023,"Galax City",VA,us-va-640,0.16965486329
Nonmetropolitan,2023,"Grayson County",VA,us-va-077,0.15735130983872
Nonmetropolitan,2023,"Greensville County",VA,us-va-081,0.20882971268395
Nonmetropolitan,2023,"Halifax County",VA,us-va-083,0.18380405102498
Nonmetropolitan,2023,"Henry County",VA,us-va-089,0.16770639228713
Nonmetropolitan,2023,"Highland County",VA,us-va-091,0.1073512252042
Nonmetropolitan,2023,"King George County",VA,us-va-099,0.08880706124438
Nonmetropolitan,2023,"Lancaster County",VA,us-va-103,0.1304347826087
Nonmetropolitan,2023,"Lee County",VA,us-va-105,0.17682486147916
Nonmetropolitan,2023,"Lexington City",VA,us-va-678,0.04121808674254
Nonmetropolitan,2023,"Louisa County",VA,us-va-109,0.10775575827479
Nonmetropolitan,2023,"Lunenburg County",VA,us-va-111,0.19966254218223
Nonmetropolitan,2023,"Madison County",VA,us-va-113,0.11273157272369
Nonmetropolitan,2023,"Martinsville City",VA,us-va-690,0.13921591038976
Nonmetropolitan,2023,"Mecklenburg County",VA,us-va-117,0.14012543309504
Nonmetropolitan,2023,"Middlesex County",VA,us-va-119,0.08728384895895
Nonmetropolitan,2023,"Northampton County",VA,us-va-131,0.13185364245687
Nonmetropolitan,2023,"Northumberland County",VA,us-va-133,0.09606066989678
Nonmetropolitan,2023,"Norton City",VA,us-va-720,0.07647740440324
Nonmetropolitan,2023,"Nottoway County",VA,us-va-135,0.14244083362769
Nonmetropolitan,2023,"Orange County",VA,us-va-137,0.08700201808805
Nonmetropolitan,2023,"Page County",VA,us-va-139,0.16101402621292
Nonmetropolitan,2023,"Patrick County",VA,us-va-141,0.15594257815346
Nonmetropolitan,2023,"Pittsylvania County",VA,us-va-143,0.14240217367097
Nonmetropolitan,2023,"Prince Edward County",VA,us-va-147,0.12012383900929
Nonmetropolitan,2023,"Richmond County",VA,us-va-159,0.2293095898409
Nonmetropolitan,2023,"Rockbridge County",VA,us-va-163,0.09051876249853
Nonmetropolitan,2023,"Russell County",VA,us-va-167,0.16638637796931
Nonmetropolitan,2023,"Shenandoah County",VA,us-va-171,0.10957309591972
Nonmetropolitan,2023,"Smyth County",VA,us-va-173,0.13892728780758
Nonmetropolitan,2023,"Southampton County",VA,us-va-175,0.13308270676692
Nonmetropolitan,2023,"Tazewell County",VA,us-va-185,0.1268326417704
Nonmetropolitan,2023,"Westmoreland County",VA,us-va-193,0.15856326300191
Nonmetropolitan,2023,"Wise County",VA,us-va-195,0.1967562127429
Nonmetropolitan,2023,"Wythe County",VA,us-va-197,0.10404707925329
Nonmetropolitan,2023,"Addison County",VT,us-vt-001,0.04900541117293
Nonmetropolitan,2023,"Bennington County",VT,us-vt-003,0.05853966368462
Nonmetropolitan,2023,"Caledonia County",VT,us-vt-005,0.06339680534248
Nonmetropolitan,2023,"Essex County",VT,us-vt-009,0.11489455184534
Nonmetropolitan,2023,"Lamoille County",VT,us-vt-015,0.06472318801819
Nonmetropolitan,2023,"Orange County",VT,us-vt-017,0.05257914043748
Nonmetropolitan,2023,"Orleans County",VT,us-vt-019,0.08117880138683
Nonmetropolitan,2023,"Rutland County",VT,us-vt-021,0.06271081129061
Nonmetropolitan,2023,"Washington County",VT,us-vt-023,0.0426990344325
Nonmetropolitan,2023,"Windham County",VT,us-vt-025,0.05182801988886
Nonmetropolitan,2023,"Windsor County",VT,us-vt-027,0.05103668261563
Nonmetropolitan,2023,"Adams County",WA,us-wa-001,0.30065301800212
Nonmetropolitan,2023,"Clallam County",WA,us-wa-009,0.07009345794393
Nonmetropolitan,2023,"Columbia County",WA,us-wa-013,0.11075234097514
Nonmetropolitan,2023,"Ferry County",WA,us-wa-019,0.07858025781388
Nonmetropolitan,2023,"Garfield County",WA,us-wa-023,0.07134703196347
Nonmetropolitan,2023,"Grant County",WA,us-wa-025,0.18583942312346
Nonmetropolitan,2023,"Grays Harbor County",WA,us-wa-027,0.09658756093641
Nonmetropolitan,2023,"Island County",WA,us-wa-029,0.0411588224264
Nonmetropolitan,2023,"Jefferson County",WA,us-wa-031,0.03913721045548
Nonmetropolitan,2023,"Kittitas County",WA,us-wa-037,0.0694083891242
Nonmetropolitan,2023,"Klickitat County",WA,us-wa-039,0.1006715261436
Nonmetropolitan,2023,"Lewis County",WA,us-wa-041,0.09635355795238
Nonmetropolitan,2023,"Lincoln County",WA,us-wa-043,0.07621762300161
Nonmetropolitan,2023,"Mason County",WA,us-wa-045,0.08890961058969
Nonmetropolitan,2023,"Okanogan County",WA,us-wa-047,0.14297844546048
Nonmetropolitan,2023,"Pacific County",WA,us-wa-049,0.09081253319172
Nonmetropolitan,2023,"Pend Oreille County",WA,us-wa-051,0.0568069551472
Nonmetropolitan,2023,"San Juan County",WA,us-wa-055,0.04451215473273
Nonmetropolitan,2023,"Wahkiakum County",WA,us-wa-069,0.07185800171772
Nonmetropolitan,2023,"Whitman County",WA,us-wa-075,0.03929055302377
Nonmetropolitan,2023,"Adams County",WI,us-wi-001,0.11017900395817
Nonmetropolitan,2023,"Ashland County",WI,us-wi-003,0.04815509693558
Nonmetropolitan,2023,"Barron County",WI,us-wi-005,0.08272637352756
Nonmetropolitan,2023,"Bayfield County",WI,us-wi-007,0.03832016892156
Nonmetropolitan,2023,"Buffalo County",WI,us-wi-011,0.08013116097961
Nonmetropolitan,2023,"Burnett County",WI,us-wi-013,0.07214535502509
Nonmetropolitan,2023,"Clark County",WI,us-wi-019,0.17454866106651
Nonmetropolitan,2023,"Crawford County",WI,us-wi-023,0.07606396480244
Nonmetropolitan,2023,"Dodge County",WI,us-wi-027,0.07549016561539
Nonmetropolitan,2023,"Door County",WI,us-wi-029,0.03406213067702
Nonmetropolitan,2023,"Dunn County",WI,us-wi-033,0.05551031967997
Nonmetropolitan,2023,"Florence County",WI,us-wi-037,0.08471806047399
Nonmetropolitan,2023,"Forest County",WI,us-wi-041,0.09271137026239
Nonmetropolitan,2023,"Grant County",WI,us-wi-043,0.07114782288276
Nonmetropolitan,2023,"Green Lake County",WI,us-wi-047,0.08489801929166
Nonmetropolitan,2023,"Iron County",WI,us-wi-051,0.04630004043672
Nonmetropolitan,2023,"Jackson County",WI,us-wi-053,0.07558760683761
Nonmetropolitan,2023,"Jefferson County",WI,us-wi-055,0.07116475841923
Nonmetropolitan,2023,"Juneau County",WI,us-wi-057,0.10333147970275
Nonmetropolitan,2023,"Lafayette County",WI,us-wi-065,0.09024411738786
Nonmetropolitan,2023,"Langlade County",WI,us-wi-067,0.10215427380125
Nonmetropolitan,2023,"Lincoln County",WI,us-wi-069,0.07536285820618
Nonmetropolitan,2023,"Manitowoc County",WI,us-wi-071,0.07652558218596
Nonmetropolitan,2023,"Marinette County",WI,us-wi-075,0.06860208872281
Nonmetropolitan,2023,"Marquette County",WI,us-wi-077,0.08098740383803
Nonmetropolitan,2023,"Menominee County",WI,us-wi-078,0.04719645018152
Nonmetropolitan,2023,"Monroe County",WI,us-wi-081,0.0915445538205
Nonmetropolitan,2023,"Oneida County",WI,us-wi-085,0.04266112832386
Nonmetropolitan,2023,"Pepin County",WI,us-wi-091,0.04832924296772
Nonmetropolitan,2023,"Polk County",WI,us-wi-095,0.0639706324848
Nonmetropolitan,2023,"Portage County",WI,us-wi-097,0.05180424681923
Nonmetropolitan,2023,"Price County",WI,us-wi-099,0.06663573085847
Nonmetropolitan,2023,"Richland County",WI,us-wi-103,0.07912676513553
Nonmetropolitan,2023,"Rusk County",WI,us-wi-107,0.07684918347743
Nonmetropolitan,2023,"Sauk County",WI,us-wi-111,0.06640582780312
Nonmetropolitan,2023,"Sawyer County",WI,us-wi-113,0.07123267898383
Nonmetropolitan,2023,"Shawano County",WI,us-wi-115,0.07060900264784
Nonmetropolitan,2023,"Taylor County",WI,us-wi-119,0.098482679645
Nonmetropolitan,2023,"Trempealeau County",WI,us-wi-121,0.08388359011983
Nonmetropolitan,2023,"Vilas County",WI,us-wi-125,0.0386515390044
Nonmetropolitan,2023,"Walworth County",WI,us-wi-127,0.07485173005031
Nonmetropolitan,2023,"Washburn County",WI,us-wi-129,0.06261814744802
Nonmetropolitan,2023,"Waupaca County",WI,us-wi-135,0.07966479261695
Nonmetropolitan,2023,"Waushara County",WI,us-wi-137,0.0990919228931
Nonmetropolitan,2023,"Wood County",WI,us-wi-141,0.06502237918075
Nonmetropolitan,2023,"Barbour County",WV,us-wv-001,0.11418520631299
Nonmetropolitan,2023,"Braxton County",WV,us-wv-007,0.16321215409658
Nonmetropolitan,2023,"Calhoun County",WV,us-wv-013,0.14146658014276
Nonmetropolitan,2023,"Doddridge County",WV,us-wv-017,0.17477229764564
Nonmetropolitan,2023,"Gilmer County",WV,us-wv-021,0.18525449101796
Nonmetropolitan,2023,"Grant County",WV,us-wv-023,0.09606609939573
Nonmetropolitan,2023,"Greenbrier County",WV,us-wv-025,0.12703273058303
Nonmetropolitan,2023,"Hardy County",WV,us-wv-031,0.13424452349747
Nonmetropolitan,2023,"Harrison County",WV,us-wv-033,0.11199468427145
Nonmetropolitan,2023,"Jackson County",WV,us-wv-035,0.10607361033978
Nonmetropolitan,2023,"Lewis County",WV,us-wv-041,0.11642463695543
Nonmetropolitan,2023,"Lincoln County",WV,us-wv-043,0.18183086798772
Nonmetropolitan,2023,"Logan County",WV,us-wv-045,0.17353210409311
Nonmetropolitan,2023,"Marion County",WV,us-wv-049,0.07770374961264
Nonmetropolitan,2023,"Mason County",WV,us-wv-053,0.1289846355733
Nonmetropolitan,2023,"Mcdowell County",WV,us-wv-047,0.24099082833827
Nonmetropolitan,2023,"Mercer County",WV,us-wv-055,0.13394223412395
Nonmetropolitan,2023,"Mineral County",WV,us-wv-057,0.06692268305172
Nonmetropolitan,2023,"Mingo County",WV,us-wv-059,0.23545314900154
Nonmetropolitan,2023,"Monroe County",WV,us-wv-063,0.12149739727545
Nonmetropolitan,2023,"Nicholas County",WV,us-wv-067,0.11970102632753
Nonmetropolitan,2023,"Pendleton County",WV,us-wv-071,0.12848059636045
Nonmetropolitan,2023,"Pleasants County",WV,us-wv-073,0.11866569449508
Nonmetropolitan,2023,"Pocahontas County",WV,us-wv-075,0.16161279573476
Nonmetropolitan,2023,"Randolph County",WV,us-wv-083,0.1222799451088
Nonmetropolitan,2023,"Ritchie County",WV,us-wv-085,0.15652735194449
Nonmetropolitan,2023,"Roane County",WV,us-wv-087,0.17079944455465
Nonmetropolitan,2023,"Summers County",WV,us-wv-089,0.17068186706819
Nonmetropolitan,2023,"Taylor County",WV,us-wv-091,0.13647990758313
Nonmetropolitan,2023,"Tucker County",WV,us-wv-093,0.11104868913858
Nonmetropolitan,2023,"Tyler County",WV,us-wv-095,0.0841878928217
Nonmetropolitan,2023,"Upshur County",WV,us-wv-097,0.11568531639384
Nonmetropolitan,2023,"Webster County",WV,us-wv-101,0.19880814434696
Nonmetropolitan,2023,"Wetzel County",WV,us-wv-103,0.10087676091026
Nonmetropolitan,2023,"Wyoming County",WV,us-wv-109,0.21963722397476
Nonmetropolitan,2023,"Albany County",WY,us-wy-001,0.03054256314312
Nonmetropolitan,2023,"Big Horn County",WY,us-wy-003,0.11969734557182
Nonmetropolitan,2023,"Campbell County",WY,us-wy-005,0.08120920868916
Nonmetropolitan,2023,"Carbon County",WY,us-wy-007,0.08770894788594
Nonmetropolitan,2023,"Converse County",WY,us-wy-009,0.06253289819981
Nonmetropolitan,2023,"Crook County",WY,us-wy-011,0.05147778430221
Nonmetropolitan,2023,"Fremont County",WY,us-wy-013,0.06470100294095
Nonmetropolitan,2023,"Goshen County",WY,us-wy-015,0.07020471740098
Nonmetropolitan,2023,"Hot Springs County",WY,us-wy-017,0.05558894230769
Nonmetropolitan,2023,"Johnson County",WY,us-wy-019,0.05409263959391
Nonmetropolitan,2023,"Lincoln County",WY,us-wy-023,0.05356880058867
Nonmetropolitan,2023,"Niobrara County",WY,us-wy-027,0.05848563968668
Nonmetropolitan,2023,"Park County",WY,us-wy-029,0.04189544594657
Nonmetropolitan,2023,"Platte County",WY,us-wy-031,0.08438690022848
Nonmetropolitan,2023,"Sheridan County",WY,us-wy-033,0.03660171612442
Nonmetropolitan,2023,"Sublette County",WY,us-wy-035,0.03761656393235
Nonmetropolitan,2023,"Sweetwater County",WY,us-wy-037,0.07468834688347
Nonmetropolitan,2023,"Teton County",WY,us-wy-039,0.02840434419382
Nonmetropolitan,2023,"Uinta County",WY,us-wy-041,0.05393291999701
Nonmetropolitan,2023,"Washakie County",WY,us-wy-043,0.08580258134885
Nonmetropolitan,2023,"Weston County",WY,us-wy-045,0.08399209486166
